{
  "main": {
    "sv": {
      "identity": {
        "version": {
          "_number": "$Revision: 13705 $",
          "_cldrVersion": "32.0.1"
        },
        "language": "sv"
      },
      "dates": {
        "calendars": {
          "gregorian": {
            "months": {
              "format": {
                "abbreviated": {
                  "1": "jan.",
                  "2": "feb.",
                  "3": "mars",
                  "4": "apr.",
                  "5": "maj",
                  "6": "juni",
                  "7": "juli",
                  "8": "aug.",
                  "9": "sep.",
                  "10": "okt.",
                  "11": "nov.",
                  "12": "dec."
                },
                "narrow": {
                  "1": "J",
                  "2": "F",
                  "3": "M",
                  "4": "A",
                  "5": "M",
                  "6": "J",
                  "7": "J",
                  "8": "A",
                  "9": "S",
                  "10": "O",
                  "11": "N",
                  "12": "D"
                },
                "wide": {
                  "1": "januari",
                  "2": "februari",
                  "3": "mars",
                  "4": "april",
                  "5": "maj",
                  "6": "juni",
                  "7": "juli",
                  "8": "augusti",
                  "9": "september",
                  "10": "oktober",
                  "11": "november",
                  "12": "december"
                }
              },
              "stand-alone": {
                "abbreviated": {
                  "1": "jan.",
                  "2": "feb.",
                  "3": "mars",
                  "4": "apr.",
                  "5": "maj",
                  "6": "juni",
                  "7": "juli",
                  "8": "aug.",
                  "9": "sep.",
                  "10": "okt.",
                  "11": "nov.",
                  "12": "dec."
                },
                "narrow": {
                  "1": "J",
                  "2": "F",
                  "3": "M",
                  "4": "A",
                  "5": "M",
                  "6": "J",
                  "7": "J",
                  "8": "A",
                  "9": "S",
                  "10": "O",
                  "11": "N",
                  "12": "D"
                },
                "wide": {
                  "1": "januari",
                  "2": "februari",
                  "3": "mars",
                  "4": "april",
                  "5": "maj",
                  "6": "juni",
                  "7": "juli",
                  "8": "augusti",
                  "9": "september",
                  "10": "oktober",
                  "11": "november",
                  "12": "december"
                }
              }
            },
            "days": {
              "format": {
                "abbreviated": {
                  "sun": "sön",
                  "mon": "mån",
                  "tue": "tis",
                  "wed": "ons",
                  "thu": "tors",
                  "fri": "fre",
                  "sat": "lör"
                },
                "narrow": {
                  "sun": "S",
                  "mon": "M",
                  "tue": "T",
                  "wed": "O",
                  "thu": "T",
                  "fri": "F",
                  "sat": "L"
                },
                "short": {
                  "sun": "sö",
                  "mon": "må",
                  "tue": "ti",
                  "wed": "on",
                  "thu": "to",
                  "fri": "fr",
                  "sat": "lö"
                },
                "wide": {
                  "sun": "söndag",
                  "mon": "måndag",
                  "tue": "tisdag",
                  "wed": "onsdag",
                  "thu": "torsdag",
                  "fri": "fredag",
                  "sat": "lördag"
                }
              },
              "stand-alone": {
                "abbreviated": {
                  "sun": "sön",
                  "mon": "mån",
                  "tue": "tis",
                  "wed": "ons",
                  "thu": "tors",
                  "fri": "fre",
                  "sat": "lör"
                },
                "narrow": {
                  "sun": "S",
                  "mon": "M",
                  "tue": "T",
                  "wed": "O",
                  "thu": "T",
                  "fri": "F",
                  "sat": "L"
                },
                "short": {
                  "sun": "sö",
                  "mon": "må",
                  "tue": "ti",
                  "wed": "on",
                  "thu": "to",
                  "fri": "fr",
                  "sat": "lö"
                },
                "wide": {
                  "sun": "söndag",
                  "mon": "måndag",
                  "tue": "tisdag",
                  "wed": "onsdag",
                  "thu": "torsdag",
                  "fri": "fredag",
                  "sat": "lördag"
                }
              }
            },
            "quarters": {
              "format": {
                "abbreviated": {
                  "1": "K1",
                  "2": "K2",
                  "3": "K3",
                  "4": "K4"
                },
                "narrow": {
                  "1": "1",
                  "2": "2",
                  "3": "3",
                  "4": "4"
                },
                "wide": {
                  "1": "1:a kvartalet",
                  "2": "2:a kvartalet",
                  "3": "3:e kvartalet",
                  "4": "4:e kvartalet"
                }
              },
              "stand-alone": {
                "abbreviated": {
                  "1": "K1",
                  "2": "K2",
                  "3": "K3",
                  "4": "K4"
                },
                "narrow": {
                  "1": "1",
                  "2": "2",
                  "3": "3",
                  "4": "4"
                },
                "wide": {
                  "1": "1:a kvartalet",
                  "2": "2:a kvartalet",
                  "3": "3:e kvartalet",
                  "4": "4:e kvartalet"
                }
              }
            },
            "dayPeriods": {
              "format": {
                "abbreviated": {
                  "midnight": "midnatt",
                  "am": "fm",
                  "pm": "em",
                  "morning1": "på morg.",
                  "morning2": "på förm.",
                  "afternoon1": "på efterm.",
                  "evening1": "på kvällen",
                  "night1": "på natten"
                },
                "narrow": {
                  "midnight": "midn.",
                  "am": "fm",
                  "pm": "em",
                  "morning1": "på morg.",
                  "morning2": "på förm.",
                  "afternoon1": "på efterm.",
                  "evening1": "på kvällen",
                  "night1": "på natten"
                },
                "wide": {
                  "midnight": "midnatt",
                  "am": "fm",
                  "pm": "em",
                  "morning1": "på morgonen",
                  "morning2": "på förmiddagen",
                  "afternoon1": "på eftermiddagen",
                  "evening1": "på kvällen",
                  "night1": "på natten"
                }
              },
              "stand-alone": {
                "abbreviated": {
                  "midnight": "midnatt",
                  "am": "f.m.",
                  "pm": "e.m.",
                  "morning1": "morgon",
                  "morning2": "förm.",
                  "afternoon1": "efterm.",
                  "evening1": "kväll",
                  "night1": "natt"
                },
                "narrow": {
                  "midnight": "midn.",
                  "am": "fm",
                  "pm": "em",
                  "morning1": "morg.",
                  "morning2": "förm.",
                  "afternoon1": "efterm.",
                  "evening1": "kväll",
                  "night1": "natt"
                },
                "wide": {
                  "midnight": "midnatt",
                  "am": "förmiddag",
                  "pm": "eftermiddag",
                  "morning1": "morgon",
                  "morning2": "förmiddag",
                  "afternoon1": "eftermiddag",
                  "evening1": "kväll",
                  "night1": "natt"
                }
              }
            },
            "eras": {
              "eraNames": {
                "0": "före Kristus",
                "0-alt-variant": "före västerländsk tideräkning",
                "1": "efter Kristus",
                "1-alt-variant": "västerländsk tideräkning"
              },
              "eraAbbr": {
                "0": "f.Kr.",
                "0-alt-variant": "f.v.t.",
                "1": "e.Kr.",
                "1-alt-variant": "v.t."
              },
              "eraNarrow": {
                "0": "f.Kr.",
                "0-alt-variant": "f.v.t.",
                "1": "e.Kr.",
                "1-alt-variant": "v.t."
              }
            },
            "dateFormats": {
              "full": "EEEE d MMMM y",
              "long": "d MMMM y",
              "medium": "d MMM y",
              "short": "y-MM-dd"
            },
            "timeFormats": {
              "full": "'kl'. HH:mm:ss zzzz",
              "full-alt-variant": "'kl'. HH.mm.ss zzzz",
              "long": "HH:mm:ss z",
              "long-alt-variant": "HH.mm.ss z",
              "medium": "HH:mm:ss",
              "medium-alt-variant": "HH.mm.ss",
              "short": "HH:mm",
              "short-alt-variant": "HH.mm"
            },
            "dateTimeFormats": {
              "full": "{1} {0}",
              "long": "{1} {0}",
              "medium": "{1} {0}",
              "short": "{1} {0}",
              "availableFormats": {
                "Bh": "h B",
                "Bhm": "h:mm B",
                "Bhms": "h:mm:ss B",
                "d": "d",
                "E": "ccc",
                "EBhm": "E h:mm B",
                "EBhms": "E h:mm:ss B",
                "Ed": "E d",
                "Ehm": "E h:mm a",
                "EHm": "E HH:mm",
                "Ehms": "E h:mm:ss a",
                "EHms": "E HH:mm:ss",
                "Gy": "y G",
                "GyMMM": "MMM y G",
                "GyMMMd": "d MMM y G",
                "GyMMMEd": "E d MMM y G",
                "h": "h a",
                "H": "HH",
                "hm": "h:mm a",
                "Hm": "HH:mm",
                "hms": "h:mm:ss a",
                "Hms": "HH:mm:ss",
                "hmsv": "h:mm:ss a v",
                "Hmsv": "HH:mm:ss v",
                "hmv": "h:mm a v",
                "Hmv": "HH:mm v",
                "M": "L",
                "Md": "d/M",
                "MEd": "E d/M",
                "MMd": "d/M",
                "MMdd": "dd/MM",
                "MMM": "LLL",
                "MMMd": "d MMM",
                "MMMEd": "E d MMM",
                "MMMMd": "d MMMM",
                "MMMMEd": "E d MMMM",
                "MMMMW-count-one": "'vecka' W 'i' MMM",
                "MMMMW-count-other": "'vecka' W 'i' MMM",
                "ms": "mm:ss",
                "y": "y",
                "yM": "y-MM",
                "yMd": "y-MM-dd",
                "yMEd": "E, y-MM-dd",
                "yMM": "y-MM",
                "yMMM": "MMM y",
                "yMMMd": "d MMM y",
                "yMMMEd": "E d MMM y",
                "yMMMM": "MMMM y",
                "yQQQ": "QQQ y",
                "yQQQQ": "QQQQ y",
                "yw-count-one": "'vecka' w, Y",
                "yw-count-other": "'vecka' w, Y"
              },
              "appendItems": {
                "Day": "{0} ({2}: {1})",
                "Day-Of-Week": "{0} {1}",
                "Era": "{1} {0}",
                "Hour": "{0} ({2}: {1})",
                "Minute": "{0} ({2}: {1})",
                "Month": "{0} ({2}: {1})",
                "Quarter": "{0} ({2}: {1})",
                "Second": "{0} ({2}: {1})",
                "Timezone": "{0} {1}",
                "Week": "{0} ({2}: {1})",
                "Year": "{1} {0}"
              },
              "intervalFormats": {
                "intervalFormatFallback": "{0} – {1}",
                "d": {
                  "d": "d–d"
                },
                "h": {
                  "a": "h a – h a",
                  "h": "h–h a"
                },
                "H": {
                  "H": "HH–HH"
                },
                "hm": {
                  "a": "h:mm a – h:mm a",
                  "h": "h:mm–h:mm a",
                  "m": "h:mm–h:mm a"
                },
                "Hm": {
                  "H": "HH:mm–HH:mm",
                  "m": "HH:mm–HH:mm"
                },
                "hmv": {
                  "a": "h:mm a – h:mm a v",
                  "h": "h:mm–h:mm a v",
                  "m": "h:mm–h:mm a v"
                },
                "Hmv": {
                  "H": "HH:mm–HH:mm v",
                  "m": "HH:mm–HH:mm v"
                },
                "hv": {
                  "a": "h a – h a v",
                  "h": "h–h a v"
                },
                "Hv": {
                  "H": "HH–HH v"
                },
                "M": {
                  "M": "M–M"
                },
                "Md": {
                  "d": "d–d/M",
                  "M": "d/M–d/M"
                },
                "MEd": {
                  "d": "E d/M – E d/M",
                  "M": "E d/M – E d/M"
                },
                "MMM": {
                  "M": "MMM–MMM"
                },
                "MMMd": {
                  "d": "d–d MMM",
                  "M": "d MMM – d MMM"
                },
                "MMMEd": {
                  "d": "E d – E d MMM",
                  "M": "E d MMM – E d MMM"
                },
                "y": {
                  "y": "y–y"
                },
                "yM": {
                  "M": "y-MM – MM",
                  "y": "y-MM – y-MM"
                },
                "yMd": {
                  "d": "y-MM-dd – dd",
                  "M": "y-MM-dd – MM-dd",
                  "y": "y-MM-dd – y-MM-dd"
                },
                "yMEd": {
                  "d": "E, y-MM-dd – E, y-MM-dd",
                  "M": "E, y-MM-dd – E, y-MM-dd",
                  "y": "E, y-MM-dd – E, y-MM-dd"
                },
                "yMMM": {
                  "M": "MMM–MMM y",
                  "y": "MMM y – MMM y"
                },
                "yMMMd": {
                  "d": "d–d MMM y",
                  "M": "d MMM–d MMM y",
                  "y": "d MMM y–d MMM y"
                },
                "yMMMEd": {
                  "d": "E dd MMM–E dd MMM y",
                  "M": "E dd MMM–E dd MMM y",
                  "y": "E dd MMM y–E dd MMM y"
                },
                "yMMMM": {
                  "M": "MMMM–MMMM y",
                  "y": "MMMM y – MMMM y"
                }
              }
            }
          }
        }
      }
    }
  }
}
