{
  "main": {
    "sv": {
      "identity": {
        "version": {
          "_number": "$Revision: 13705 $",
          "_cldrVersion": "32.0.1"
        },
        "language": "sv"
      },
      "dates": {
        "fields": {
          "era": {
            "displayName": "era"
          },
          "era-short": {
            "displayName": "era"
          },
          "era-narrow": {
            "displayName": "era"
          },
          "year": {
            "displayName": "år",
            "relative-type--1": "i fjol",
            "relative-type-0": "i år",
            "relative-type-1": "nästa år",
            "relativeTime-type-future": {
              "relativeTimePattern-count-one": "om {0} år",
              "relativeTimePattern-count-other": "om {0} år"
            },
            "relativeTime-type-past": {
              "relativeTimePattern-count-one": "för {0} år sedan",
              "relativeTimePattern-count-other": "för {0} år sedan"
            }
          },
          "year-short": {
            "displayName": "år",
            "relative-type--1": "i fjol",
            "relative-type-0": "i år",
            "relative-type-1": "nästa år",
            "relativeTime-type-future": {
              "relativeTimePattern-count-one": "om {0} år",
              "relativeTimePattern-count-other": "om {0} år"
            },
            "relativeTime-type-past": {
              "relativeTimePattern-count-one": "för {0} år sen",
              "relativeTimePattern-count-other": "för {0} år sen"
            }
          },
          "year-narrow": {
            "displayName": "år",
            "relative-type--1": "i fjol",
            "relative-type-0": "i år",
            "relative-type-1": "nästa år",
            "relativeTime-type-future": {
              "relativeTimePattern-count-one": "+{0} år",
              "relativeTimePattern-count-other": "+{0} år"
            },
            "relativeTime-type-past": {
              "relativeTimePattern-count-one": "−{0} år",
              "relativeTimePattern-count-other": "−{0} år"
            }
          },
          "quarter": {
            "displayName": "kvartal",
            "relative-type--1": "förra kvartalet",
            "relative-type-0": "detta kvartal",
            "relative-type-1": "nästa kvartal",
            "relativeTime-type-future": {
              "relativeTimePattern-count-one": "om {0} kvartal",
              "relativeTimePattern-count-other": "om {0} kvartal"
            },
            "relativeTime-type-past": {
              "relativeTimePattern-count-one": "för {0} kvartal sedan",
              "relativeTimePattern-count-other": "för {0} kvartal sedan"
            }
          },
          "quarter-short": {
            "displayName": "kv.",
            "relative-type--1": "förra kv.",
            "relative-type-0": "detta kv.",
            "relative-type-1": "nästa kv.",
            "relativeTime-type-future": {
              "relativeTimePattern-count-one": "om {0} kv.",
              "relativeTimePattern-count-other": "om {0} kv."
            },
            "relativeTime-type-past": {
              "relativeTimePattern-count-one": "för {0} kv. sen",
              "relativeTimePattern-count-other": "för {0} kv. sen"
            }
          },
          "quarter-narrow": {
            "displayName": "kv.",
            "relative-type--1": "förra kv.",
            "relative-type-0": "detta kv.",
            "relative-type-1": "nästa kv.",
            "relativeTime-type-future": {
              "relativeTimePattern-count-one": "+{0} kv.",
              "relativeTimePattern-count-other": "+{0} kv."
            },
            "relativeTime-type-past": {
              "relativeTimePattern-count-one": "−{0} kv",
              "relativeTimePattern-count-other": "−{0} kv"
            }
          },
          "month": {
            "displayName": "månad",
            "relative-type--1": "förra månaden",
            "relative-type-0": "denna månad",
            "relative-type-1": "nästa månad",
            "relativeTime-type-future": {
              "relativeTimePattern-count-one": "om {0} månad",
              "relativeTimePattern-count-other": "om {0} månader"
            },
            "relativeTime-type-past": {
              "relativeTimePattern-count-one": "för {0} månad sedan",
              "relativeTimePattern-count-other": "för {0} månader sedan"
            }
          },
          "month-short": {
            "displayName": "m",
            "relative-type--1": "förra mån.",
            "relative-type-0": "denna mån.",
            "relative-type-1": "nästa mån.",
            "relativeTime-type-future": {
              "relativeTimePattern-count-one": "om {0} mån.",
              "relativeTimePattern-count-other": "om {0} mån."
            },
            "relativeTime-type-past": {
              "relativeTimePattern-count-one": "för {0} mån. sen",
              "relativeTimePattern-count-other": "för {0} mån. sen"
            }
          },
          "month-narrow": {
            "displayName": "mån",
            "relative-type--1": "förra mån.",
            "relative-type-0": "denna mån.",
            "relative-type-1": "nästa mån.",
            "relativeTime-type-future": {
              "relativeTimePattern-count-one": "+{0} mån.",
              "relativeTimePattern-count-other": "+{0} mån."
            },
            "relativeTime-type-past": {
              "relativeTimePattern-count-one": "−{0} mån",
              "relativeTimePattern-count-other": "−{0} mån"
            }
          },
          "week": {
            "displayName": "vecka",
            "relative-type--1": "förra veckan",
            "relative-type-0": "denna vecka",
            "relative-type-1": "nästa vecka",
            "relativeTime-type-future": {
              "relativeTimePattern-count-one": "om {0} vecka",
              "relativeTimePattern-count-other": "om {0} veckor"
            },
            "relativeTime-type-past": {
              "relativeTimePattern-count-one": "för {0} vecka sedan",
              "relativeTimePattern-count-other": "för {0} veckor sedan"
            },
            "relativePeriod": "veckan för {0}"
          },
          "week-short": {
            "displayName": "v",
            "relative-type--1": "förra v.",
            "relative-type-0": "denna v.",
            "relative-type-1": "nästa v.",
            "relativeTime-type-future": {
              "relativeTimePattern-count-one": "om {0} v.",
              "relativeTimePattern-count-other": "om {0} v."
            },
            "relativeTime-type-past": {
              "relativeTimePattern-count-one": "för {0} v. sedan",
              "relativeTimePattern-count-other": "för {0} v. sedan"
            },
            "relativePeriod": "veckan för {0}"
          },
          "week-narrow": {
            "displayName": "v",
            "relative-type--1": "förra v.",
            "relative-type-0": "denna v.",
            "relative-type-1": "nästa v.",
            "relativeTime-type-future": {
              "relativeTimePattern-count-one": "+{0} v.",
              "relativeTimePattern-count-other": "+{0} v."
            },
            "relativeTime-type-past": {
              "relativeTimePattern-count-one": "−{0} v",
              "relativeTimePattern-count-other": "−{0} v"
            },
            "relativePeriod": "veckan för {0}"
          },
          "weekOfMonth": {
            "displayName": "vecka i månaden"
          },
          "weekOfMonth-short": {
            "displayName": "vk. i mån."
          },
          "weekOfMonth-narrow": {
            "displayName": "vk.i mån."
          },
          "day": {
            "displayName": "dag",
            "relative-type--2": "i förrgår",
            "relative-type--1": "i går",
            "relative-type-0": "i dag",
            "relative-type-1": "i morgon",
            "relative-type-2": "i övermorgon",
            "relativeTime-type-future": {
              "relativeTimePattern-count-one": "om {0} dag",
              "relativeTimePattern-count-other": "om {0} dagar"
            },
            "relativeTime-type-past": {
              "relativeTimePattern-count-one": "för {0} dag sedan",
              "relativeTimePattern-count-other": "för {0} dagar sedan"
            }
          },
          "day-short": {
            "displayName": "dag",
            "relative-type--2": "i förrgår",
            "relative-type--1": "i går",
            "relative-type-0": "i dag",
            "relative-type-1": "i morgon",
            "relative-type-2": "i övermorgon",
            "relativeTime-type-future": {
              "relativeTimePattern-count-one": "om {0} d",
              "relativeTimePattern-count-other": "om {0} d"
            },
            "relativeTime-type-past": {
              "relativeTimePattern-count-one": "för {0} d sedan",
              "relativeTimePattern-count-other": "för {0} d sedan"
            }
          },
          "day-narrow": {
            "displayName": "dag",
            "relative-type--2": "i förrgår",
            "relative-type--1": "igår",
            "relative-type-0": "idag",
            "relative-type-1": "imorgon",
            "relative-type-2": "i övermorgon",
            "relativeTime-type-future": {
              "relativeTimePattern-count-one": "+{0} d",
              "relativeTimePattern-count-other": "+{0} d"
            },
            "relativeTime-type-past": {
              "relativeTimePattern-count-one": "−{0} d",
              "relativeTimePattern-count-other": "−{0} d"
            }
          },
          "dayOfYear": {
            "displayName": "dag under året"
          },
          "dayOfYear-short": {
            "displayName": "dag under året"
          },
          "dayOfYear-narrow": {
            "displayName": "dag under året"
          },
          "weekday": {
            "displayName": "veckodag"
          },
          "weekday-short": {
            "displayName": "veckodag"
          },
          "weekday-narrow": {
            "displayName": "veckodag"
          },
          "weekdayOfMonth": {
            "displayName": "veckodag i månad"
          },
          "weekdayOfMonth-short": {
            "displayName": "veckodag i mån."
          },
          "weekdayOfMonth-narrow": {
            "displayName": "veckodag i mån."
          },
          "sun": {
            "relative-type--1": "söndag förra veckan",
            "relative-type-0": "söndag denna vecka",
            "relative-type-1": "söndag nästa vecka",
            "relativeTime-type-future": {
              "relativeTimePattern-count-one": "om {0} söndag",
              "relativeTimePattern-count-other": "om {0} söndagar"
            },
            "relativeTime-type-past": {
              "relativeTimePattern-count-one": "för {0} söndag sedan",
              "relativeTimePattern-count-other": "för {0} söndagar sedan"
            }
          },
          "sun-short": {
            "relative-type--1": "sön. förra veckan",
            "relative-type-0": "sön. denna vecka",
            "relative-type-1": "sön. nästa vecka",
            "relativeTime-type-future": {
              "relativeTimePattern-count-one": "om {0} sön.",
              "relativeTimePattern-count-other": "om {0} sön."
            },
            "relativeTime-type-past": {
              "relativeTimePattern-count-one": "för {0} sön. sen",
              "relativeTimePattern-count-other": "för {0} sön. sen"
            }
          },
          "sun-narrow": {
            "relative-type--1": "förra sön.",
            "relative-type-0": "denna sön.",
            "relative-type-1": "nästa sön.",
            "relativeTime-type-future": {
              "relativeTimePattern-count-one": "+{0} sön",
              "relativeTimePattern-count-other": "+{0} sön"
            },
            "relativeTime-type-past": {
              "relativeTimePattern-count-one": "−{0} sön",
              "relativeTimePattern-count-other": "−{0} sön"
            }
          },
          "mon": {
            "relative-type--1": "måndag förra veckan",
            "relative-type-0": "måndag denna vecka",
            "relative-type-1": "måndag nästa vecka",
            "relativeTime-type-future": {
              "relativeTimePattern-count-one": "om {0} måndag",
              "relativeTimePattern-count-other": "om {0} måndagar"
            },
            "relativeTime-type-past": {
              "relativeTimePattern-count-one": "för {0} måndag sedan",
              "relativeTimePattern-count-other": "för {0} måndagar sedan"
            }
          },
          "mon-short": {
            "relative-type--1": "mån. förra veckan",
            "relative-type-0": "mån. denna vecka",
            "relative-type-1": "mån. nästa vecka",
            "relativeTime-type-future": {
              "relativeTimePattern-count-one": "om {0} månd.",
              "relativeTimePattern-count-other": "om {0} månd."
            },
            "relativeTime-type-past": {
              "relativeTimePattern-count-one": "för {0} månd. sen",
              "relativeTimePattern-count-other": "för {0} månd. sen"
            }
          },
          "mon-narrow": {
            "relative-type--1": "förra mån.",
            "relative-type-0": "denna mån.",
            "relative-type-1": "nästa mån.",
            "relativeTime-type-future": {
              "relativeTimePattern-count-one": "+{0} månd",
              "relativeTimePattern-count-other": "+{0} månd"
            },
            "relativeTime-type-past": {
              "relativeTimePattern-count-one": "–{0} månd",
              "relativeTimePattern-count-other": "–{0} månd"
            }
          },
          "tue": {
            "relative-type--1": "tisdag förra veckan",
            "relative-type-0": "tisdag denna vecka",
            "relative-type-1": "tisdag nästa vecka",
            "relativeTime-type-future": {
              "relativeTimePattern-count-one": "om {0} tisdag",
              "relativeTimePattern-count-other": "om {0} tisdagar"
            },
            "relativeTime-type-past": {
              "relativeTimePattern-count-one": "för {0} tisdag sedan",
              "relativeTimePattern-count-other": "för {0} tisdagar sedan"
            }
          },
          "tue-short": {
            "relative-type--1": "tis. förra veckan",
            "relative-type-0": "tis. denna vecka",
            "relative-type-1": "tis. nästa vecka",
            "relativeTime-type-future": {
              "relativeTimePattern-count-one": "om {0} tis.",
              "relativeTimePattern-count-other": "om {0} tis."
            },
            "relativeTime-type-past": {
              "relativeTimePattern-count-one": "för {0} tis. sen",
              "relativeTimePattern-count-other": "för {0} tis. sen"
            }
          },
          "tue-narrow": {
            "relative-type--1": "förra tis.",
            "relative-type-0": "denna tis.",
            "relative-type-1": "nästa tis.",
            "relativeTime-type-future": {
              "relativeTimePattern-count-one": "+{0} tis",
              "relativeTimePattern-count-other": "+{0} tis"
            },
            "relativeTime-type-past": {
              "relativeTimePattern-count-one": "−{0} tis",
              "relativeTimePattern-count-other": "−{0} tis"
            }
          },
          "wed": {
            "relative-type--1": "onsdag förra veckan",
            "relative-type-0": "onsdag denna vecka",
            "relative-type-1": "onsdag nästa vecka",
            "relativeTime-type-future": {
              "relativeTimePattern-count-one": "om {0} onsdag",
              "relativeTimePattern-count-other": "om {0} onsdagar"
            },
            "relativeTime-type-past": {
              "relativeTimePattern-count-one": "för {0} onsdag sedan",
              "relativeTimePattern-count-other": "för {0} onsdagar sedan"
            }
          },
          "wed-short": {
            "relative-type--1": "ons. förra veckan",
            "relative-type-0": "ons. denna vecka",
            "relative-type-1": "ons. nästa vecka",
            "relativeTime-type-future": {
              "relativeTimePattern-count-one": "om {0} ons.",
              "relativeTimePattern-count-other": "om {0} ons."
            },
            "relativeTime-type-past": {
              "relativeTimePattern-count-one": "för {0} ons. sen",
              "relativeTimePattern-count-other": "för {0} ons. sen"
            }
          },
          "wed-narrow": {
            "relative-type--1": "förra ons.",
            "relative-type-0": "denna ons.",
            "relative-type-1": "nästa ons.",
            "relativeTime-type-future": {
              "relativeTimePattern-count-one": "+{0} ons",
              "relativeTimePattern-count-other": "+{0} ons"
            },
            "relativeTime-type-past": {
              "relativeTimePattern-count-one": "−{0} ons",
              "relativeTimePattern-count-other": "−{0} ons"
            }
          },
          "thu": {
            "relative-type--1": "torsdag förra veckan",
            "relative-type-0": "torsdag denna vecka",
            "relative-type-1": "torsdag nästa vecka",
            "relativeTime-type-future": {
              "relativeTimePattern-count-one": "om {0} torsdag",
              "relativeTimePattern-count-other": "om {0} torsdagar"
            },
            "relativeTime-type-past": {
              "relativeTimePattern-count-one": "för {0} torsdag sedan",
              "relativeTimePattern-count-other": "för {0} torsdagar sedan"
            }
          },
          "thu-short": {
            "relative-type--1": "tors. förra veckan",
            "relative-type-0": "tors. denna vecka",
            "relative-type-1": "tors. nästa vecka",
            "relativeTime-type-future": {
              "relativeTimePattern-count-one": "om {0} tors.",
              "relativeTimePattern-count-other": "om {0} tors."
            },
            "relativeTime-type-past": {
              "relativeTimePattern-count-one": "för {0} tors. sen",
              "relativeTimePattern-count-other": "för {0} tors. sen"
            }
          },
          "thu-narrow": {
            "relative-type--1": "förra tors.",
            "relative-type-0": "denna tors.",
            "relative-type-1": "nästa tors.",
            "relativeTime-type-future": {
              "relativeTimePattern-count-one": "+{0} tors",
              "relativeTimePattern-count-other": "+{0} tors"
            },
            "relativeTime-type-past": {
              "relativeTimePattern-count-one": "−{0} tors",
              "relativeTimePattern-count-other": "−{0} tors"
            }
          },
          "fri": {
            "relative-type--1": "fredag förra veckan",
            "relative-type-0": "fredag denna vecka",
            "relative-type-1": "fredag nästa vecka",
            "relativeTime-type-future": {
              "relativeTimePattern-count-one": "om {0} fredag",
              "relativeTimePattern-count-other": "om {0} fredagar"
            },
            "relativeTime-type-past": {
              "relativeTimePattern-count-one": "för {0} fredag sedan",
              "relativeTimePattern-count-other": "för {0} fredagar sedan"
            }
          },
          "fri-short": {
            "relative-type--1": "fre. förra veckan",
            "relative-type-0": "fre. denna vecka",
            "relative-type-1": "fre. nästa vecka",
            "relativeTime-type-future": {
              "relativeTimePattern-count-one": "om {0} fre.",
              "relativeTimePattern-count-other": "om {0} fre."
            },
            "relativeTime-type-past": {
              "relativeTimePattern-count-one": "för {0} fre. sen",
              "relativeTimePattern-count-other": "för {0} fred. sen"
            }
          },
          "fri-narrow": {
            "relative-type--1": "förra fre.",
            "relative-type-0": "denna fre.",
            "relative-type-1": "nästa fre.",
            "relativeTime-type-future": {
              "relativeTimePattern-count-one": "+{0} fre",
              "relativeTimePattern-count-other": "+{0} fre"
            },
            "relativeTime-type-past": {
              "relativeTimePattern-count-one": "−{0} fre",
              "relativeTimePattern-count-other": "−{0} fre"
            }
          },
          "sat": {
            "relative-type--1": "lördag förra veckan",
            "relative-type-0": "lördag denna vecka",
            "relative-type-1": "lördag nästa vecka",
            "relativeTime-type-future": {
              "relativeTimePattern-count-one": "om {0} lördag",
              "relativeTimePattern-count-other": "om {0} lördagar"
            },
            "relativeTime-type-past": {
              "relativeTimePattern-count-one": "för {0} lördag sedan",
              "relativeTimePattern-count-other": "för {0} lördagar sedan"
            }
          },
          "sat-short": {
            "relative-type--1": "lör. förra veckan",
            "relative-type-0": "lör. denna vecka",
            "relative-type-1": "lör. nästa vecka",
            "relativeTime-type-future": {
              "relativeTimePattern-count-one": "om {0} lör.",
              "relativeTimePattern-count-other": "om {0} lör."
            },
            "relativeTime-type-past": {
              "relativeTimePattern-count-one": "för {0} lör. sen",
              "relativeTimePattern-count-other": "för {0} lör. sen"
            }
          },
          "sat-narrow": {
            "relative-type--1": "förra lör.",
            "relative-type-0": "denna lör.",
            "relative-type-1": "nästa lör.",
            "relativeTime-type-future": {
              "relativeTimePattern-count-one": "+{0} lör",
              "relativeTimePattern-count-other": "+{0} lör"
            },
            "relativeTime-type-past": {
              "relativeTimePattern-count-one": "−{0} lör",
              "relativeTimePattern-count-other": "−{0} lör"
            }
          },
          "dayperiod-short": {
            "displayName": "fm/em"
          },
          "dayperiod": {
            "displayName": "fm/em"
          },
          "dayperiod-narrow": {
            "displayName": "fm/em"
          },
          "hour": {
            "displayName": "timme",
            "relative-type-0": "denna timme",
            "relativeTime-type-future": {
              "relativeTimePattern-count-one": "om {0} timme",
              "relativeTimePattern-count-other": "om {0} timmar"
            },
            "relativeTime-type-past": {
              "relativeTimePattern-count-one": "för {0} timme sedan",
              "relativeTimePattern-count-other": "för {0} timmar sedan"
            }
          },
          "hour-short": {
            "displayName": "tim",
            "relative-type-0": "denna timme",
            "relativeTime-type-future": {
              "relativeTimePattern-count-one": "om {0} tim",
              "relativeTimePattern-count-other": "om {0} tim"
            },
            "relativeTime-type-past": {
              "relativeTimePattern-count-one": "för {0} tim sedan",
              "relativeTimePattern-count-other": "för {0} tim sedan"
            }
          },
          "hour-narrow": {
            "displayName": "h",
            "relative-type-0": "denna timme",
            "relativeTime-type-future": {
              "relativeTimePattern-count-one": "+{0} h",
              "relativeTimePattern-count-other": "+{0} h"
            },
            "relativeTime-type-past": {
              "relativeTimePattern-count-one": "−{0} h",
              "relativeTimePattern-count-other": "−{0} h"
            }
          },
          "minute": {
            "displayName": "minut",
            "relative-type-0": "denna minut",
            "relativeTime-type-future": {
              "relativeTimePattern-count-one": "om {0} minut",
              "relativeTimePattern-count-other": "om {0} minuter"
            },
            "relativeTime-type-past": {
              "relativeTimePattern-count-one": "för {0} minut sedan",
              "relativeTimePattern-count-other": "för {0} minuter sedan"
            }
          },
          "minute-short": {
            "displayName": "min",
            "relative-type-0": "denna minut",
            "relativeTime-type-future": {
              "relativeTimePattern-count-one": "om {0} min",
              "relativeTimePattern-count-other": "om {0} min"
            },
            "relativeTime-type-past": {
              "relativeTimePattern-count-one": "för {0} min sen",
              "relativeTimePattern-count-other": "för {0} min sen"
            }
          },
          "minute-narrow": {
            "displayName": "m",
            "relative-type-0": "denna minut",
            "relativeTime-type-future": {
              "relativeTimePattern-count-one": "+{0} min",
              "relativeTimePattern-count-other": "+{0} min"
            },
            "relativeTime-type-past": {
              "relativeTimePattern-count-one": "−{0} min",
              "relativeTimePattern-count-other": "−{0} min"
            }
          },
          "second": {
            "displayName": "sekund",
            "relative-type-0": "nu",
            "relativeTime-type-future": {
              "relativeTimePattern-count-one": "om {0} sekund",
              "relativeTimePattern-count-other": "om {0} sekunder"
            },
            "relativeTime-type-past": {
              "relativeTimePattern-count-one": "för {0} sekund sedan",
              "relativeTimePattern-count-other": "för {0} sekunder sedan"
            }
          },
          "second-short": {
            "displayName": "sek",
            "relative-type-0": "nu",
            "relativeTime-type-future": {
              "relativeTimePattern-count-one": "om {0} sek",
              "relativeTimePattern-count-other": "om {0} sek"
            },
            "relativeTime-type-past": {
              "relativeTimePattern-count-one": "för {0} s sen",
              "relativeTimePattern-count-other": "för {0} s sen"
            }
          },
          "second-narrow": {
            "displayName": "s",
            "relative-type-0": "nu",
            "relativeTime-type-future": {
              "relativeTimePattern-count-one": "+{0} s",
              "relativeTimePattern-count-other": "+{0} s"
            },
            "relativeTime-type-past": {
              "relativeTimePattern-count-one": "−{0} s",
              "relativeTimePattern-count-other": "−{0} s"
            }
          },
          "zone": {
            "displayName": "tidszon"
          },
          "zone-short": {
            "displayName": "tidszon"
          },
          "zone-narrow": {
            "displayName": "tidszon"
          }
        }
      }
    }
  }
}
