{
  "main": {
    "fa": {
      "identity": {
        "version": {
          "_number": "$Revision: 13705 $",
          "_cldrVersion": "32.0.1"
        },
        "language": "fa"
      },
      "dates": {
        "fields": {
          "era": {
            "displayName": "دوره"
          },
          "era-short": {
            "displayName": "دوره"
          },
          "era-narrow": {
            "displayName": "دوره"
          },
          "year": {
            "displayName": "سال",
            "relative-type--1": "سال گذشته",
            "relative-type-0": "امسال",
            "relative-type-1": "سال آینده",
            "relativeTime-type-future": {
              "relativeTimePattern-count-one": "{0} سال بعد",
              "relativeTimePattern-count-other": "{0} سال بعد"
            },
            "relativeTime-type-past": {
              "relativeTimePattern-count-one": "{0} سال پیش",
              "relativeTimePattern-count-other": "{0} سال پیش"
            }
          },
          "year-short": {
            "displayName": "سال",
            "relative-type--1": "سال گذشته",
            "relative-type-0": "امسال",
            "relative-type-1": "سال آینده",
            "relativeTime-type-future": {
              "relativeTimePattern-count-one": "{0} سال بعد",
              "relativeTimePattern-count-other": "{0} سال بعد"
            },
            "relativeTime-type-past": {
              "relativeTimePattern-count-one": "{0} سال پیش",
              "relativeTimePattern-count-other": "{0} سال پیش"
            }
          },
          "year-narrow": {
            "displayName": "سال",
            "relative-type--1": "سال گذشته",
            "relative-type-0": "امسال",
            "relative-type-1": "سال آینده",
            "relativeTime-type-future": {
              "relativeTimePattern-count-one": "{0} سال بعد",
              "relativeTimePattern-count-other": "{0} سال بعد"
            },
            "relativeTime-type-past": {
              "relativeTimePattern-count-one": "{0} سال پیش",
              "relativeTimePattern-count-other": "{0} سال پیش"
            }
          },
          "quarter": {
            "displayName": "سه‌ماهه",
            "relative-type--1": "سه‌ماههٔ گذشته",
            "relative-type-0": "سه‌ماههٔ کنونی",
            "relative-type-1": "سه‌ماههٔ آینده",
            "relativeTime-type-future": {
              "relativeTimePattern-count-one": "{0} سه‌ماههٔ بعد",
              "relativeTimePattern-count-other": "{0} سه‌ماههٔ بعد"
            },
            "relativeTime-type-past": {
              "relativeTimePattern-count-one": "{0} سه‌ماههٔ پیش",
              "relativeTimePattern-count-other": "{0} سه‌ماههٔ پیش"
            }
          },
          "quarter-short": {
            "displayName": "سه‌ماهه",
            "relative-type--1": "سه‌ماههٔ گذشته",
            "relative-type-0": "سه‌ماههٔ کنونی",
            "relative-type-1": "سه‌ماههٔ آینده",
            "relativeTime-type-future": {
              "relativeTimePattern-count-one": "{0} سه‌ماههٔ بعد",
              "relativeTimePattern-count-other": "{0} سه‌ماههٔ بعد"
            },
            "relativeTime-type-past": {
              "relativeTimePattern-count-one": "{0} سه‌ماههٔ پیش",
              "relativeTimePattern-count-other": "{0} سه‌ماههٔ پیش"
            }
          },
          "quarter-narrow": {
            "displayName": "سه‌ماهه",
            "relative-type--1": "سه‌ماههٔ گذشته",
            "relative-type-0": "سه‌ماههٔ کنونی",
            "relative-type-1": "سه‌ماههٔ آینده",
            "relativeTime-type-future": {
              "relativeTimePattern-count-one": "{0} سه‌ماههٔ بعد",
              "relativeTimePattern-count-other": "{0} سه‌ماههٔ بعد"
            },
            "relativeTime-type-past": {
              "relativeTimePattern-count-one": "{0} سه‌ماههٔ پیش",
              "relativeTimePattern-count-other": "{0} سه‌ماههٔ پیش"
            }
          },
          "month": {
            "displayName": "ماه",
            "relative-type--1": "ماه گذشته",
            "relative-type-0": "این ماه",
            "relative-type-1": "ماه آینده",
            "relativeTime-type-future": {
              "relativeTimePattern-count-one": "{0} ماه بعد",
              "relativeTimePattern-count-other": "{0} ماه بعد"
            },
            "relativeTime-type-past": {
              "relativeTimePattern-count-one": "{0} ماه پیش",
              "relativeTimePattern-count-other": "{0} ماه پیش"
            }
          },
          "month-short": {
            "displayName": "ماه",
            "relative-type--1": "ماه پیش",
            "relative-type-0": "این ماه",
            "relative-type-1": "ماه آینده",
            "relativeTime-type-future": {
              "relativeTimePattern-count-one": "{0} ماه بعد",
              "relativeTimePattern-count-other": "{0} ماه بعد"
            },
            "relativeTime-type-past": {
              "relativeTimePattern-count-one": "{0} ماه پیش",
              "relativeTimePattern-count-other": "{0} ماه پیش"
            }
          },
          "month-narrow": {
            "displayName": "ماه",
            "relative-type--1": "ماه پیش",
            "relative-type-0": "این ماه",
            "relative-type-1": "ماه آینده",
            "relativeTime-type-future": {
              "relativeTimePattern-count-one": "{0} ماه بعد",
              "relativeTimePattern-count-other": "{0} ماه بعد"
            },
            "relativeTime-type-past": {
              "relativeTimePattern-count-one": "{0} ماه پیش",
              "relativeTimePattern-count-other": "{0} ماه پیش"
            }
          },
          "week": {
            "displayName": "هفته",
            "relative-type--1": "هفتهٔ گذشته",
            "relative-type-0": "این هفته",
            "relative-type-1": "هفتهٔ آینده",
            "relativeTime-type-future": {
              "relativeTimePattern-count-one": "{0} هفته بعد",
              "relativeTimePattern-count-other": "{0} هفته بعد"
            },
            "relativeTime-type-past": {
              "relativeTimePattern-count-one": "{0} هفته پیش",
              "relativeTimePattern-count-other": "{0} هفته پیش"
            },
            "relativePeriod": "هفتهٔ {0}"
          },
          "week-short": {
            "displayName": "هفته",
            "relative-type--1": "هفتهٔ گذشته",
            "relative-type-0": "این هفته",
            "relative-type-1": "هفتهٔ آینده",
            "relativeTime-type-future": {
              "relativeTimePattern-count-one": "{0} هفته بعد",
              "relativeTimePattern-count-other": "{0} هفته بعد"
            },
            "relativeTime-type-past": {
              "relativeTimePattern-count-one": "{0} هفته پیش",
              "relativeTimePattern-count-other": "{0} هفته پیش"
            },
            "relativePeriod": "هفتهٔ {0}"
          },
          "week-narrow": {
            "displayName": "هفته",
            "relative-type--1": "هفتهٔ گذشته",
            "relative-type-0": "این هفته",
            "relative-type-1": "هفتهٔ آینده",
            "relativeTime-type-future": {
              "relativeTimePattern-count-one": "{0} هفته بعد",
              "relativeTimePattern-count-other": "{0} هفته بعد"
            },
            "relativeTime-type-past": {
              "relativeTimePattern-count-one": "{0} هفته پیش",
              "relativeTimePattern-count-other": "{0} هفته پیش"
            },
            "relativePeriod": "هفتهٔ {0}"
          },
          "weekOfMonth": {
            "displayName": "هفتهٔ ماه"
          },
          "weekOfMonth-short": {
            "displayName": "هفتهٔ ماه"
          },
          "weekOfMonth-narrow": {
            "displayName": "هفتهٔ ماه"
          },
          "day": {
            "displayName": "روز",
            "relative-type--2": "پریروز",
            "relative-type--1": "دیروز",
            "relative-type-0": "امروز",
            "relative-type-1": "فردا",
            "relative-type-2": "پس‌فردا",
            "relativeTime-type-future": {
              "relativeTimePattern-count-one": "{0} روز بعد",
              "relativeTimePattern-count-other": "{0} روز بعد"
            },
            "relativeTime-type-past": {
              "relativeTimePattern-count-one": "{0} روز پیش",
              "relativeTimePattern-count-other": "{0} روز پیش"
            }
          },
          "day-short": {
            "displayName": "روز",
            "relative-type--2": "پریروز",
            "relative-type--1": "دیروز",
            "relative-type-0": "امروز",
            "relative-type-1": "فردا",
            "relative-type-2": "پس‌فردا",
            "relativeTime-type-future": {
              "relativeTimePattern-count-one": "{0} روز بعد",
              "relativeTimePattern-count-other": "{0} روز بعد"
            },
            "relativeTime-type-past": {
              "relativeTimePattern-count-one": "{0} روز پیش",
              "relativeTimePattern-count-other": "{0} روز پیش"
            }
          },
          "day-narrow": {
            "displayName": "روز",
            "relative-type--2": "پریروز",
            "relative-type--1": "دیروز",
            "relative-type-0": "امروز",
            "relative-type-1": "فردا",
            "relative-type-2": "پس‌فردا",
            "relativeTime-type-future": {
              "relativeTimePattern-count-one": "{0} روز بعد",
              "relativeTimePattern-count-other": "{0} روز بعد"
            },
            "relativeTime-type-past": {
              "relativeTimePattern-count-one": "{0} روز پیش",
              "relativeTimePattern-count-other": "{0} روز پیش"
            }
          },
          "dayOfYear": {
            "displayName": "روز سال"
          },
          "dayOfYear-short": {
            "displayName": "روز سال"
          },
          "dayOfYear-narrow": {
            "displayName": "روز سال"
          },
          "weekday": {
            "displayName": "روز هفته"
          },
          "weekday-short": {
            "displayName": "روز هفته"
          },
          "weekday-narrow": {
            "displayName": "روز هفته"
          },
          "weekdayOfMonth": {
            "displayName": "روز کاری ماه"
          },
          "weekdayOfMonth-short": {
            "displayName": "روز کاری ماه"
          },
          "weekdayOfMonth-narrow": {
            "displayName": "روز کاری ماه"
          },
          "sun": {
            "relative-type--1": "یکشنبهٔ گذشته",
            "relative-type-0": "این یکشنبه",
            "relative-type-1": "یکشنبهٔ آینده",
            "relativeTime-type-future": {
              "relativeTimePattern-count-one": "{0} یکشنبهٔ بعد",
              "relativeTimePattern-count-other": "{0} یکشنبهٔ بعد"
            },
            "relativeTime-type-past": {
              "relativeTimePattern-count-one": "{0} یکشنبهٔ پیش",
              "relativeTimePattern-count-other": "{0} یکشنبهٔ پیش"
            }
          },
          "sun-short": {
            "relative-type--1": "یکشنبهٔ گذشته",
            "relative-type-0": "این یکشنبه",
            "relative-type-1": "یکشنبهٔ آینده",
            "relativeTime-type-future": {
              "relativeTimePattern-count-one": "{0} یکشنبهٔ بعد",
              "relativeTimePattern-count-other": "{0} یکشنبهٔ بعد"
            },
            "relativeTime-type-past": {
              "relativeTimePattern-count-one": "{0} یکشنبهٔ پیش",
              "relativeTimePattern-count-other": "{0} یکشنبهٔ پیش"
            }
          },
          "sun-narrow": {
            "relative-type--1": "یکشنبهٔ گذشته",
            "relative-type-0": "این یکشنبه",
            "relative-type-1": "یکشنبهٔ آینده",
            "relativeTime-type-future": {
              "relativeTimePattern-count-one": "{0} یکشنبهٔ بعد",
              "relativeTimePattern-count-other": "{0} یکشنبهٔ بعد"
            },
            "relativeTime-type-past": {
              "relativeTimePattern-count-one": "{0} یکشنبهٔ پیش",
              "relativeTimePattern-count-other": "{0} یکشنبهٔ پیش"
            }
          },
          "mon": {
            "relative-type--1": "دوشنبهٔ گذشته",
            "relative-type-0": "این دوشنبه",
            "relative-type-1": "دوشنبهٔ آینده",
            "relativeTime-type-future": {
              "relativeTimePattern-count-one": "{0} دوشنبهٔ بعد",
              "relativeTimePattern-count-other": "{0} دوشنبهٔ بعد"
            },
            "relativeTime-type-past": {
              "relativeTimePattern-count-one": "{0} دوشنبهٔ پیش",
              "relativeTimePattern-count-other": "{0} دوشنبهٔ پیش"
            }
          },
          "mon-short": {
            "relative-type--1": "دوشنبهٔ گذشته",
            "relative-type-0": "این دوشنبه",
            "relative-type-1": "دوشنبهٔ آینده",
            "relativeTime-type-future": {
              "relativeTimePattern-count-one": "{0} دوشنبهٔ بعد",
              "relativeTimePattern-count-other": "{0} دوشنبهٔ بعد"
            },
            "relativeTime-type-past": {
              "relativeTimePattern-count-one": "{0} دوشنبهٔ پیش",
              "relativeTimePattern-count-other": "{0} دوشنبهٔ پیش"
            }
          },
          "mon-narrow": {
            "relative-type--1": "دوشنبهٔ گذشته",
            "relative-type-0": "این دوشنبه",
            "relative-type-1": "دوشنبهٔ آینده",
            "relativeTime-type-future": {
              "relativeTimePattern-count-one": "{0} دوشنبهٔ بعد",
              "relativeTimePattern-count-other": "{0} دوشنبهٔ بعد"
            },
            "relativeTime-type-past": {
              "relativeTimePattern-count-one": "{0} دوشنبهٔ پیش",
              "relativeTimePattern-count-other": "{0} دوشنبهٔ پیش"
            }
          },
          "tue": {
            "relative-type--1": "سه‌شنبهٔ گذشته",
            "relative-type-0": "این سه‌شنبه",
            "relative-type-1": "سه‌شنبهٔ آینده",
            "relativeTime-type-future": {
              "relativeTimePattern-count-one": "{0} سه‌شنبهٔ بعد",
              "relativeTimePattern-count-other": "{0} سه‌شنبهٔ بعد"
            },
            "relativeTime-type-past": {
              "relativeTimePattern-count-one": "{0} سه‌شنبهٔ پیش",
              "relativeTimePattern-count-other": "{0} سه‌شنبهٔ پیش"
            }
          },
          "tue-short": {
            "relative-type--1": "سه‌شنبهٔ گذشته",
            "relative-type-0": "این سه‌شنبه",
            "relative-type-1": "سه‌شنبهٔ آینده",
            "relativeTime-type-future": {
              "relativeTimePattern-count-one": "{0} سه‌شنبهٔ بعد",
              "relativeTimePattern-count-other": "{0} سه‌شنبهٔ بعد"
            },
            "relativeTime-type-past": {
              "relativeTimePattern-count-one": "{0} سه‌شنبهٔ پیش",
              "relativeTimePattern-count-other": "{0} سه‌شنبهٔ پیش"
            }
          },
          "tue-narrow": {
            "relative-type--1": "سه‌شنبهٔ گذشته",
            "relative-type-0": "این سه‌شنبه",
            "relative-type-1": "سه‌شنبهٔ آینده",
            "relativeTime-type-future": {
              "relativeTimePattern-count-one": "{0} سه‌شنبهٔ بعد",
              "relativeTimePattern-count-other": "{0} سه‌شنبهٔ بعد"
            },
            "relativeTime-type-past": {
              "relativeTimePattern-count-one": "{0} سه‌شنبهٔ پیش",
              "relativeTimePattern-count-other": "{0} سه‌شنبهٔ پیش"
            }
          },
          "wed": {
            "relative-type--1": "چهارشنبهٔ گذشته",
            "relative-type-0": "این چهارشنبه",
            "relative-type-1": "چهارشنبهٔ آینده",
            "relativeTime-type-future": {
              "relativeTimePattern-count-one": "{0} چهارشنبهٔ بعد",
              "relativeTimePattern-count-other": "{0} چهارشنبهٔ بعد"
            },
            "relativeTime-type-past": {
              "relativeTimePattern-count-one": "{0} چهارشنبهٔ پیش",
              "relativeTimePattern-count-other": "{0} چهارشنبهٔ پیش"
            }
          },
          "wed-short": {
            "relative-type--1": "چهارشنبهٔ گذشته",
            "relative-type-0": "این چهارشنبه",
            "relative-type-1": "چهارشنبهٔ آینده",
            "relativeTime-type-future": {
              "relativeTimePattern-count-one": "{0} چهارشنبهٔ بعد",
              "relativeTimePattern-count-other": "{0} چهارشنبهٔ بعد"
            },
            "relativeTime-type-past": {
              "relativeTimePattern-count-one": "{0} چهارشنبهٔ پیش",
              "relativeTimePattern-count-other": "{0} چهارشنبهٔ پیش"
            }
          },
          "wed-narrow": {
            "relative-type--1": "چهارشنبهٔ گذشته",
            "relative-type-0": "این چهارشنبه",
            "relative-type-1": "چهارشنبهٔ آینده",
            "relativeTime-type-future": {
              "relativeTimePattern-count-one": "{0} چهارشنبهٔ بعد",
              "relativeTimePattern-count-other": "{0} چهارشنبهٔ بعد"
            },
            "relativeTime-type-past": {
              "relativeTimePattern-count-one": "{0} چهارشنبهٔ پیش",
              "relativeTimePattern-count-other": "{0} چهارشنبهٔ پیش"
            }
          },
          "thu": {
            "relative-type--1": "پنجشنبهٔ گذشته",
            "relative-type-0": "این پنجشنبه",
            "relative-type-1": "پنجشنبهٔ آینده",
            "relativeTime-type-future": {
              "relativeTimePattern-count-one": "{0} پنجشنبهٔ بعد",
              "relativeTimePattern-count-other": "{0} پنجشنبهٔ بعد"
            },
            "relativeTime-type-past": {
              "relativeTimePattern-count-one": "{0} پنجشنبهٔ پیش",
              "relativeTimePattern-count-other": "{0} پنجشنبهٔ پیش"
            }
          },
          "thu-short": {
            "relative-type--1": "پنجشنبهٔ گذشته",
            "relative-type-0": "این پنجشنبه",
            "relative-type-1": "پنجشنبهٔ آینده",
            "relativeTime-type-future": {
              "relativeTimePattern-count-one": "{0} پنجشنبهٔ بعد",
              "relativeTimePattern-count-other": "{0} پنجشنبهٔ بعد"
            },
            "relativeTime-type-past": {
              "relativeTimePattern-count-one": "{0} پنجشنبهٔ پیش",
              "relativeTimePattern-count-other": "{0} پنجشنبهٔ پیش"
            }
          },
          "thu-narrow": {
            "relative-type--1": "پنجشنبهٔ گذشته",
            "relative-type-0": "این پنجشنبه",
            "relative-type-1": "پنجشنبهٔ آینده",
            "relativeTime-type-future": {
              "relativeTimePattern-count-one": "{0} پنجشنبهٔ بعد",
              "relativeTimePattern-count-other": "{0} پنجشنبهٔ بعد"
            },
            "relativeTime-type-past": {
              "relativeTimePattern-count-one": "{0} پنجشنبهٔ پیش",
              "relativeTimePattern-count-other": "{0} پنجشنبهٔ پیش"
            }
          },
          "fri": {
            "relative-type--1": "جمعهٔ گذشته",
            "relative-type-0": "این جمعه",
            "relative-type-1": "جمعهٔ آینده",
            "relativeTime-type-future": {
              "relativeTimePattern-count-one": "{0} جمعهٔ بعد",
              "relativeTimePattern-count-other": "{0} جمعهٔ بعد"
            },
            "relativeTime-type-past": {
              "relativeTimePattern-count-one": "{0} جمعهٔ پیش",
              "relativeTimePattern-count-other": "{0} جمعهٔ پیش"
            }
          },
          "fri-short": {
            "relative-type--1": "جمعهٔ گذشته",
            "relative-type-0": "این جمعه",
            "relative-type-1": "جمعهٔ آینده",
            "relativeTime-type-future": {
              "relativeTimePattern-count-one": "{0} جمعهٔ بعد",
              "relativeTimePattern-count-other": "{0} جمعهٔ بعد"
            },
            "relativeTime-type-past": {
              "relativeTimePattern-count-one": "{0} جمعهٔ پیش",
              "relativeTimePattern-count-other": "{0} جمعهٔ پیش"
            }
          },
          "fri-narrow": {
            "relative-type--1": "جمعهٔ گذشته",
            "relative-type-0": "این جمعه",
            "relative-type-1": "جمعهٔ آینده",
            "relativeTime-type-future": {
              "relativeTimePattern-count-one": "{0} جمعهٔ بعد",
              "relativeTimePattern-count-other": "{0} جمعهٔ بعد"
            },
            "relativeTime-type-past": {
              "relativeTimePattern-count-one": "{0} جمعهٔ پیش",
              "relativeTimePattern-count-other": "{0} جمعهٔ پیش"
            }
          },
          "sat": {
            "relative-type--1": "شنبهٔ گذشته",
            "relative-type-0": "این شنبه",
            "relative-type-1": "شنبهٔ آینده",
            "relativeTime-type-future": {
              "relativeTimePattern-count-one": "{0} شنبهٔ بعد",
              "relativeTimePattern-count-other": "{0} شنبهٔ بعد"
            },
            "relativeTime-type-past": {
              "relativeTimePattern-count-one": "{0} شنبهٔ پیش",
              "relativeTimePattern-count-other": "{0} شنبهٔ پیش"
            }
          },
          "sat-short": {
            "relative-type--1": "شنبهٔ گذشته",
            "relative-type-0": "این شنبه",
            "relative-type-1": "شنبهٔ آینده",
            "relativeTime-type-future": {
              "relativeTimePattern-count-one": "{0} شنبهٔ بعد",
              "relativeTimePattern-count-other": "{0} شنبهٔ بعد"
            },
            "relativeTime-type-past": {
              "relativeTimePattern-count-one": "{0} شنبهٔ پیش",
              "relativeTimePattern-count-other": "{0} شنبهٔ پیش"
            }
          },
          "sat-narrow": {
            "relative-type--1": "شنبهٔ گذشته",
            "relative-type-0": "این شنبه",
            "relative-type-1": "شنبهٔ آینده",
            "relativeTime-type-future": {
              "relativeTimePattern-count-one": "{0} شنبهٔ بعد",
              "relativeTimePattern-count-other": "{0} شنبهٔ بعد"
            },
            "relativeTime-type-past": {
              "relativeTimePattern-count-one": "{0} شنبهٔ پیش",
              "relativeTimePattern-count-other": "{0} شنبهٔ پیش"
            }
          },
          "dayperiod-short": {
            "displayName": "قبل/بعدازظهر"
          },
          "dayperiod": {
            "displayName": "قبل/بعدازظهر"
          },
          "dayperiod-narrow": {
            "displayName": "قبل/بعدازظهر"
          },
          "hour": {
            "displayName": "ساعت",
            "relative-type-0": "همین ساعت",
            "relativeTime-type-future": {
              "relativeTimePattern-count-one": "{0} ساعت بعد",
              "relativeTimePattern-count-other": "{0} ساعت بعد"
            },
            "relativeTime-type-past": {
              "relativeTimePattern-count-one": "{0} ساعت پیش",
              "relativeTimePattern-count-other": "{0} ساعت پیش"
            }
          },
          "hour-short": {
            "displayName": "ساعت",
            "relative-type-0": "همین ساعت",
            "relativeTime-type-future": {
              "relativeTimePattern-count-one": "{0} ساعت بعد",
              "relativeTimePattern-count-other": "{0} ساعت بعد"
            },
            "relativeTime-type-past": {
              "relativeTimePattern-count-one": "{0} ساعت پیش",
              "relativeTimePattern-count-other": "{0} ساعت پیش"
            }
          },
          "hour-narrow": {
            "displayName": "ساعت",
            "relative-type-0": "همین ساعت",
            "relativeTime-type-future": {
              "relativeTimePattern-count-one": "{0} ساعت بعد",
              "relativeTimePattern-count-other": "{0} ساعت بعد"
            },
            "relativeTime-type-past": {
              "relativeTimePattern-count-one": "{0} ساعت پیش",
              "relativeTimePattern-count-other": "{0} ساعت پیش"
            }
          },
          "minute": {
            "displayName": "دقیقه",
            "relative-type-0": "همین دقیقه",
            "relativeTime-type-future": {
              "relativeTimePattern-count-one": "{0} دقیقه بعد",
              "relativeTimePattern-count-other": "{0} دقیقه بعد"
            },
            "relativeTime-type-past": {
              "relativeTimePattern-count-one": "{0} دقیقه پیش",
              "relativeTimePattern-count-other": "{0} دقیقه پیش"
            }
          },
          "minute-short": {
            "displayName": "دقیقه",
            "relative-type-0": "همین دقیقه",
            "relativeTime-type-future": {
              "relativeTimePattern-count-one": "{0} دقیقه بعد",
              "relativeTimePattern-count-other": "{0} دقیقه بعد"
            },
            "relativeTime-type-past": {
              "relativeTimePattern-count-one": "{0} دقیقه پیش",
              "relativeTimePattern-count-other": "{0} دقیقه پیش"
            }
          },
          "minute-narrow": {
            "displayName": "دقیقه",
            "relative-type-0": "همین دقیقه",
            "relativeTime-type-future": {
              "relativeTimePattern-count-one": "{0} دقیقه بعد",
              "relativeTimePattern-count-other": "{0} دقیقه بعد"
            },
            "relativeTime-type-past": {
              "relativeTimePattern-count-one": "{0} دقیقه پیش",
              "relativeTimePattern-count-other": "{0} دقیقه پیش"
            }
          },
          "second": {
            "displayName": "ثانیه",
            "relative-type-0": "اکنون",
            "relativeTime-type-future": {
              "relativeTimePattern-count-one": "{0} ثانیه بعد",
              "relativeTimePattern-count-other": "{0} ثانیه بعد"
            },
            "relativeTime-type-past": {
              "relativeTimePattern-count-one": "{0} ثانیه پیش",
              "relativeTimePattern-count-other": "{0} ثانیه پیش"
            }
          },
          "second-short": {
            "displayName": "ثانیه",
            "relative-type-0": "اکنون",
            "relativeTime-type-future": {
              "relativeTimePattern-count-one": "{0} ثانیه بعد",
              "relativeTimePattern-count-other": "{0} ثانیه بعد"
            },
            "relativeTime-type-past": {
              "relativeTimePattern-count-one": "{0} ثانیه پیش",
              "relativeTimePattern-count-other": "{0} ثانیه پیش"
            }
          },
          "second-narrow": {
            "displayName": "ثانیه",
            "relative-type-0": "اکنون",
            "relativeTime-type-future": {
              "relativeTimePattern-count-one": "{0} ثانیه بعد",
              "relativeTimePattern-count-other": "{0} ثانیه بعد"
            },
            "relativeTime-type-past": {
              "relativeTimePattern-count-one": "{0} ثانیه پیش",
              "relativeTimePattern-count-other": "{0} ثانیه پیش"
            }
          },
          "zone": {
            "displayName": "منطقهٔ زمانی"
          },
          "zone-short": {
            "displayName": "منطقهٔ زمانی"
          },
          "zone-narrow": {
            "displayName": "منطقهٔ زمانی"
          }
        }
      }
    }
  }
}
