{
  "main": {
    "fa": {
      "identity": {
        "version": {
          "_number": "$Revision: 13705 $",
          "_cldrVersion": "32.0.1"
        },
        "language": "fa"
      },
      "dates": {
        "timeZoneNames": {
          "hourFormat": "‎+HH:mm;‎−HH:mm",
          "gmtFormat": "{0} گرینویچ",
          "gmtZeroFormat": "گرینویچ",
          "regionFormat": "وقت {0}",
          "regionFormat-type-daylight": "وقت تابستانی {0}",
          "regionFormat-type-standard": "وقت عادی {0}",
          "fallbackFormat": "{1} ({0})",
          "zone": {
            "America": {
              "Adak": {
                "exemplarCity": "ایدک"
              },
              "Anchorage": {
                "exemplarCity": "انکوریج"
              },
              "Anguilla": {
                "exemplarCity": "آنگوئیلا"
              },
              "Antigua": {
                "exemplarCity": "آنتیگوا"
              },
              "Araguaina": {
                "exemplarCity": "آراگواینا"
              },
              "Argentina": {
                "Rio_Gallegos": {
                  "exemplarCity": "ریوگالگوس"
                },
                "San_Juan": {
                  "exemplarCity": "سن‌خوان"
                },
                "Ushuaia": {
                  "exemplarCity": "اوشوایا"
                },
                "La_Rioja": {
                  "exemplarCity": "لاریوخا"
                },
                "San_Luis": {
                  "exemplarCity": "سن‌لوئیس"
                },
                "Salta": {
                  "exemplarCity": "سالتا"
                },
                "Tucuman": {
                  "exemplarCity": "توکومن"
                }
              },
              "Aruba": {
                "exemplarCity": "اروبا"
              },
              "Asuncion": {
                "exemplarCity": "آسونسیون"
              },
              "Bahia": {
                "exemplarCity": "بایا"
              },
              "Bahia_Banderas": {
                "exemplarCity": "باهیا باندراس"
              },
              "Barbados": {
                "exemplarCity": "باربادوس"
              },
              "Belem": {
                "exemplarCity": "بلم"
              },
              "Belize": {
                "exemplarCity": "بلیز"
              },
              "Blanc-Sablon": {
                "exemplarCity": "بلان‐سابلون"
              },
              "Boa_Vista": {
                "exemplarCity": "بوئاویستا"
              },
              "Bogota": {
                "exemplarCity": "بوگوتا"
              },
              "Boise": {
                "exemplarCity": "بویسی"
              },
              "Buenos_Aires": {
                "exemplarCity": "بوئنوس‌آیرس"
              },
              "Cambridge_Bay": {
                "exemplarCity": "کمبریج‌بی"
              },
              "Campo_Grande": {
                "exemplarCity": "کمپو گرانده"
              },
              "Cancun": {
                "exemplarCity": "کانکون"
              },
              "Caracas": {
                "exemplarCity": "کاراکاس"
              },
              "Catamarca": {
                "exemplarCity": "کاتامارکا"
              },
              "Cayenne": {
                "exemplarCity": "کاین"
              },
              "Cayman": {
                "exemplarCity": "کیمن"
              },
              "Chicago": {
                "exemplarCity": "شیکاگو"
              },
              "Chihuahua": {
                "exemplarCity": "چیواوا"
              },
              "Coral_Harbour": {
                "exemplarCity": "اتکوکان"
              },
              "Cordoba": {
                "exemplarCity": "کوردووا"
              },
              "Costa_Rica": {
                "exemplarCity": "کاستاریکا"
              },
              "Creston": {
                "exemplarCity": "کرستون"
              },
              "Cuiaba": {
                "exemplarCity": "کویاوا"
              },
              "Curacao": {
                "exemplarCity": "کوراسائو"
              },
              "Danmarkshavn": {
                "exemplarCity": "دانمارکس‌هاون"
              },
              "Dawson": {
                "exemplarCity": "داوسن"
              },
              "Dawson_Creek": {
                "exemplarCity": "داوسن کریک"
              },
              "Denver": {
                "exemplarCity": "دنور"
              },
              "Detroit": {
                "exemplarCity": "دیترویت"
              },
              "Dominica": {
                "exemplarCity": "دومینیکا"
              },
              "Edmonton": {
                "exemplarCity": "ادمونتون"
              },
              "Eirunepe": {
                "exemplarCity": "ایرونپه"
              },
              "El_Salvador": {
                "exemplarCity": "السالوادور"
              },
              "Fort_Nelson": {
                "exemplarCity": "فورت نلسون"
              },
              "Fortaleza": {
                "exemplarCity": "فورتالزا"
              },
              "Glace_Bay": {
                "exemplarCity": "گلیس‌بی"
              },
              "Godthab": {
                "exemplarCity": "نووک"
              },
              "Goose_Bay": {
                "exemplarCity": "گوس‌بی"
              },
              "Grand_Turk": {
                "exemplarCity": "گراند تورک"
              },
              "Grenada": {
                "exemplarCity": "گرنادا"
              },
              "Guadeloupe": {
                "exemplarCity": "گوادلوپ"
              },
              "Guatemala": {
                "exemplarCity": "گواتمالا"
              },
              "Guayaquil": {
                "exemplarCity": "گوایاکیل"
              },
              "Guyana": {
                "exemplarCity": "گویان"
              },
              "Halifax": {
                "exemplarCity": "هلیفکس"
              },
              "Havana": {
                "exemplarCity": "هاوانا"
              },
              "Hermosillo": {
                "exemplarCity": "ارموسیو"
              },
              "Indiana": {
                "Vincennes": {
                  "exemplarCity": "وینسنس، اندیانا"
                },
                "Petersburg": {
                  "exemplarCity": "پیترزبرگ، ایندیانا"
                },
                "Tell_City": {
                  "exemplarCity": "تل‌سیتی، ایندیانا"
                },
                "Knox": {
                  "exemplarCity": "ناکس، ایندیانا"
                },
                "Winamac": {
                  "exemplarCity": "ویناماک، ایندیانا"
                },
                "Marengo": {
                  "exemplarCity": "مارنگو، ایندیانا"
                },
                "Vevay": {
                  "exemplarCity": "ویوی، ایندیانا"
                }
              },
              "Indianapolis": {
                "exemplarCity": "ایندیاناپولیس"
              },
              "Inuvik": {
                "exemplarCity": "اینوویک"
              },
              "Iqaluit": {
                "exemplarCity": "ایکلوئت"
              },
              "Jamaica": {
                "exemplarCity": "جامائیکا"
              },
              "Jujuy": {
                "exemplarCity": "خوخوی"
              },
              "Juneau": {
                "exemplarCity": "جونو"
              },
              "Kentucky": {
                "Monticello": {
                  "exemplarCity": "مانتیسلو، کنتاکی"
                }
              },
              "Kralendijk": {
                "exemplarCity": "کرالندیک"
              },
              "La_Paz": {
                "exemplarCity": "لاپاز"
              },
              "Lima": {
                "exemplarCity": "لیما"
              },
              "Los_Angeles": {
                "exemplarCity": "لوس‌آنجلس"
              },
              "Louisville": {
                "exemplarCity": "لوئیزویل"
              },
              "Lower_Princes": {
                "exemplarCity": "بخش شاهزاده‌‌نشین پایین"
              },
              "Maceio": {
                "exemplarCity": "ماسیو"
              },
              "Managua": {
                "exemplarCity": "ماناگوا"
              },
              "Manaus": {
                "exemplarCity": "ماناوس"
              },
              "Marigot": {
                "exemplarCity": "ماریگات"
              },
              "Martinique": {
                "exemplarCity": "مارتینیک"
              },
              "Matamoros": {
                "exemplarCity": "ماتاموروس"
              },
              "Mazatlan": {
                "exemplarCity": "ماساتلان"
              },
              "Mendoza": {
                "exemplarCity": "مندوسا"
              },
              "Menominee": {
                "exemplarCity": "منامینی"
              },
              "Merida": {
                "exemplarCity": "مریدا"
              },
              "Metlakatla": {
                "exemplarCity": "متالاکاتلا"
              },
              "Mexico_City": {
                "exemplarCity": "مکزیکوسیتی"
              },
              "Miquelon": {
                "exemplarCity": "میکلون"
              },
              "Moncton": {
                "exemplarCity": "مانکتون"
              },
              "Monterrey": {
                "exemplarCity": "مونتری"
              },
              "Montevideo": {
                "exemplarCity": "مونته‌ویدئو"
              },
              "Montserrat": {
                "exemplarCity": "مونتسرات"
              },
              "Nassau": {
                "exemplarCity": "ناسائو"
              },
              "New_York": {
                "exemplarCity": "نیویورک"
              },
              "Nipigon": {
                "exemplarCity": "نیپیگان"
              },
              "Nome": {
                "exemplarCity": "نوم"
              },
              "Noronha": {
                "exemplarCity": "نورونیا"
              },
              "North_Dakota": {
                "Beulah": {
                  "exemplarCity": "بیولا، داکوتای شمالی"
                },
                "New_Salem": {
                  "exemplarCity": "نیوسالم، داکوتای شمالی"
                },
                "Center": {
                  "exemplarCity": "سنتر، داکوتای شمالی"
                }
              },
              "Ojinaga": {
                "exemplarCity": "اخیناگا"
              },
              "Panama": {
                "exemplarCity": "پاناما"
              },
              "Pangnirtung": {
                "exemplarCity": "پانگنیرتونگ"
              },
              "Paramaribo": {
                "exemplarCity": "پاراماریبو"
              },
              "Phoenix": {
                "exemplarCity": "فینکس"
              },
              "Port-au-Prince": {
                "exemplarCity": "پورتوپرنس"
              },
              "Port_of_Spain": {
                "exemplarCity": "پورت‌آواسپین"
              },
              "Porto_Velho": {
                "exemplarCity": "پورتوولیو"
              },
              "Puerto_Rico": {
                "exemplarCity": "پورتوریکو"
              },
              "Punta_Arenas": {
                "exemplarCity": "پونتا آرناس"
              },
              "Rainy_River": {
                "exemplarCity": "رینی‌ریور"
              },
              "Rankin_Inlet": {
                "exemplarCity": "خلیجک رنکین"
              },
              "Recife": {
                "exemplarCity": "ریسیفی"
              },
              "Regina": {
                "exemplarCity": "رجاینا"
              },
              "Resolute": {
                "exemplarCity": "رزولوت"
              },
              "Rio_Branco": {
                "exemplarCity": "ریوبرانکو"
              },
              "Santa_Isabel": {
                "exemplarCity": "سانتا ایزابل"
              },
              "Santarem": {
                "exemplarCity": "سنتارم"
              },
              "Santiago": {
                "exemplarCity": "سانتیاگو"
              },
              "Santo_Domingo": {
                "exemplarCity": "سانتو دومینگو"
              },
              "Sao_Paulo": {
                "exemplarCity": "سائوپائولو"
              },
              "Scoresbysund": {
                "exemplarCity": "اسکورسبیسوند"
              },
              "Sitka": {
                "exemplarCity": "سیتکا"
              },
              "St_Barthelemy": {
                "exemplarCity": "سنت بارتلمی"
              },
              "St_Johns": {
                "exemplarCity": "سنت جان"
              },
              "St_Kitts": {
                "exemplarCity": "سنت کیتس"
              },
              "St_Lucia": {
                "exemplarCity": "سنت لوسیا"
              },
              "St_Thomas": {
                "exemplarCity": "سنت توماس"
              },
              "St_Vincent": {
                "exemplarCity": "سنت وینسنت"
              },
              "Swift_Current": {
                "exemplarCity": "سویفت‌کارنت"
              },
              "Tegucigalpa": {
                "exemplarCity": "تگوسیگالپا"
              },
              "Thule": {
                "exemplarCity": "تول"
              },
              "Thunder_Bay": {
                "exemplarCity": "تاندربی"
              },
              "Tijuana": {
                "exemplarCity": "تیخوانا"
              },
              "Toronto": {
                "exemplarCity": "تورنتو"
              },
              "Tortola": {
                "exemplarCity": "تورتولا"
              },
              "Vancouver": {
                "exemplarCity": "ونکوور"
              },
              "Whitehorse": {
                "exemplarCity": "وایت‌هورس"
              },
              "Winnipeg": {
                "exemplarCity": "وینیپگ"
              },
              "Yakutat": {
                "exemplarCity": "یاکوتات"
              },
              "Yellowknife": {
                "exemplarCity": "یلونایف"
              }
            },
            "Atlantic": {
              "Azores": {
                "exemplarCity": "آزور"
              },
              "Bermuda": {
                "exemplarCity": "برمودا"
              },
              "Canary": {
                "exemplarCity": "قناری"
              },
              "Cape_Verde": {
                "exemplarCity": "کیپ‌ورد"
              },
              "Faeroe": {
                "exemplarCity": "فارو"
              },
              "Madeira": {
                "exemplarCity": "مادیرا"
              },
              "Reykjavik": {
                "exemplarCity": "ریکیاویک"
              },
              "South_Georgia": {
                "exemplarCity": "جورجیای جنوبی"
              },
              "St_Helena": {
                "exemplarCity": "سنت هلنا"
              },
              "Stanley": {
                "exemplarCity": "استانلی"
              }
            },
            "Europe": {
              "Amsterdam": {
                "exemplarCity": "آمستردام"
              },
              "Andorra": {
                "exemplarCity": "آندورا"
              },
              "Astrakhan": {
                "exemplarCity": "آستراخان"
              },
              "Athens": {
                "exemplarCity": "آتن"
              },
              "Belgrade": {
                "exemplarCity": "بلگراد"
              },
              "Berlin": {
                "exemplarCity": "برلین"
              },
              "Bratislava": {
                "exemplarCity": "براتیسلاوا"
              },
              "Brussels": {
                "exemplarCity": "بروکسل"
              },
              "Bucharest": {
                "exemplarCity": "بخارست"
              },
              "Budapest": {
                "exemplarCity": "بوداپست"
              },
              "Busingen": {
                "exemplarCity": "بازنگن"
              },
              "Chisinau": {
                "exemplarCity": "کیشیناو"
              },
              "Copenhagen": {
                "exemplarCity": "کپنهاگ"
              },
              "Dublin": {
                "long": {
                  "daylight": "وقت عادی ایرلند"
                },
                "exemplarCity": "دوبلین"
              },
              "Gibraltar": {
                "exemplarCity": "جبل‌الطارق"
              },
              "Guernsey": {
                "exemplarCity": "گرنزی"
              },
              "Helsinki": {
                "exemplarCity": "هلسینکی"
              },
              "Isle_of_Man": {
                "exemplarCity": "جزیرهٔ من"
              },
              "Istanbul": {
                "exemplarCity": "استانبول"
              },
              "Jersey": {
                "exemplarCity": "جرزی"
              },
              "Kaliningrad": {
                "exemplarCity": "کالینینگراد"
              },
              "Kiev": {
                "exemplarCity": "کیف"
              },
              "Kirov": {
                "exemplarCity": "کیروف"
              },
              "Lisbon": {
                "exemplarCity": "لیسبون"
              },
              "Ljubljana": {
                "exemplarCity": "لیوبلیانا"
              },
              "London": {
                "long": {
                  "daylight": "وقت تابستانی بریتانیا"
                },
                "exemplarCity": "لندن"
              },
              "Luxembourg": {
                "exemplarCity": "لوکزامبورگ"
              },
              "Madrid": {
                "exemplarCity": "مادرید"
              },
              "Malta": {
                "exemplarCity": "مالت"
              },
              "Mariehamn": {
                "exemplarCity": "ماریه‌هامن"
              },
              "Minsk": {
                "exemplarCity": "مینسک"
              },
              "Monaco": {
                "exemplarCity": "موناکو"
              },
              "Moscow": {
                "exemplarCity": "مسکو"
              },
              "Oslo": {
                "exemplarCity": "اسلو"
              },
              "Paris": {
                "exemplarCity": "پاریس"
              },
              "Podgorica": {
                "exemplarCity": "پادگاریتسا"
              },
              "Prague": {
                "exemplarCity": "پراگ"
              },
              "Riga": {
                "exemplarCity": "ریگا"
              },
              "Rome": {
                "exemplarCity": "رم"
              },
              "Samara": {
                "exemplarCity": "سامارا"
              },
              "San_Marino": {
                "exemplarCity": "سان‌مارینو"
              },
              "Sarajevo": {
                "exemplarCity": "سارایوو"
              },
              "Saratov": {
                "exemplarCity": "ساراتوف"
              },
              "Simferopol": {
                "exemplarCity": "سیمفروپل"
              },
              "Skopje": {
                "exemplarCity": "اسکوپیه"
              },
              "Sofia": {
                "exemplarCity": "صوفیه"
              },
              "Stockholm": {
                "exemplarCity": "استکهلم"
              },
              "Tallinn": {
                "exemplarCity": "تالین"
              },
              "Tirane": {
                "exemplarCity": "تیرانا"
              },
              "Ulyanovsk": {
                "exemplarCity": "اولیانوفسک"
              },
              "Uzhgorod": {
                "exemplarCity": "اوژگورود"
              },
              "Vaduz": {
                "exemplarCity": "فادوتس"
              },
              "Vatican": {
                "exemplarCity": "واتیکان"
              },
              "Vienna": {
                "exemplarCity": "وین"
              },
              "Vilnius": {
                "exemplarCity": "ویلنیوس"
              },
              "Volgograd": {
                "exemplarCity": "ولگاگراد"
              },
              "Warsaw": {
                "exemplarCity": "ورشو"
              },
              "Zagreb": {
                "exemplarCity": "زاگرب"
              },
              "Zaporozhye": {
                "exemplarCity": "زاپوروژیا"
              },
              "Zurich": {
                "exemplarCity": "زوریخ"
              }
            },
            "Africa": {
              "Abidjan": {
                "exemplarCity": "آبیجان"
              },
              "Accra": {
                "exemplarCity": "اکرا"
              },
              "Addis_Ababa": {
                "exemplarCity": "آدیس آبابا"
              },
              "Algiers": {
                "exemplarCity": "الجزیره"
              },
              "Asmera": {
                "exemplarCity": "اسمره"
              },
              "Bamako": {
                "exemplarCity": "باماکو"
              },
              "Bangui": {
                "exemplarCity": "بانگی"
              },
              "Banjul": {
                "exemplarCity": "بانجول"
              },
              "Bissau": {
                "exemplarCity": "بیسائو"
              },
              "Blantyre": {
                "exemplarCity": "بلانتیره"
              },
              "Brazzaville": {
                "exemplarCity": "برازویل"
              },
              "Bujumbura": {
                "exemplarCity": "بوجومبورا"
              },
              "Cairo": {
                "exemplarCity": "قاهره"
              },
              "Casablanca": {
                "exemplarCity": "کازابلانکا"
              },
              "Ceuta": {
                "exemplarCity": "سبته"
              },
              "Conakry": {
                "exemplarCity": "کوناکری"
              },
              "Dakar": {
                "exemplarCity": "داکار"
              },
              "Dar_es_Salaam": {
                "exemplarCity": "دارالسلام"
              },
              "Djibouti": {
                "exemplarCity": "جیبوتی"
              },
              "Douala": {
                "exemplarCity": "دوآلا"
              },
              "El_Aaiun": {
                "exemplarCity": "العیون"
              },
              "Freetown": {
                "exemplarCity": "فری‌تاون"
              },
              "Gaborone": {
                "exemplarCity": "گابورون"
              },
              "Harare": {
                "exemplarCity": "هراره"
              },
              "Johannesburg": {
                "exemplarCity": "ژوهانسبورگ"
              },
              "Juba": {
                "exemplarCity": "جوبا"
              },
              "Kampala": {
                "exemplarCity": "کامپالا"
              },
              "Khartoum": {
                "exemplarCity": "خارطوم"
              },
              "Kigali": {
                "exemplarCity": "کیگالی"
              },
              "Kinshasa": {
                "exemplarCity": "کینشاسا"
              },
              "Lagos": {
                "exemplarCity": "لاگوس"
              },
              "Libreville": {
                "exemplarCity": "لیبرویل"
              },
              "Lome": {
                "exemplarCity": "لومه"
              },
              "Luanda": {
                "exemplarCity": "لواندا"
              },
              "Lubumbashi": {
                "exemplarCity": "لوبومباشی"
              },
              "Lusaka": {
                "exemplarCity": "لوزاکا"
              },
              "Malabo": {
                "exemplarCity": "مالابو"
              },
              "Maputo": {
                "exemplarCity": "ماپوتو"
              },
              "Maseru": {
                "exemplarCity": "ماسرو"
              },
              "Mbabane": {
                "exemplarCity": "مبابانه"
              },
              "Mogadishu": {
                "exemplarCity": "موگادیشو"
              },
              "Monrovia": {
                "exemplarCity": "مونروویا"
              },
              "Nairobi": {
                "exemplarCity": "نایروبی"
              },
              "Ndjamena": {
                "exemplarCity": "انجامنا"
              },
              "Niamey": {
                "exemplarCity": "نیامی"
              },
              "Nouakchott": {
                "exemplarCity": "نوآکشوت"
              },
              "Ouagadougou": {
                "exemplarCity": "اوآگادوگو"
              },
              "Porto-Novo": {
                "exemplarCity": "پورتو نووو"
              },
              "Sao_Tome": {
                "exemplarCity": "سائوتومه"
              },
              "Tripoli": {
                "exemplarCity": "طرابلس"
              },
              "Tunis": {
                "exemplarCity": "شهر تونس"
              },
              "Windhoek": {
                "exemplarCity": "ویندهوک"
              }
            },
            "Asia": {
              "Aden": {
                "exemplarCity": "عدن"
              },
              "Almaty": {
                "exemplarCity": "آلماتی"
              },
              "Amman": {
                "exemplarCity": "عمّان"
              },
              "Anadyr": {
                "exemplarCity": "آنادیر"
              },
              "Aqtau": {
                "exemplarCity": "آقتاو"
              },
              "Aqtobe": {
                "exemplarCity": "آقتوبه"
              },
              "Ashgabat": {
                "exemplarCity": "عشق‌آباد"
              },
              "Atyrau": {
                "exemplarCity": "آتیراو"
              },
              "Baghdad": {
                "exemplarCity": "بغداد"
              },
              "Bahrain": {
                "exemplarCity": "بحرین"
              },
              "Baku": {
                "exemplarCity": "باکو"
              },
              "Bangkok": {
                "exemplarCity": "بانکوک"
              },
              "Barnaul": {
                "exemplarCity": "بارنائول"
              },
              "Beirut": {
                "exemplarCity": "بیروت"
              },
              "Bishkek": {
                "exemplarCity": "بیشکک"
              },
              "Brunei": {
                "exemplarCity": "برونئی"
              },
              "Calcutta": {
                "exemplarCity": "کلکته"
              },
              "Chita": {
                "exemplarCity": "چیتا"
              },
              "Choibalsan": {
                "exemplarCity": "چویبالسان"
              },
              "Colombo": {
                "exemplarCity": "کلمبو"
              },
              "Damascus": {
                "exemplarCity": "دمشق"
              },
              "Dhaka": {
                "exemplarCity": "داکا"
              },
              "Dili": {
                "exemplarCity": "دیلی"
              },
              "Dubai": {
                "exemplarCity": "دبی"
              },
              "Dushanbe": {
                "exemplarCity": "دوشنبه"
              },
              "Famagusta": {
                "exemplarCity": "فاماگوستا"
              },
              "Gaza": {
                "exemplarCity": "غزه"
              },
              "Hebron": {
                "exemplarCity": "الخلیل"
              },
              "Hong_Kong": {
                "exemplarCity": "هنگ‌کنگ"
              },
              "Hovd": {
                "exemplarCity": "خوود"
              },
              "Irkutsk": {
                "exemplarCity": "ایرکوتسک"
              },
              "Jakarta": {
                "exemplarCity": "جاکارتا"
              },
              "Jayapura": {
                "exemplarCity": "جایاپورا"
              },
              "Jerusalem": {
                "exemplarCity": "اورشلیم"
              },
              "Kabul": {
                "exemplarCity": "کابل"
              },
              "Kamchatka": {
                "exemplarCity": "کامچاتکا"
              },
              "Karachi": {
                "exemplarCity": "کراچی"
              },
              "Katmandu": {
                "exemplarCity": "کاتماندو"
              },
              "Khandyga": {
                "exemplarCity": "خاندیگا"
              },
              "Krasnoyarsk": {
                "exemplarCity": "کراسنویارسک"
              },
              "Kuala_Lumpur": {
                "exemplarCity": "کوالالامپور"
              },
              "Kuching": {
                "exemplarCity": "کوچینگ"
              },
              "Kuwait": {
                "exemplarCity": "کویت"
              },
              "Macau": {
                "exemplarCity": "ماکائو"
              },
              "Magadan": {
                "exemplarCity": "ماگادان"
              },
              "Makassar": {
                "exemplarCity": "ماکاسار"
              },
              "Manila": {
                "exemplarCity": "مانیل"
              },
              "Muscat": {
                "exemplarCity": "مسقط"
              },
              "Nicosia": {
                "exemplarCity": "نیکوزیا"
              },
              "Novokuznetsk": {
                "exemplarCity": "نوووکوزنتسک"
              },
              "Novosibirsk": {
                "exemplarCity": "نووسیبیریسک"
              },
              "Omsk": {
                "exemplarCity": "اومسک"
              },
              "Oral": {
                "exemplarCity": "اورال"
              },
              "Phnom_Penh": {
                "exemplarCity": "پنوم‌پن"
              },
              "Pontianak": {
                "exemplarCity": "پونتیاناک"
              },
              "Pyongyang": {
                "exemplarCity": "پیونگ‌یانگ"
              },
              "Qatar": {
                "exemplarCity": "قطر"
              },
              "Qyzylorda": {
                "exemplarCity": "قیزیل‌اوردا"
              },
              "Rangoon": {
                "exemplarCity": "یانگون"
              },
              "Riyadh": {
                "exemplarCity": "ریاض"
              },
              "Saigon": {
                "exemplarCity": "هوشی‌مین‌سیتی"
              },
              "Sakhalin": {
                "exemplarCity": "ساخالین"
              },
              "Samarkand": {
                "exemplarCity": "سمرقند"
              },
              "Seoul": {
                "exemplarCity": "سئول"
              },
              "Shanghai": {
                "exemplarCity": "شانگهای"
              },
              "Singapore": {
                "exemplarCity": "سنگاپور"
              },
              "Srednekolymsk": {
                "exemplarCity": "اسردنکولیمسک"
              },
              "Taipei": {
                "exemplarCity": "تایپه"
              },
              "Tashkent": {
                "exemplarCity": "تاشکند"
              },
              "Tbilisi": {
                "exemplarCity": "تفلیس"
              },
              "Tehran": {
                "exemplarCity": "تهران"
              },
              "Thimphu": {
                "exemplarCity": "تیمفو"
              },
              "Tokyo": {
                "exemplarCity": "توکیو"
              },
              "Tomsk": {
                "exemplarCity": "تومسک"
              },
              "Ulaanbaatar": {
                "exemplarCity": "اولان‌باتور"
              },
              "Urumqi": {
                "exemplarCity": "ارومچی"
              },
              "Ust-Nera": {
                "exemplarCity": "اوست نرا"
              },
              "Vientiane": {
                "exemplarCity": "وینتیان"
              },
              "Vladivostok": {
                "exemplarCity": "ولادی‌وستوک"
              },
              "Yakutsk": {
                "exemplarCity": "یاکوتسک"
              },
              "Yekaterinburg": {
                "exemplarCity": "یکاترینبرگ"
              },
              "Yerevan": {
                "exemplarCity": "ایروان"
              }
            },
            "Indian": {
              "Antananarivo": {
                "exemplarCity": "آنتاناناریوو"
              },
              "Chagos": {
                "exemplarCity": "شاگوس"
              },
              "Christmas": {
                "exemplarCity": "کریسمس"
              },
              "Cocos": {
                "exemplarCity": "کوکوس"
              },
              "Comoro": {
                "exemplarCity": "کومورو"
              },
              "Kerguelen": {
                "exemplarCity": "کرگولن"
              },
              "Mahe": {
                "exemplarCity": "ماهه"
              },
              "Maldives": {
                "exemplarCity": "مالدیو"
              },
              "Mauritius": {
                "exemplarCity": "موریس"
              },
              "Mayotte": {
                "exemplarCity": "مایوت"
              },
              "Reunion": {
                "exemplarCity": "رئونیون"
              }
            },
            "Australia": {
              "Adelaide": {
                "exemplarCity": "آدلاید"
              },
              "Brisbane": {
                "exemplarCity": "بریسبین"
              },
              "Broken_Hill": {
                "exemplarCity": "بروکن‌هیل"
              },
              "Currie": {
                "exemplarCity": "کوری"
              },
              "Darwin": {
                "exemplarCity": "داروین"
              },
              "Eucla": {
                "exemplarCity": "اوکلا"
              },
              "Hobart": {
                "exemplarCity": "هوبارت"
              },
              "Lindeman": {
                "exemplarCity": "لیندمن"
              },
              "Lord_Howe": {
                "exemplarCity": "لردهاو"
              },
              "Melbourne": {
                "exemplarCity": "ملبورن"
              },
              "Perth": {
                "exemplarCity": "پرت"
              },
              "Sydney": {
                "exemplarCity": "سیدنی"
              }
            },
            "Pacific": {
              "Apia": {
                "exemplarCity": "آپیا"
              },
              "Auckland": {
                "exemplarCity": "اوکلند"
              },
              "Bougainville": {
                "exemplarCity": "بوگنویل"
              },
              "Chatham": {
                "exemplarCity": "چتم"
              },
              "Easter": {
                "exemplarCity": "ایستر"
              },
              "Efate": {
                "exemplarCity": "افاته"
              },
              "Enderbury": {
                "exemplarCity": "اندربری"
              },
              "Fakaofo": {
                "exemplarCity": "فاکائوفو"
              },
              "Fiji": {
                "exemplarCity": "فیجی"
              },
              "Funafuti": {
                "exemplarCity": "فونافوتی"
              },
              "Galapagos": {
                "exemplarCity": "گالاپاگوس"
              },
              "Gambier": {
                "exemplarCity": "گامبیر"
              },
              "Guadalcanal": {
                "exemplarCity": "گوادال‌کانال"
              },
              "Guam": {
                "exemplarCity": "گوام"
              },
              "Honolulu": {
                "exemplarCity": "هونولولو"
              },
              "Johnston": {
                "exemplarCity": "جانستون"
              },
              "Kiritimati": {
                "exemplarCity": "کریتیماتی"
              },
              "Kosrae": {
                "exemplarCity": "کوسرای"
              },
              "Kwajalein": {
                "exemplarCity": "کواجیلین"
              },
              "Majuro": {
                "exemplarCity": "ماجورو"
              },
              "Marquesas": {
                "exemplarCity": "مارکوزه"
              },
              "Midway": {
                "exemplarCity": "میدوی"
              },
              "Nauru": {
                "exemplarCity": "نائورو"
              },
              "Niue": {
                "exemplarCity": "نیوئه"
              },
              "Norfolk": {
                "exemplarCity": "نورفولک"
              },
              "Noumea": {
                "exemplarCity": "نومئا"
              },
              "Pago_Pago": {
                "exemplarCity": "پاگوپاگو"
              },
              "Palau": {
                "exemplarCity": "پالائو"
              },
              "Pitcairn": {
                "exemplarCity": "پیت‌کرن"
              },
              "Ponape": {
                "exemplarCity": "پانپی"
              },
              "Port_Moresby": {
                "exemplarCity": "پورت‌مورزبی"
              },
              "Rarotonga": {
                "exemplarCity": "راروتونگا"
              },
              "Saipan": {
                "exemplarCity": "سایپان"
              },
              "Tahiti": {
                "exemplarCity": "تاهیتی"
              },
              "Tarawa": {
                "exemplarCity": "تاراوا"
              },
              "Tongatapu": {
                "exemplarCity": "تونگاتاپو"
              },
              "Truk": {
                "exemplarCity": "چوک"
              },
              "Wake": {
                "exemplarCity": "ویک"
              },
              "Wallis": {
                "exemplarCity": "والیس"
              }
            },
            "Arctic": {
              "Longyearbyen": {
                "exemplarCity": "لانگ‌یربین"
              }
            },
            "Antarctica": {
              "Casey": {
                "exemplarCity": "کیسی"
              },
              "Davis": {
                "exemplarCity": "دیویس"
              },
              "DumontDUrville": {
                "exemplarCity": "دومون دورویل"
              },
              "Macquarie": {
                "exemplarCity": "مکواری"
              },
              "Mawson": {
                "exemplarCity": "ماوسون"
              },
              "McMurdo": {
                "exemplarCity": "مک‌موردو"
              },
              "Palmer": {
                "exemplarCity": "پالمر"
              },
              "Rothera": {
                "exemplarCity": "روترا"
              },
              "Syowa": {
                "exemplarCity": "شووا"
              },
              "Troll": {
                "exemplarCity": "ترول"
              },
              "Vostok": {
                "exemplarCity": "وستوک"
              }
            },
            "Etc": {
              "UTC": {
                "long": {
                  "standard": "زمان هماهنگ جهانی"
                },
                "short": {
                  "standard": "UTC"
                }
              },
              "Unknown": {
                "exemplarCity": "شهر نامشخص"
              }
            }
          },
          "metazone": {
            "Afghanistan": {
              "long": {
                "standard": "وقت افغانستان"
              }
            },
            "Africa_Central": {
              "long": {
                "standard": "وقت مرکز افریقا"
              }
            },
            "Africa_Eastern": {
              "long": {
                "standard": "وقت شرق افریقا"
              }
            },
            "Africa_Southern": {
              "long": {
                "standard": "وقت عادی جنوب افریقا"
              }
            },
            "Africa_Western": {
              "long": {
                "generic": "وقت غرب افریقا",
                "standard": "وقت عادی غرب افریقا",
                "daylight": "وقت تابستانی غرب افریقا"
              }
            },
            "Alaska": {
              "long": {
                "generic": "وقت آلاسکا",
                "standard": "وقت عادی آلاسکا",
                "daylight": "وقت تابستانی آلاسکا"
              }
            },
            "Almaty": {
              "long": {
                "generic": "وقت آلماآتا",
                "standard": "وقت عادی آلماآتا",
                "daylight": "وقت تابستانی آلماآتا"
              }
            },
            "Amazon": {
              "long": {
                "generic": "وقت آمازون",
                "standard": "وقت عادی آمازون",
                "daylight": "وقت تابستانی آمازون"
              }
            },
            "America_Central": {
              "long": {
                "generic": "وقت مرکز امریکا",
                "standard": "وقت عادی مرکز امریکا",
                "daylight": "وقت تابستانی مرکز امریکا"
              }
            },
            "America_Eastern": {
              "long": {
                "generic": "وقت شرق امریکا",
                "standard": "وقت عادی شرق امریکا",
                "daylight": "وقت تابستانی شرق امریکا"
              }
            },
            "America_Mountain": {
              "long": {
                "generic": "وقت کوهستانی امریکا",
                "standard": "وقت عادی کوهستانی امریکا",
                "daylight": "وقت تابستانی کوهستانی امریکا"
              }
            },
            "America_Pacific": {
              "long": {
                "generic": "وقت غرب امریکا",
                "standard": "وقت عادی غرب امریکا",
                "daylight": "وقت تابستانی غرب امریکا"
              }
            },
            "Anadyr": {
              "long": {
                "generic": "وقت آنادیر",
                "standard": "وقت عادی آنادیر",
                "daylight": "وقت تابستانی آنادیر"
              }
            },
            "Apia": {
              "long": {
                "generic": "وقت آپیا",
                "standard": "وقت عادی آپیا",
                "daylight": "وقت تابستانی آپیا"
              }
            },
            "Arabian": {
              "long": {
                "generic": "وقت عربستان",
                "standard": "وقت عادی عربستان",
                "daylight": "وقت تابستانی عربستان"
              }
            },
            "Argentina": {
              "long": {
                "generic": "وقت آرژانتین",
                "standard": "وقت عادی آرژانتین",
                "daylight": "وقت تابستانی آرژانتین"
              }
            },
            "Argentina_Western": {
              "long": {
                "generic": "وقت غرب آرژانتین",
                "standard": "وقت عادی غرب آرژانتین",
                "daylight": "وقت تابستانی غرب آرژانتین"
              }
            },
            "Armenia": {
              "long": {
                "generic": "وقت ارمنستان",
                "standard": "وقت عادی ارمنستان",
                "daylight": "وقت تابستانی ارمنستان"
              }
            },
            "Atlantic": {
              "long": {
                "generic": "وقت آتلانتیک",
                "standard": "وقت عادی آتلانتیک",
                "daylight": "وقت تابستانی آتلانتیک"
              }
            },
            "Australia_Central": {
              "long": {
                "generic": "وقت مرکز استرالیا",
                "standard": "وقت عادی مرکز استرالیا",
                "daylight": "وقت تابستانی مرکز استرالیا"
              }
            },
            "Australia_CentralWestern": {
              "long": {
                "generic": "وقت مرکز-غرب استرالیا",
                "standard": "وقت عادی مرکز-غرب استرالیا",
                "daylight": "وقت تابستانی مرکز-غرب استرالیا"
              }
            },
            "Australia_Eastern": {
              "long": {
                "generic": "وقت شرق استرالیا",
                "standard": "وقت عادی شرق استرالیا",
                "daylight": "وقت تابستانی شرق استرالیا"
              }
            },
            "Australia_Western": {
              "long": {
                "generic": "وقت غرب استرالیا",
                "standard": "وقت عادی غرب استرالیا",
                "daylight": "وقت تابستانی غرب استرالیا"
              }
            },
            "Azerbaijan": {
              "long": {
                "generic": "وقت جمهوری آذربایجان",
                "standard": "وقت عادی جمهوری آذربایجان",
                "daylight": "وقت تابستانی جمهوری آذربایجان"
              }
            },
            "Azores": {
              "long": {
                "generic": "وقت آزور",
                "standard": "وقت عادی آزور",
                "daylight": "وقت تابستانی آزور"
              }
            },
            "Bangladesh": {
              "long": {
                "generic": "وقت بنگلادش",
                "standard": "وقت عادی بنگلادش",
                "daylight": "وقت تابستانی بنگلادش"
              }
            },
            "Bhutan": {
              "long": {
                "standard": "وقت بوتان"
              }
            },
            "Bolivia": {
              "long": {
                "standard": "وقت بولیوی"
              }
            },
            "Brasilia": {
              "long": {
                "generic": "وقت برازیلیا",
                "standard": "وقت عادی برازیلیا",
                "daylight": "وقت تابستانی برازیلیا"
              }
            },
            "Brunei": {
              "long": {
                "standard": "وقت برونئی دارالسلام"
              }
            },
            "Cape_Verde": {
              "long": {
                "generic": "وقت کیپ‌ورد",
                "standard": "وقت عادی کیپ‌ورد",
                "daylight": "وقت تابستانی کیپ‌ورد"
              }
            },
            "Chamorro": {
              "long": {
                "standard": "وقت عادی چامورو"
              }
            },
            "Chatham": {
              "long": {
                "generic": "وقت چت‌هام",
                "standard": "وقت عادی چت‌هام",
                "daylight": "وقت تابستانی چت‌هام"
              }
            },
            "Chile": {
              "long": {
                "generic": "وقت شیلی",
                "standard": "وقت عادی شیلی",
                "daylight": "وقت تابستانی شیلی"
              }
            },
            "China": {
              "long": {
                "generic": "وقت چین",
                "standard": "وقت عادی چین",
                "daylight": "وقت تابستانی چین"
              }
            },
            "Choibalsan": {
              "long": {
                "generic": "وقت چویبالسان",
                "standard": "وقت عادی چویبالسان",
                "daylight": "وقت تابستانی چویبالسان"
              }
            },
            "Christmas": {
              "long": {
                "standard": "وقت جزیرهٔ کریسمس"
              }
            },
            "Cocos": {
              "long": {
                "standard": "وقت جزایر کوکوس"
              }
            },
            "Colombia": {
              "long": {
                "generic": "وقت کلمبیا",
                "standard": "وقت عادی کلمبیا",
                "daylight": "وقت تابستانی کلمبیا"
              }
            },
            "Cook": {
              "long": {
                "generic": "وقت جزایر کوک",
                "standard": "وقت عادی جزایر کوک",
                "daylight": "وقت تابستانی جزایر کوک"
              }
            },
            "Cuba": {
              "long": {
                "generic": "وقت کوبا",
                "standard": "وقت عادی کوبا",
                "daylight": "وقت تابستانی کوبا"
              }
            },
            "Davis": {
              "long": {
                "standard": "وقت دیویس"
              }
            },
            "DumontDUrville": {
              "long": {
                "standard": "وقت دومون دورویل"
              }
            },
            "East_Timor": {
              "long": {
                "standard": "وقت تیمور شرقی"
              }
            },
            "Easter": {
              "long": {
                "generic": "وقت جزیرهٔ ایستر",
                "standard": "وقت عادی جزیرهٔ ایستر",
                "daylight": "وقت تابستانی جزیرهٔ ایستر"
              }
            },
            "Ecuador": {
              "long": {
                "standard": "وقت اکوادور"
              }
            },
            "Europe_Central": {
              "long": {
                "generic": "وقت مرکز اروپا",
                "standard": "وقت عادی مرکز اروپا",
                "daylight": "وقت تابستانی مرکز اروپا"
              }
            },
            "Europe_Eastern": {
              "long": {
                "generic": "وقت شرق اروپا",
                "standard": "وقت عادی شرق اروپا",
                "daylight": "وقت تابستانی شرق اروپا"
              }
            },
            "Europe_Further_Eastern": {
              "long": {
                "standard": "وقت تابستانی مکان‌های دیگر شرق اروپا"
              }
            },
            "Europe_Western": {
              "long": {
                "generic": "وقت غرب اروپا",
                "standard": "وقت عادی غرب اروپا",
                "daylight": "وقت تابستانی غرب اروپا"
              }
            },
            "Falkland": {
              "long": {
                "generic": "وقت جزایر فالکلند",
                "standard": "وقت عادی جزایر فالکلند",
                "daylight": "وقت تابستانی جزایر فالکلند"
              }
            },
            "Fiji": {
              "long": {
                "generic": "وقت فیجی",
                "standard": "وقت عادی فیجی",
                "daylight": "وقت تابستانی فیجی"
              }
            },
            "French_Guiana": {
              "long": {
                "standard": "وقت گویان فرانسه"
              }
            },
            "French_Southern": {
              "long": {
                "standard": "وقت سرزمین‌های جنوبی و جنوبگان فرانسه"
              }
            },
            "Galapagos": {
              "long": {
                "standard": "وقت گالاپاگوس"
              }
            },
            "Gambier": {
              "long": {
                "standard": "وقت گامبیه"
              }
            },
            "Georgia": {
              "long": {
                "generic": "وقت گرجستان",
                "standard": "وقت عادی گرجستان",
                "daylight": "وقت تابستانی گرجستان"
              }
            },
            "Gilbert_Islands": {
              "long": {
                "standard": "وقت جزایر گیلبرت"
              }
            },
            "GMT": {
              "long": {
                "standard": "وقت گرینویچ"
              }
            },
            "Greenland_Eastern": {
              "long": {
                "generic": "وقت شرق گرینلند",
                "standard": "وقت عادی شرق گرینلند",
                "daylight": "وقت تابستانی شرق گرینلند"
              }
            },
            "Greenland_Western": {
              "long": {
                "generic": "وقت غرب گرینلند",
                "standard": "وقت عادی غرب گرینلند",
                "daylight": "وقت تابستانی غرب گرینلند"
              }
            },
            "Guam": {
              "long": {
                "standard": "وقت عادی گوام"
              }
            },
            "Gulf": {
              "long": {
                "standard": "وقت عادی خلیج فارس"
              }
            },
            "Guyana": {
              "long": {
                "standard": "وقت گویان"
              }
            },
            "Hawaii_Aleutian": {
              "long": {
                "generic": "وقت هاوایی‐الوشن",
                "standard": "وقت عادی هاوایی‐الوشن",
                "daylight": "وقت تابستانی هاوایی‐الوشن"
              }
            },
            "Hong_Kong": {
              "long": {
                "generic": "وقت هنگ‌کنگ",
                "standard": "وقت عادی هنگ‌کنگ",
                "daylight": "وقت تابستانی هنگ‌کنگ"
              }
            },
            "Hovd": {
              "long": {
                "generic": "وقت خوود",
                "standard": "وقت عادی خوود",
                "daylight": "وقت تابستانی خوود"
              }
            },
            "India": {
              "long": {
                "standard": "وقت هند"
              }
            },
            "Indian_Ocean": {
              "long": {
                "standard": "وقت اقیانوس هند"
              }
            },
            "Indochina": {
              "long": {
                "standard": "وقت هندوچین"
              }
            },
            "Indonesia_Central": {
              "long": {
                "standard": "وقت مرکز اندونزی"
              }
            },
            "Indonesia_Eastern": {
              "long": {
                "standard": "وقت شرق اندونزی"
              }
            },
            "Indonesia_Western": {
              "long": {
                "standard": "وقت غرب اندونزی"
              }
            },
            "Iran": {
              "long": {
                "generic": "وقت ایران",
                "standard": "وقت عادی ایران",
                "daylight": "وقت تابستانی ایران"
              }
            },
            "Irkutsk": {
              "long": {
                "generic": "وقت ایرکوتسک",
                "standard": "وقت عادی ایرکوتسک",
                "daylight": "وقت تابستانی ایرکوتسک"
              }
            },
            "Israel": {
              "long": {
                "generic": "وقت اسرائیل",
                "standard": "وقت عادی اسرائیل",
                "daylight": "وقت تابستانی اسرائیل"
              }
            },
            "Japan": {
              "long": {
                "generic": "وقت ژاپن",
                "standard": "وقت عادی ژاپن",
                "daylight": "وقت تابستانی ژاپن"
              }
            },
            "Kamchatka": {
              "long": {
                "generic": "وقت پتروپاولوسک‐کامچاتسکی",
                "standard": "وقت عادی پتروپاولوسک‐کامچاتسکی",
                "daylight": "وقت تابستانی پتروپاولوسک‐کامچاتسکی"
              }
            },
            "Kazakhstan_Eastern": {
              "long": {
                "standard": "وقت شرق قزاقستان"
              }
            },
            "Kazakhstan_Western": {
              "long": {
                "standard": "وقت غرب قزاقستان"
              }
            },
            "Korea": {
              "long": {
                "generic": "وقت کره",
                "standard": "وقت عادی کره",
                "daylight": "وقت تابستانی کره"
              }
            },
            "Kosrae": {
              "long": {
                "standard": "وقت کوسرای"
              }
            },
            "Krasnoyarsk": {
              "long": {
                "generic": "وقت کراسنویارسک",
                "standard": "وقت عادی کراسنویارسک",
                "daylight": "وقت تابستانی کراسنویارسک"
              }
            },
            "Kyrgystan": {
              "long": {
                "standard": "وقت قرقیزستان"
              }
            },
            "Lanka": {
              "long": {
                "standard": "وقت لانکا"
              }
            },
            "Line_Islands": {
              "long": {
                "standard": "وقت جزایر لاین"
              }
            },
            "Lord_Howe": {
              "long": {
                "generic": "وقت لردهو",
                "standard": "وقت عادی لردهو",
                "daylight": "وقت تابستانی لردهو"
              }
            },
            "Macau": {
              "long": {
                "generic": "وقت ماکائو",
                "standard": "وقت عادی ماکائو",
                "daylight": "وقت تابستانی ماکائو"
              }
            },
            "Macquarie": {
              "long": {
                "standard": "وقت جزیرهٔ مکواری"
              }
            },
            "Magadan": {
              "long": {
                "generic": "وقت ماگادان",
                "standard": "وقت عادی ماگادان",
                "daylight": "وقت تابستانی ماگادان"
              }
            },
            "Malaysia": {
              "long": {
                "standard": "وقت مالزی"
              }
            },
            "Maldives": {
              "long": {
                "standard": "وقت مالدیو"
              }
            },
            "Marquesas": {
              "long": {
                "standard": "وقت مارکوئز"
              }
            },
            "Marshall_Islands": {
              "long": {
                "standard": "وقت جزایر مارشال"
              }
            },
            "Mauritius": {
              "long": {
                "generic": "وقت موریس",
                "standard": "وقت عادی موریس",
                "daylight": "وقت تابستانی موریس"
              }
            },
            "Mawson": {
              "long": {
                "standard": "وقت ماوسون"
              }
            },
            "Mexico_Northwest": {
              "long": {
                "generic": "وقت شمال غرب مکزیک",
                "standard": "وقت عادی شمال غرب مکزیک",
                "daylight": "وقت تابستانی شمال غرب مکزیک"
              }
            },
            "Mexico_Pacific": {
              "long": {
                "generic": "وقت شرق مکزیک",
                "standard": "وقت عادی شرق مکزیک",
                "daylight": "وقت تابستانی شرق مکزیک"
              }
            },
            "Mongolia": {
              "long": {
                "generic": "وقت اولان‌باتور",
                "standard": "وقت عادی اولان‌باتور",
                "daylight": "وقت تابستانی اولان‌باتور"
              }
            },
            "Moscow": {
              "long": {
                "generic": "وقت مسکو",
                "standard": "وقت عادی مسکو",
                "daylight": "وقت تابستانی مسکو"
              }
            },
            "Myanmar": {
              "long": {
                "standard": "وقت میانمار"
              }
            },
            "Nauru": {
              "long": {
                "standard": "وقت نائورو"
              }
            },
            "Nepal": {
              "long": {
                "standard": "وقت نپال"
              }
            },
            "New_Caledonia": {
              "long": {
                "generic": "وقت کالدونیای جدید",
                "standard": "وقت عادی کالدونیای جدید",
                "daylight": "وقت تابستانی کالدونیای جدید"
              }
            },
            "New_Zealand": {
              "long": {
                "generic": "وقت زلاند نو",
                "standard": "وقت عادی زلاند نو",
                "daylight": "وقت تابستانی زلاند نو"
              }
            },
            "Newfoundland": {
              "long": {
                "generic": "وقت نیوفاندلند",
                "standard": "وقت عادی نیوفاندلند",
                "daylight": "وقت تابستانی نیوفاندلند"
              }
            },
            "Niue": {
              "long": {
                "standard": "وقت نیوئه"
              }
            },
            "Norfolk": {
              "long": {
                "standard": "وقت جزایر نورفولک"
              }
            },
            "Noronha": {
              "long": {
                "generic": "وقت فرناندو دی نورونیا",
                "standard": "وقت عادی فرناندو دی نورونیا",
                "daylight": "وقت تابستانی فرناندو دی نورونیا"
              }
            },
            "North_Mariana": {
              "long": {
                "standard": "وقت جزایر ماریانای شمالی"
              }
            },
            "Novosibirsk": {
              "long": {
                "generic": "وقت نووسیبیرسک",
                "standard": "وقت عادی نووسیبیرسک",
                "daylight": "وقت تابستانی نووسیبیرسک"
              }
            },
            "Omsk": {
              "long": {
                "generic": "وقت اومسک",
                "standard": "وقت عادی اومسک",
                "daylight": "وقت تابستانی اومسک"
              }
            },
            "Pakistan": {
              "long": {
                "generic": "وقت پاکستان",
                "standard": "وقت عادی پاکستان",
                "daylight": "وقت تابستانی پاکستان"
              }
            },
            "Palau": {
              "long": {
                "standard": "وقت پالائو"
              }
            },
            "Papua_New_Guinea": {
              "long": {
                "standard": "وقت پاپوا گینهٔ نو"
              }
            },
            "Paraguay": {
              "long": {
                "generic": "وقت پاراگوئه",
                "standard": "وقت عادی پاراگوئه",
                "daylight": "وقت تابستانی پاراگوئه"
              }
            },
            "Peru": {
              "long": {
                "generic": "وقت پرو",
                "standard": "وقت عادی پرو",
                "daylight": "وقت تابستانی پرو"
              }
            },
            "Philippines": {
              "long": {
                "generic": "وقت فیلیپین",
                "standard": "وقت عادی فیلیپین",
                "daylight": "وقت تابستانی فیلیپین"
              }
            },
            "Phoenix_Islands": {
              "long": {
                "standard": "وقت جزایر فونیکس"
              }
            },
            "Pierre_Miquelon": {
              "long": {
                "generic": "وقت سنت‌پیر و میکلون",
                "standard": "وقت عادی سنت‌پیر و میکلون",
                "daylight": "وقت تابستانی سنت‌پیر و میکلون"
              }
            },
            "Pitcairn": {
              "long": {
                "standard": "وقت پیتکایرن"
              }
            },
            "Ponape": {
              "long": {
                "standard": "وقت پوناپه"
              }
            },
            "Pyongyang": {
              "long": {
                "standard": "وقت پیونگ‌یانگ"
              }
            },
            "Qyzylorda": {
              "long": {
                "generic": "وقت قیزیل‌اوردا",
                "standard": "وقت عادی قیزیل‌اوردا",
                "daylight": "وقت تابستانی قیزیل‌اوردا"
              }
            },
            "Reunion": {
              "long": {
                "standard": "وقت ریونیون"
              }
            },
            "Rothera": {
              "long": {
                "standard": "وقت روترا"
              }
            },
            "Sakhalin": {
              "long": {
                "generic": "وقت ساخالین",
                "standard": "وقت عادی ساخالین",
                "daylight": "وقت تابستانی ساخالین"
              }
            },
            "Samara": {
              "long": {
                "generic": "وقت سامارا",
                "standard": "وقت عادی سامارا",
                "daylight": "وقت تابستانی سامارا"
              }
            },
            "Samoa": {
              "long": {
                "generic": "وقت ساموا",
                "standard": "وقت عادی ساموا",
                "daylight": "وقت تابستانی ساموا"
              }
            },
            "Seychelles": {
              "long": {
                "standard": "وقت سیشل"
              }
            },
            "Singapore": {
              "long": {
                "standard": "وقت سنگاپور"
              }
            },
            "Solomon": {
              "long": {
                "standard": "وقت جزایر سلیمان"
              }
            },
            "South_Georgia": {
              "long": {
                "standard": "وقت جورجیای جنوبی"
              }
            },
            "Suriname": {
              "long": {
                "standard": "وقت سورینام"
              }
            },
            "Syowa": {
              "long": {
                "standard": "وقت شووا"
              }
            },
            "Tahiti": {
              "long": {
                "standard": "وقت تاهیتی"
              }
            },
            "Taipei": {
              "long": {
                "generic": "وقت تایپه",
                "standard": "وقت عادی تایپه",
                "daylight": "وقت تابستانی تایپه"
              }
            },
            "Tajikistan": {
              "long": {
                "standard": "وقت تاجیکستان"
              }
            },
            "Tokelau": {
              "long": {
                "standard": "وقت توکلائو"
              }
            },
            "Tonga": {
              "long": {
                "generic": "وقت تونگا",
                "standard": "وقت عادی تونگا",
                "daylight": "وقت تابستانی تونگا"
              }
            },
            "Truk": {
              "long": {
                "standard": "وقت چوئوک"
              }
            },
            "Turkmenistan": {
              "long": {
                "generic": "وقت ترکمنستان",
                "standard": "وقت عادی ترکمنستان",
                "daylight": "وقت تابستانی ترکمنستان"
              }
            },
            "Tuvalu": {
              "long": {
                "standard": "وقت تووالو"
              }
            },
            "Uruguay": {
              "long": {
                "generic": "وقت اروگوئه",
                "standard": "وقت عادی اروگوئه",
                "daylight": "وقت تابستانی اروگوئه"
              }
            },
            "Uzbekistan": {
              "long": {
                "generic": "وقت ازبکستان",
                "standard": "وقت عادی ازبکستان",
                "daylight": "وقت تابستانی ازبکستان"
              }
            },
            "Vanuatu": {
              "long": {
                "generic": "وقت واناتو",
                "standard": "وقت عادی واناتو",
                "daylight": "وقت تابستانی واناتو"
              }
            },
            "Venezuela": {
              "long": {
                "standard": "وقت ونزوئلا"
              }
            },
            "Vladivostok": {
              "long": {
                "generic": "وقت ولادی‌وستوک",
                "standard": "وقت عادی ولادی‌وستوک",
                "daylight": "وقت تابستانی ولادی‌وستوک"
              }
            },
            "Volgograd": {
              "long": {
                "generic": "وقت ولگاگراد",
                "standard": "وقت عادی ولگاگراد",
                "daylight": "وقت تابستانی ولگاگراد"
              }
            },
            "Vostok": {
              "long": {
                "standard": "وقت وستوک"
              }
            },
            "Wake": {
              "long": {
                "standard": "وقت جزیرهٔ ویک"
              }
            },
            "Wallis": {
              "long": {
                "standard": "وقت والیس و فوتونا"
              }
            },
            "Yakutsk": {
              "long": {
                "generic": "وقت یاکوتسک",
                "standard": "وقت عادی یاکوتسک",
                "daylight": "وقت تابستانی یاکوتسک"
              }
            },
            "Yekaterinburg": {
              "long": {
                "generic": "وقت یکاترینبورگ",
                "standard": "وقت عادی یکاترینبورگ",
                "daylight": "وقت تابستانی یکاترینبورگ"
              }
            }
          }
        }
      }
    }
  }
}
