{
  "main": {
    "fi": {
      "identity": {
        "version": {
          "_number": "$Revision: 13767 $",
          "_cldrVersion": "32.0.1"
        },
        "language": "fi"
      },
      "dates": {
        "timeZoneNames": {
          "hourFormat": "+H.mm;-H.mm",
          "gmtFormat": "UTC{0}",
          "gmtZeroFormat": "UTC",
          "regionFormat": "aikavyöhyke: {0}",
          "regionFormat-type-daylight": "{0} (kesäaika)",
          "regionFormat-type-standard": "{0} (normaaliaika)",
          "fallbackFormat": "{1} ({0})",
          "zone": {
            "America": {
              "Adak": {
                "exemplarCity": "Adak"
              },
              "Anchorage": {
                "exemplarCity": "Anchorage"
              },
              "Anguilla": {
                "exemplarCity": "Anguilla"
              },
              "Antigua": {
                "exemplarCity": "Antigua"
              },
              "Araguaina": {
                "exemplarCity": "Araguaína"
              },
              "Argentina": {
                "Rio_Gallegos": {
                  "exemplarCity": "Rio Gallegos"
                },
                "San_Juan": {
                  "exemplarCity": "San Juan"
                },
                "Ushuaia": {
                  "exemplarCity": "Ushuaia"
                },
                "La_Rioja": {
                  "exemplarCity": "La Rioja"
                },
                "San_Luis": {
                  "exemplarCity": "San Luis"
                },
                "Salta": {
                  "exemplarCity": "Salta"
                },
                "Tucuman": {
                  "exemplarCity": "Tucumán"
                }
              },
              "Aruba": {
                "exemplarCity": "Aruba"
              },
              "Asuncion": {
                "exemplarCity": "Asunción"
              },
              "Bahia": {
                "exemplarCity": "Bahia"
              },
              "Bahia_Banderas": {
                "exemplarCity": "Bahía de Banderas"
              },
              "Barbados": {
                "exemplarCity": "Barbados"
              },
              "Belem": {
                "exemplarCity": "Belem"
              },
              "Belize": {
                "exemplarCity": "Belize"
              },
              "Blanc-Sablon": {
                "exemplarCity": "Blanc-Sablon"
              },
              "Boa_Vista": {
                "exemplarCity": "Boa Vista"
              },
              "Bogota": {
                "exemplarCity": "Bogotá"
              },
              "Boise": {
                "exemplarCity": "Boise"
              },
              "Buenos_Aires": {
                "exemplarCity": "Buenos Aires"
              },
              "Cambridge_Bay": {
                "exemplarCity": "Cambridge Bay"
              },
              "Campo_Grande": {
                "exemplarCity": "Campo Grande"
              },
              "Cancun": {
                "exemplarCity": "Cancún"
              },
              "Caracas": {
                "exemplarCity": "Caracas"
              },
              "Catamarca": {
                "exemplarCity": "Catamarca"
              },
              "Cayenne": {
                "exemplarCity": "Cayenne"
              },
              "Cayman": {
                "exemplarCity": "Cayman"
              },
              "Chicago": {
                "exemplarCity": "Chicago"
              },
              "Chihuahua": {
                "exemplarCity": "Chihuahua"
              },
              "Coral_Harbour": {
                "exemplarCity": "Atikokan"
              },
              "Cordoba": {
                "exemplarCity": "Córdoba"
              },
              "Costa_Rica": {
                "exemplarCity": "Costa Rica"
              },
              "Creston": {
                "exemplarCity": "Creston"
              },
              "Cuiaba": {
                "exemplarCity": "Cuiabá"
              },
              "Curacao": {
                "exemplarCity": "Curaçao"
              },
              "Danmarkshavn": {
                "exemplarCity": "Danmarkshavn"
              },
              "Dawson": {
                "exemplarCity": "Dawson"
              },
              "Dawson_Creek": {
                "exemplarCity": "Dawson Creek"
              },
              "Denver": {
                "exemplarCity": "Denver"
              },
              "Detroit": {
                "exemplarCity": "Detroit"
              },
              "Dominica": {
                "exemplarCity": "Dominica"
              },
              "Edmonton": {
                "exemplarCity": "Edmonton"
              },
              "Eirunepe": {
                "exemplarCity": "Eirunepé"
              },
              "El_Salvador": {
                "exemplarCity": "El Salvador"
              },
              "Fort_Nelson": {
                "exemplarCity": "Fort Nelson"
              },
              "Fortaleza": {
                "exemplarCity": "Fortaleza"
              },
              "Glace_Bay": {
                "exemplarCity": "Glace Bay"
              },
              "Godthab": {
                "exemplarCity": "Nuuk",
                "exemplarCity-alt-secondary": "Godthåb"
              },
              "Goose_Bay": {
                "exemplarCity": "Goose Bay"
              },
              "Grand_Turk": {
                "exemplarCity": "Grand Turk"
              },
              "Grenada": {
                "exemplarCity": "Grenada"
              },
              "Guadeloupe": {
                "exemplarCity": "Guadeloupe"
              },
              "Guatemala": {
                "exemplarCity": "Guatemala"
              },
              "Guayaquil": {
                "exemplarCity": "Guayaquil"
              },
              "Guyana": {
                "exemplarCity": "Guyana"
              },
              "Halifax": {
                "exemplarCity": "Halifax"
              },
              "Havana": {
                "exemplarCity": "Havanna"
              },
              "Hermosillo": {
                "exemplarCity": "Hermosillo"
              },
              "Indiana": {
                "Vincennes": {
                  "exemplarCity": "Vincennes, Indiana"
                },
                "Petersburg": {
                  "exemplarCity": "Petersburg, Indiana"
                },
                "Tell_City": {
                  "exemplarCity": "Tell City, Indiana"
                },
                "Knox": {
                  "exemplarCity": "Knox, Indiana"
                },
                "Winamac": {
                  "exemplarCity": "Winamac, Indiana"
                },
                "Marengo": {
                  "exemplarCity": "Marengo, Indiana"
                },
                "Vevay": {
                  "exemplarCity": "Vevay, Indiana"
                }
              },
              "Indianapolis": {
                "exemplarCity": "Indianapolis"
              },
              "Inuvik": {
                "exemplarCity": "Inuvik"
              },
              "Iqaluit": {
                "exemplarCity": "Iqaluit"
              },
              "Jamaica": {
                "exemplarCity": "Jamaika"
              },
              "Jujuy": {
                "exemplarCity": "Jujuy"
              },
              "Juneau": {
                "exemplarCity": "Juneau"
              },
              "Kentucky": {
                "Monticello": {
                  "exemplarCity": "Monticello, Kentucky"
                }
              },
              "Kralendijk": {
                "exemplarCity": "Kralendijk"
              },
              "La_Paz": {
                "exemplarCity": "La Paz"
              },
              "Lima": {
                "exemplarCity": "Lima"
              },
              "Los_Angeles": {
                "exemplarCity": "Los Angeles"
              },
              "Louisville": {
                "exemplarCity": "Louisville"
              },
              "Lower_Princes": {
                "exemplarCity": "Lower Prince’s Quarter"
              },
              "Maceio": {
                "exemplarCity": "Maceió"
              },
              "Managua": {
                "exemplarCity": "Managua"
              },
              "Manaus": {
                "exemplarCity": "Manaus"
              },
              "Marigot": {
                "exemplarCity": "Marigot"
              },
              "Martinique": {
                "exemplarCity": "Martinique"
              },
              "Matamoros": {
                "exemplarCity": "Matamoros"
              },
              "Mazatlan": {
                "exemplarCity": "Mazatlán"
              },
              "Mendoza": {
                "exemplarCity": "Mendoza"
              },
              "Menominee": {
                "exemplarCity": "Menominee"
              },
              "Merida": {
                "exemplarCity": "Mérida"
              },
              "Metlakatla": {
                "exemplarCity": "Metlakatla"
              },
              "Mexico_City": {
                "exemplarCity": "Ciudad de México"
              },
              "Miquelon": {
                "exemplarCity": "Miquelon"
              },
              "Moncton": {
                "exemplarCity": "Moncton"
              },
              "Monterrey": {
                "exemplarCity": "Monterrey"
              },
              "Montevideo": {
                "exemplarCity": "Montevideo"
              },
              "Montserrat": {
                "exemplarCity": "Montserrat"
              },
              "Nassau": {
                "exemplarCity": "Nassau"
              },
              "New_York": {
                "exemplarCity": "New York"
              },
              "Nipigon": {
                "exemplarCity": "Nipigon"
              },
              "Nome": {
                "exemplarCity": "Nome"
              },
              "Noronha": {
                "exemplarCity": "Noronha"
              },
              "North_Dakota": {
                "Beulah": {
                  "exemplarCity": "Beulah, Pohjois-Dakota"
                },
                "New_Salem": {
                  "exemplarCity": "New Salem, Pohjois-Dakota"
                },
                "Center": {
                  "exemplarCity": "Center, Pohjois-Dakota"
                }
              },
              "Ojinaga": {
                "exemplarCity": "Ojinaga"
              },
              "Panama": {
                "exemplarCity": "Panama"
              },
              "Pangnirtung": {
                "exemplarCity": "Pangnirtung"
              },
              "Paramaribo": {
                "exemplarCity": "Paramaribo"
              },
              "Phoenix": {
                "exemplarCity": "Phoenix"
              },
              "Port-au-Prince": {
                "exemplarCity": "Port-au-Prince"
              },
              "Port_of_Spain": {
                "exemplarCity": "Port of Spain"
              },
              "Porto_Velho": {
                "exemplarCity": "Porto Velho"
              },
              "Puerto_Rico": {
                "exemplarCity": "Puerto Rico"
              },
              "Punta_Arenas": {
                "exemplarCity": "Punta Arenas"
              },
              "Rainy_River": {
                "exemplarCity": "Rainy River"
              },
              "Rankin_Inlet": {
                "exemplarCity": "Rankin Inlet"
              },
              "Recife": {
                "exemplarCity": "Recife"
              },
              "Regina": {
                "exemplarCity": "Regina"
              },
              "Resolute": {
                "exemplarCity": "Resolute"
              },
              "Rio_Branco": {
                "exemplarCity": "Rio Branco"
              },
              "Santa_Isabel": {
                "exemplarCity": "Santa Isabel"
              },
              "Santarem": {
                "exemplarCity": "Santarém"
              },
              "Santiago": {
                "exemplarCity": "Santiago de Chile"
              },
              "Santo_Domingo": {
                "exemplarCity": "Santo Domingo"
              },
              "Sao_Paulo": {
                "exemplarCity": "São Paulo"
              },
              "Scoresbysund": {
                "exemplarCity": "Ittoqqortoormiit",
                "exemplarCity-alt-secondary": "Scoresbysund"
              },
              "Sitka": {
                "exemplarCity": "Sitka"
              },
              "St_Barthelemy": {
                "exemplarCity": "Saint-Barthélemy"
              },
              "St_Johns": {
                "exemplarCity": "St. John’s"
              },
              "St_Kitts": {
                "exemplarCity": "Saint Kitts"
              },
              "St_Lucia": {
                "exemplarCity": "Saint Lucia"
              },
              "St_Thomas": {
                "exemplarCity": "Saint Thomas"
              },
              "St_Vincent": {
                "exemplarCity": "Saint Vincent"
              },
              "Swift_Current": {
                "exemplarCity": "Swift Current"
              },
              "Tegucigalpa": {
                "exemplarCity": "Tegucigalpa"
              },
              "Thule": {
                "exemplarCity": "Thule",
                "exemplarCity-alt-secondary": "Qaanaaq"
              },
              "Thunder_Bay": {
                "exemplarCity": "Thunder Bay"
              },
              "Tijuana": {
                "exemplarCity": "Tijuana"
              },
              "Toronto": {
                "exemplarCity": "Toronto"
              },
              "Tortola": {
                "exemplarCity": "Tortola"
              },
              "Vancouver": {
                "exemplarCity": "Vancouver"
              },
              "Whitehorse": {
                "exemplarCity": "Whitehorse"
              },
              "Winnipeg": {
                "exemplarCity": "Winnipeg"
              },
              "Yakutat": {
                "exemplarCity": "Yakutat"
              },
              "Yellowknife": {
                "exemplarCity": "Yellowknife"
              }
            },
            "Atlantic": {
              "Azores": {
                "exemplarCity": "Azorit"
              },
              "Bermuda": {
                "exemplarCity": "Bermuda"
              },
              "Canary": {
                "exemplarCity": "Kanariansaaret"
              },
              "Cape_Verde": {
                "exemplarCity": "Kap Verde"
              },
              "Faeroe": {
                "exemplarCity": "Färsaaret"
              },
              "Madeira": {
                "exemplarCity": "Madeira"
              },
              "Reykjavik": {
                "exemplarCity": "Reykjavík"
              },
              "South_Georgia": {
                "exemplarCity": "Etelä-Georgia"
              },
              "St_Helena": {
                "exemplarCity": "Saint Helena"
              },
              "Stanley": {
                "exemplarCity": "Stanley"
              }
            },
            "Europe": {
              "Amsterdam": {
                "exemplarCity": "Amsterdam"
              },
              "Andorra": {
                "exemplarCity": "Andorra"
              },
              "Astrakhan": {
                "exemplarCity": "Astrahan"
              },
              "Athens": {
                "exemplarCity": "Ateena"
              },
              "Belgrade": {
                "exemplarCity": "Belgrad"
              },
              "Berlin": {
                "exemplarCity": "Berliini"
              },
              "Bratislava": {
                "exemplarCity": "Bratislava"
              },
              "Brussels": {
                "exemplarCity": "Bryssel"
              },
              "Bucharest": {
                "exemplarCity": "Bukarest"
              },
              "Budapest": {
                "exemplarCity": "Budapest"
              },
              "Busingen": {
                "exemplarCity": "Büsingen"
              },
              "Chisinau": {
                "exemplarCity": "Chişinău"
              },
              "Copenhagen": {
                "exemplarCity": "Kööpenhamina"
              },
              "Dublin": {
                "long": {
                  "daylight": "Irlannin kesäaika"
                },
                "exemplarCity": "Dublin"
              },
              "Gibraltar": {
                "exemplarCity": "Gibraltar"
              },
              "Guernsey": {
                "exemplarCity": "Guernsey"
              },
              "Helsinki": {
                "exemplarCity": "Helsinki"
              },
              "Isle_of_Man": {
                "exemplarCity": "Mansaari"
              },
              "Istanbul": {
                "exemplarCity": "Istanbul"
              },
              "Jersey": {
                "exemplarCity": "Jersey"
              },
              "Kaliningrad": {
                "exemplarCity": "Kaliningrad"
              },
              "Kiev": {
                "exemplarCity": "Kiova"
              },
              "Kirov": {
                "exemplarCity": "Kirov"
              },
              "Lisbon": {
                "exemplarCity": "Lissabon"
              },
              "Ljubljana": {
                "exemplarCity": "Ljubljana"
              },
              "London": {
                "long": {
                  "daylight": "Britannian kesäaika"
                },
                "exemplarCity": "Lontoo"
              },
              "Luxembourg": {
                "exemplarCity": "Luxemburg"
              },
              "Madrid": {
                "exemplarCity": "Madrid"
              },
              "Malta": {
                "exemplarCity": "Malta"
              },
              "Mariehamn": {
                "exemplarCity": "Maarianhamina",
                "exemplarCity-alt-secondary": "Mariehamn"
              },
              "Minsk": {
                "exemplarCity": "Minsk"
              },
              "Monaco": {
                "exemplarCity": "Monaco"
              },
              "Moscow": {
                "exemplarCity": "Moskova"
              },
              "Oslo": {
                "exemplarCity": "Oslo"
              },
              "Paris": {
                "exemplarCity": "Pariisi"
              },
              "Podgorica": {
                "exemplarCity": "Podgorica"
              },
              "Prague": {
                "exemplarCity": "Praha"
              },
              "Riga": {
                "exemplarCity": "Riika"
              },
              "Rome": {
                "exemplarCity": "Rooma"
              },
              "Samara": {
                "exemplarCity": "Samara"
              },
              "San_Marino": {
                "exemplarCity": "San Marino"
              },
              "Sarajevo": {
                "exemplarCity": "Sarajevo"
              },
              "Saratov": {
                "exemplarCity": "Saratov"
              },
              "Simferopol": {
                "exemplarCity": "Simferopol"
              },
              "Skopje": {
                "exemplarCity": "Skopje"
              },
              "Sofia": {
                "exemplarCity": "Sofia"
              },
              "Stockholm": {
                "exemplarCity": "Tukholma"
              },
              "Tallinn": {
                "exemplarCity": "Tallinna"
              },
              "Tirane": {
                "exemplarCity": "Tirana"
              },
              "Ulyanovsk": {
                "exemplarCity": "Uljanovsk"
              },
              "Uzhgorod": {
                "exemplarCity": "Užgorod"
              },
              "Vaduz": {
                "exemplarCity": "Vaduz"
              },
              "Vatican": {
                "exemplarCity": "Vatikaani"
              },
              "Vienna": {
                "exemplarCity": "Wien"
              },
              "Vilnius": {
                "exemplarCity": "Vilna"
              },
              "Volgograd": {
                "exemplarCity": "Volgograd"
              },
              "Warsaw": {
                "exemplarCity": "Varsova"
              },
              "Zagreb": {
                "exemplarCity": "Zagreb"
              },
              "Zaporozhye": {
                "exemplarCity": "Zaporižžja"
              },
              "Zurich": {
                "exemplarCity": "Zürich"
              }
            },
            "Africa": {
              "Abidjan": {
                "exemplarCity": "Abidjan"
              },
              "Accra": {
                "exemplarCity": "Accra"
              },
              "Addis_Ababa": {
                "exemplarCity": "Addis Abeba"
              },
              "Algiers": {
                "exemplarCity": "Alger"
              },
              "Asmera": {
                "exemplarCity": "Asmara"
              },
              "Bamako": {
                "exemplarCity": "Bamako"
              },
              "Bangui": {
                "exemplarCity": "Bangui"
              },
              "Banjul": {
                "exemplarCity": "Banjul"
              },
              "Bissau": {
                "exemplarCity": "Bissau"
              },
              "Blantyre": {
                "exemplarCity": "Blantyre"
              },
              "Brazzaville": {
                "exemplarCity": "Brazzaville"
              },
              "Bujumbura": {
                "exemplarCity": "Bujumbura"
              },
              "Cairo": {
                "exemplarCity": "Kairo"
              },
              "Casablanca": {
                "exemplarCity": "Casablanca"
              },
              "Ceuta": {
                "exemplarCity": "Ceuta"
              },
              "Conakry": {
                "exemplarCity": "Conakry"
              },
              "Dakar": {
                "exemplarCity": "Dakar"
              },
              "Dar_es_Salaam": {
                "exemplarCity": "Dar es Salaam"
              },
              "Djibouti": {
                "exemplarCity": "Djibouti"
              },
              "Douala": {
                "exemplarCity": "Douala"
              },
              "El_Aaiun": {
                "exemplarCity": "El Aaiún"
              },
              "Freetown": {
                "exemplarCity": "Freetown"
              },
              "Gaborone": {
                "exemplarCity": "Gaborone"
              },
              "Harare": {
                "exemplarCity": "Harare"
              },
              "Johannesburg": {
                "exemplarCity": "Johannesburg"
              },
              "Juba": {
                "exemplarCity": "Juba"
              },
              "Kampala": {
                "exemplarCity": "Kampala"
              },
              "Khartoum": {
                "exemplarCity": "Khartum"
              },
              "Kigali": {
                "exemplarCity": "Kigali"
              },
              "Kinshasa": {
                "exemplarCity": "Kinshasa"
              },
              "Lagos": {
                "exemplarCity": "Lagos"
              },
              "Libreville": {
                "exemplarCity": "Libreville"
              },
              "Lome": {
                "exemplarCity": "Lomé"
              },
              "Luanda": {
                "exemplarCity": "Luanda"
              },
              "Lubumbashi": {
                "exemplarCity": "Lubumbashi"
              },
              "Lusaka": {
                "exemplarCity": "Lusaka"
              },
              "Malabo": {
                "exemplarCity": "Malabo"
              },
              "Maputo": {
                "exemplarCity": "Maputo"
              },
              "Maseru": {
                "exemplarCity": "Maseru"
              },
              "Mbabane": {
                "exemplarCity": "Mbabane"
              },
              "Mogadishu": {
                "exemplarCity": "Mogadishu"
              },
              "Monrovia": {
                "exemplarCity": "Monrovia"
              },
              "Nairobi": {
                "exemplarCity": "Nairobi"
              },
              "Ndjamena": {
                "exemplarCity": "N’Djamena"
              },
              "Niamey": {
                "exemplarCity": "Niamey"
              },
              "Nouakchott": {
                "exemplarCity": "Nouakchott"
              },
              "Ouagadougou": {
                "exemplarCity": "Ouagadougou"
              },
              "Porto-Novo": {
                "exemplarCity": "Porto-Novo"
              },
              "Sao_Tome": {
                "exemplarCity": "São Tomé"
              },
              "Tripoli": {
                "exemplarCity": "Tripoli"
              },
              "Tunis": {
                "exemplarCity": "Tunis"
              },
              "Windhoek": {
                "exemplarCity": "Windhoek"
              }
            },
            "Asia": {
              "Aden": {
                "exemplarCity": "Aden"
              },
              "Almaty": {
                "exemplarCity": "Almaty"
              },
              "Amman": {
                "exemplarCity": "Amman"
              },
              "Anadyr": {
                "exemplarCity": "Anadyr"
              },
              "Aqtau": {
                "exemplarCity": "Aqtaw"
              },
              "Aqtobe": {
                "exemplarCity": "Aqtöbe"
              },
              "Ashgabat": {
                "exemplarCity": "Ašgabat"
              },
              "Atyrau": {
                "exemplarCity": "Atıraw"
              },
              "Baghdad": {
                "exemplarCity": "Bagdad"
              },
              "Bahrain": {
                "exemplarCity": "Bahrain"
              },
              "Baku": {
                "exemplarCity": "Baku"
              },
              "Bangkok": {
                "exemplarCity": "Bangkok"
              },
              "Barnaul": {
                "exemplarCity": "Barnaul"
              },
              "Beirut": {
                "exemplarCity": "Beirut"
              },
              "Bishkek": {
                "exemplarCity": "Biškek"
              },
              "Brunei": {
                "exemplarCity": "Brunei"
              },
              "Calcutta": {
                "exemplarCity": "Kalkutta"
              },
              "Chita": {
                "exemplarCity": "Tšita"
              },
              "Choibalsan": {
                "exemplarCity": "Tšoibalsa"
              },
              "Colombo": {
                "exemplarCity": "Colombo"
              },
              "Damascus": {
                "exemplarCity": "Damaskos"
              },
              "Dhaka": {
                "exemplarCity": "Dhaka"
              },
              "Dili": {
                "exemplarCity": "Dili"
              },
              "Dubai": {
                "exemplarCity": "Dubai"
              },
              "Dushanbe": {
                "exemplarCity": "Dušanbe"
              },
              "Famagusta": {
                "exemplarCity": "Famagusta"
              },
              "Gaza": {
                "exemplarCity": "Gaza"
              },
              "Hebron": {
                "exemplarCity": "Hebron"
              },
              "Hong_Kong": {
                "exemplarCity": "Hongkong"
              },
              "Hovd": {
                "exemplarCity": "Hovd"
              },
              "Irkutsk": {
                "exemplarCity": "Irkutsk"
              },
              "Jakarta": {
                "exemplarCity": "Jakarta"
              },
              "Jayapura": {
                "exemplarCity": "Jayapura"
              },
              "Jerusalem": {
                "exemplarCity": "Jerusalem"
              },
              "Kabul": {
                "exemplarCity": "Kabul"
              },
              "Kamchatka": {
                "exemplarCity": "Kamtšatka"
              },
              "Karachi": {
                "exemplarCity": "Karachi"
              },
              "Katmandu": {
                "exemplarCity": "Kathmandu"
              },
              "Khandyga": {
                "exemplarCity": "Handyga"
              },
              "Krasnoyarsk": {
                "exemplarCity": "Krasnojarsk"
              },
              "Kuala_Lumpur": {
                "exemplarCity": "Kuala Lumpur"
              },
              "Kuching": {
                "exemplarCity": "Kuching"
              },
              "Kuwait": {
                "exemplarCity": "Kuwait"
              },
              "Macau": {
                "exemplarCity": "Macao"
              },
              "Magadan": {
                "exemplarCity": "Magadan"
              },
              "Makassar": {
                "exemplarCity": "Makassar"
              },
              "Manila": {
                "exemplarCity": "Manila"
              },
              "Muscat": {
                "exemplarCity": "Masqat"
              },
              "Nicosia": {
                "exemplarCity": "Nikosia"
              },
              "Novokuznetsk": {
                "exemplarCity": "Novokuznetsk"
              },
              "Novosibirsk": {
                "exemplarCity": "Novosibirsk"
              },
              "Omsk": {
                "exemplarCity": "Omsk"
              },
              "Oral": {
                "exemplarCity": "Uralsk"
              },
              "Phnom_Penh": {
                "exemplarCity": "Phnom Penh"
              },
              "Pontianak": {
                "exemplarCity": "Pontianak"
              },
              "Pyongyang": {
                "exemplarCity": "Pjongjang"
              },
              "Qatar": {
                "exemplarCity": "Qatar"
              },
              "Qyzylorda": {
                "exemplarCity": "Qızılorda"
              },
              "Rangoon": {
                "exemplarCity": "Yangon"
              },
              "Riyadh": {
                "exemplarCity": "Riad"
              },
              "Saigon": {
                "exemplarCity": "Hồ Chí Minhin kaupunki"
              },
              "Sakhalin": {
                "exemplarCity": "Sahalin"
              },
              "Samarkand": {
                "exemplarCity": "Samarkand"
              },
              "Seoul": {
                "exemplarCity": "Soul"
              },
              "Shanghai": {
                "exemplarCity": "Shanghai"
              },
              "Singapore": {
                "exemplarCity": "Singapore"
              },
              "Srednekolymsk": {
                "exemplarCity": "Srednekolymsk"
              },
              "Taipei": {
                "exemplarCity": "Taipei"
              },
              "Tashkent": {
                "exemplarCity": "Taškent"
              },
              "Tbilisi": {
                "exemplarCity": "Tbilisi"
              },
              "Tehran": {
                "exemplarCity": "Teheran"
              },
              "Thimphu": {
                "exemplarCity": "Thimphu"
              },
              "Tokyo": {
                "exemplarCity": "Tokio"
              },
              "Tomsk": {
                "exemplarCity": "Tomsk"
              },
              "Ulaanbaatar": {
                "exemplarCity": "Ulan Bator"
              },
              "Urumqi": {
                "exemplarCity": "Ürümqi"
              },
              "Ust-Nera": {
                "exemplarCity": "Ust-Nera"
              },
              "Vientiane": {
                "exemplarCity": "Vientiane"
              },
              "Vladivostok": {
                "exemplarCity": "Vladivostok"
              },
              "Yakutsk": {
                "exemplarCity": "Jakutsk"
              },
              "Yekaterinburg": {
                "exemplarCity": "Jekaterinburg"
              },
              "Yerevan": {
                "exemplarCity": "Jerevan"
              }
            },
            "Indian": {
              "Antananarivo": {
                "exemplarCity": "Antananarivo"
              },
              "Chagos": {
                "exemplarCity": "Chagos"
              },
              "Christmas": {
                "exemplarCity": "Joulusaari"
              },
              "Cocos": {
                "exemplarCity": "Kookossaaret"
              },
              "Comoro": {
                "exemplarCity": "Komorit"
              },
              "Kerguelen": {
                "exemplarCity": "Kerguelensaaret"
              },
              "Mahe": {
                "exemplarCity": "Mahé"
              },
              "Maldives": {
                "exemplarCity": "Malediivit"
              },
              "Mauritius": {
                "exemplarCity": "Mauritius"
              },
              "Mayotte": {
                "exemplarCity": "Mayotte"
              },
              "Reunion": {
                "exemplarCity": "Réunion"
              }
            },
            "Australia": {
              "Adelaide": {
                "exemplarCity": "Adelaide"
              },
              "Brisbane": {
                "exemplarCity": "Brisbane"
              },
              "Broken_Hill": {
                "exemplarCity": "Broken Hill"
              },
              "Currie": {
                "exemplarCity": "Currie"
              },
              "Darwin": {
                "exemplarCity": "Darwin"
              },
              "Eucla": {
                "exemplarCity": "Eucla"
              },
              "Hobart": {
                "exemplarCity": "Hobart"
              },
              "Lindeman": {
                "exemplarCity": "Lindeman"
              },
              "Lord_Howe": {
                "exemplarCity": "Lord Howe"
              },
              "Melbourne": {
                "exemplarCity": "Melbourne"
              },
              "Perth": {
                "exemplarCity": "Perth"
              },
              "Sydney": {
                "exemplarCity": "Sydney"
              }
            },
            "Pacific": {
              "Apia": {
                "exemplarCity": "Apia"
              },
              "Auckland": {
                "exemplarCity": "Auckland"
              },
              "Bougainville": {
                "exemplarCity": "Bougainville"
              },
              "Chatham": {
                "exemplarCity": "Chathamsaaret"
              },
              "Easter": {
                "exemplarCity": "Pääsiäissaari"
              },
              "Efate": {
                "exemplarCity": "Efate"
              },
              "Enderbury": {
                "exemplarCity": "Enderbury"
              },
              "Fakaofo": {
                "exemplarCity": "Fakaofo"
              },
              "Fiji": {
                "exemplarCity": "Fidži"
              },
              "Funafuti": {
                "exemplarCity": "Funafuti"
              },
              "Galapagos": {
                "exemplarCity": "Galapagos"
              },
              "Gambier": {
                "exemplarCity": "Gambiersaaret"
              },
              "Guadalcanal": {
                "exemplarCity": "Guadalcanal"
              },
              "Guam": {
                "exemplarCity": "Guam"
              },
              "Honolulu": {
                "exemplarCity": "Honolulu"
              },
              "Johnston": {
                "exemplarCity": "Johnston"
              },
              "Kiritimati": {
                "exemplarCity": "Kiritimati"
              },
              "Kosrae": {
                "exemplarCity": "Kosrae"
              },
              "Kwajalein": {
                "exemplarCity": "Kwajalein"
              },
              "Majuro": {
                "exemplarCity": "Majuro"
              },
              "Marquesas": {
                "exemplarCity": "Marquesassaaret"
              },
              "Midway": {
                "exemplarCity": "Midwaysaaret"
              },
              "Nauru": {
                "exemplarCity": "Nauru"
              },
              "Niue": {
                "exemplarCity": "Niue"
              },
              "Norfolk": {
                "exemplarCity": "Norfolk"
              },
              "Noumea": {
                "exemplarCity": "Nouméa"
              },
              "Pago_Pago": {
                "exemplarCity": "Pago Pago"
              },
              "Palau": {
                "exemplarCity": "Palau"
              },
              "Pitcairn": {
                "exemplarCity": "Pitcairn"
              },
              "Ponape": {
                "exemplarCity": "Pohnpei"
              },
              "Port_Moresby": {
                "exemplarCity": "Port Moresby"
              },
              "Rarotonga": {
                "exemplarCity": "Rarotonga"
              },
              "Saipan": {
                "exemplarCity": "Saipan"
              },
              "Tahiti": {
                "exemplarCity": "Tahiti"
              },
              "Tarawa": {
                "exemplarCity": "Tarawa"
              },
              "Tongatapu": {
                "exemplarCity": "Tongatapu"
              },
              "Truk": {
                "exemplarCity": "Chuuk"
              },
              "Wake": {
                "exemplarCity": "Wake"
              },
              "Wallis": {
                "exemplarCity": "Wallis"
              }
            },
            "Arctic": {
              "Longyearbyen": {
                "exemplarCity": "Longyearbyen"
              }
            },
            "Antarctica": {
              "Casey": {
                "exemplarCity": "Casey"
              },
              "Davis": {
                "exemplarCity": "Davis"
              },
              "DumontDUrville": {
                "exemplarCity": "Dumont d’Urville"
              },
              "Macquarie": {
                "exemplarCity": "Macquariensaari"
              },
              "Mawson": {
                "exemplarCity": "Mawson"
              },
              "McMurdo": {
                "exemplarCity": "McMurdo"
              },
              "Palmer": {
                "exemplarCity": "Palmer"
              },
              "Rothera": {
                "exemplarCity": "Rothera"
              },
              "Syowa": {
                "exemplarCity": "Syowa"
              },
              "Troll": {
                "exemplarCity": "Troll"
              },
              "Vostok": {
                "exemplarCity": "Vostok"
              }
            },
            "Etc": {
              "UTC": {
                "long": {
                  "standard": "UTC-yleisaika"
                },
                "short": {
                  "standard": "UTC"
                }
              },
              "Unknown": {
                "exemplarCity": "tuntematon"
              }
            }
          },
          "metazone": {
            "Acre": {
              "long": {
                "generic": "Acren aika",
                "standard": "Acren normaaliaika",
                "daylight": "Acren kesäaika"
              }
            },
            "Afghanistan": {
              "long": {
                "standard": "Afganistanin aika"
              }
            },
            "Africa_Central": {
              "long": {
                "standard": "Keski-Afrikan aika"
              }
            },
            "Africa_Eastern": {
              "long": {
                "standard": "Itä-Afrikan aika"
              }
            },
            "Africa_Southern": {
              "long": {
                "standard": "Etelä-Afrikan aika"
              }
            },
            "Africa_Western": {
              "long": {
                "generic": "Länsi-Afrikan aika",
                "standard": "Länsi-Afrikan normaaliaika",
                "daylight": "Länsi-Afrikan kesäaika"
              }
            },
            "Alaska": {
              "long": {
                "generic": "Alaskan aika",
                "standard": "Alaskan normaaliaika",
                "daylight": "Alaskan kesäaika"
              }
            },
            "Almaty": {
              "long": {
                "generic": "Almatyn aika",
                "standard": "Almatyn normaaliaika",
                "daylight": "Almatyn kesäaika"
              }
            },
            "Amazon": {
              "long": {
                "generic": "Amazonin aika",
                "standard": "Amazonin normaaliaika",
                "daylight": "Amazonin kesäaika"
              }
            },
            "America_Central": {
              "long": {
                "generic": "Yhdysvaltain keskinen aika",
                "standard": "Yhdysvaltain keskinen normaaliaika",
                "daylight": "Yhdysvaltain keskinen kesäaika"
              }
            },
            "America_Eastern": {
              "long": {
                "generic": "Yhdysvaltain itäinen aika",
                "standard": "Yhdysvaltain itäinen normaaliaika",
                "daylight": "Yhdysvaltain itäinen kesäaika"
              }
            },
            "America_Mountain": {
              "long": {
                "generic": "Kalliovuorten aika",
                "standard": "Kalliovuorten normaaliaika",
                "daylight": "Kalliovuorten kesäaika"
              }
            },
            "America_Pacific": {
              "long": {
                "generic": "Yhdysvaltain Tyynenmeren aika",
                "standard": "Yhdysvaltain Tyynenmeren normaaliaika",
                "daylight": "Yhdysvaltain Tyynenmeren kesäaika"
              }
            },
            "Anadyr": {
              "long": {
                "generic": "Anadyrin aika",
                "standard": "Anadyrin normaaliaika",
                "daylight": "Anadyrin kesäaika"
              }
            },
            "Apia": {
              "long": {
                "generic": "Apian aika",
                "standard": "Apian normaaliaika",
                "daylight": "Apian kesäaika"
              }
            },
            "Aqtau": {
              "long": {
                "generic": "Aqtaw’n aika",
                "standard": "Aqtaw’n normaaliaika",
                "daylight": "Aqtaw’n kesäaika"
              }
            },
            "Aqtobe": {
              "long": {
                "generic": "Aqtöben aika",
                "standard": "Aqtöben normaaliaika",
                "daylight": "Aqtöben kesäaika"
              }
            },
            "Arabian": {
              "long": {
                "generic": "Saudi-Arabian aika",
                "standard": "Saudi-Arabian normaaliaika",
                "daylight": "Saudi-Arabian kesäaika"
              }
            },
            "Argentina": {
              "long": {
                "generic": "Argentiinan aika",
                "standard": "Argentiinan normaaliaika",
                "daylight": "Argentiinan kesäaika"
              }
            },
            "Argentina_Western": {
              "long": {
                "generic": "Länsi-Argentiinan aika",
                "standard": "Länsi-Argentiinan normaaliaika",
                "daylight": "Länsi-Argentiinan kesäaika"
              }
            },
            "Armenia": {
              "long": {
                "generic": "Armenian aika",
                "standard": "Armenian normaaliaika",
                "daylight": "Armenian kesäaika"
              }
            },
            "Atlantic": {
              "long": {
                "generic": "Kanadan Atlantin aika",
                "standard": "Kanadan Atlantin normaaliaika",
                "daylight": "Kanadan Atlantin kesäaika"
              }
            },
            "Australia_Central": {
              "long": {
                "generic": "Keski-Australian aika",
                "standard": "Keski-Australian normaaliaika",
                "daylight": "Keski-Australian kesäaika"
              }
            },
            "Australia_CentralWestern": {
              "long": {
                "generic": "Läntisen Keski-Australian aika",
                "standard": "Läntisen Keski-Australian normaaliaika",
                "daylight": "Läntisen Keski-Australian kesäaika"
              }
            },
            "Australia_Eastern": {
              "long": {
                "generic": "Itä-Australian aika",
                "standard": "Itä-Australian normaaliaika",
                "daylight": "Itä-Australian kesäaika"
              }
            },
            "Australia_Western": {
              "long": {
                "generic": "Länsi-Australian aika",
                "standard": "Länsi-Australian normaaliaika",
                "daylight": "Länsi-Australian kesäaika"
              }
            },
            "Azerbaijan": {
              "long": {
                "generic": "Azerbaidžanin aika",
                "standard": "Azerbaidžanin normaaliaika",
                "daylight": "Azerbaidžanin kesäaika"
              }
            },
            "Azores": {
              "long": {
                "generic": "Azorien aika",
                "standard": "Azorien normaaliaika",
                "daylight": "Azorien kesäaika"
              }
            },
            "Bangladesh": {
              "long": {
                "generic": "Bangladeshin aika",
                "standard": "Bangladeshin normaaliaika",
                "daylight": "Bangladeshin kesäaika"
              }
            },
            "Bhutan": {
              "long": {
                "standard": "Bhutanin aika"
              }
            },
            "Bolivia": {
              "long": {
                "standard": "Bolivian aika"
              }
            },
            "Brasilia": {
              "long": {
                "generic": "Brasilian aika",
                "standard": "Brasilian normaaliaika",
                "daylight": "Brasilian kesäaika"
              }
            },
            "Brunei": {
              "long": {
                "standard": "Brunein aika"
              }
            },
            "Cape_Verde": {
              "long": {
                "generic": "Kap Verden aika",
                "standard": "Kap Verden normaaliaika",
                "daylight": "Kap Verden kesäaika"
              }
            },
            "Casey": {
              "long": {
                "standard": "Caseyn aika"
              }
            },
            "Chamorro": {
              "long": {
                "standard": "Tšamorron aika"
              }
            },
            "Chatham": {
              "long": {
                "generic": "Chathamin aika",
                "standard": "Chathamin normaaliaika",
                "daylight": "Chathamin kesäaika"
              }
            },
            "Chile": {
              "long": {
                "generic": "Chilen aika",
                "standard": "Chilen normaaliaika",
                "daylight": "Chilen kesäaika"
              }
            },
            "China": {
              "long": {
                "generic": "Kiinan aika",
                "standard": "Kiinan normaaliaika",
                "daylight": "Kiinan kesäaika"
              }
            },
            "Choibalsan": {
              "long": {
                "generic": "Tšoibalsan aika",
                "standard": "Tšoibalsan normaaliaika",
                "daylight": "Tšoibalsan kesäaika"
              }
            },
            "Christmas": {
              "long": {
                "standard": "Joulusaaren aika"
              }
            },
            "Cocos": {
              "long": {
                "standard": "Kookossaarten aika"
              }
            },
            "Colombia": {
              "long": {
                "generic": "Kolumbian aika",
                "standard": "Kolumbian normaaliaika",
                "daylight": "Kolumbian kesäaika"
              }
            },
            "Cook": {
              "long": {
                "generic": "Cookinsaarten aika",
                "standard": "Cookinsaarten normaaliaika",
                "daylight": "Cookinsaarten kesäaika"
              }
            },
            "Cuba": {
              "long": {
                "generic": "Kuuban aika",
                "standard": "Kuuban normaaliaika",
                "daylight": "Kuuban kesäaika"
              }
            },
            "Davis": {
              "long": {
                "standard": "Davisin aika"
              }
            },
            "DumontDUrville": {
              "long": {
                "standard": "Dumont d’Urvillen aika"
              }
            },
            "East_Timor": {
              "long": {
                "standard": "Itä-Timorin aika"
              }
            },
            "Easter": {
              "long": {
                "generic": "Pääsiäissaaren aika",
                "standard": "Pääsiäissaaren normaaliaika",
                "daylight": "Pääsiäissaaren kesäaika"
              }
            },
            "Ecuador": {
              "long": {
                "standard": "Ecuadorin aika"
              }
            },
            "Europe_Central": {
              "long": {
                "generic": "Keski-Euroopan aika",
                "standard": "Keski-Euroopan normaaliaika",
                "daylight": "Keski-Euroopan kesäaika"
              }
            },
            "Europe_Eastern": {
              "long": {
                "generic": "Itä-Euroopan aika",
                "standard": "Itä-Euroopan normaaliaika",
                "daylight": "Itä-Euroopan kesäaika"
              }
            },
            "Europe_Further_Eastern": {
              "long": {
                "standard": "Itäisemmän Euroopan aika"
              }
            },
            "Europe_Western": {
              "long": {
                "generic": "Länsi-Euroopan aika",
                "standard": "Länsi-Euroopan normaaliaika",
                "daylight": "Länsi-Euroopan kesäaika"
              }
            },
            "Falkland": {
              "long": {
                "generic": "Falklandinsaarten aika",
                "standard": "Falklandinsaarten normaaliaika",
                "daylight": "Falklandinsaarten kesäaika"
              }
            },
            "Fiji": {
              "long": {
                "generic": "Fidžin aika",
                "standard": "Fidžin normaaliaika",
                "daylight": "Fidžin kesäaika"
              }
            },
            "French_Guiana": {
              "long": {
                "standard": "Ranskan Guayanan aika"
              }
            },
            "French_Southern": {
              "long": {
                "standard": "Ranskan eteläisten ja antarktisten alueiden aika"
              }
            },
            "Galapagos": {
              "long": {
                "standard": "Galápagossaarten aika"
              }
            },
            "Gambier": {
              "long": {
                "standard": "Gambiersaarten aika"
              }
            },
            "Georgia": {
              "long": {
                "generic": "Georgian aika",
                "standard": "Georgian normaaliaika",
                "daylight": "Georgian kesäaika"
              }
            },
            "Gilbert_Islands": {
              "long": {
                "standard": "Gilbertsaarten aika"
              }
            },
            "GMT": {
              "long": {
                "standard": "Greenwichin normaaliaika"
              }
            },
            "Greenland_Eastern": {
              "long": {
                "generic": "Itä-Grönlannin aika",
                "standard": "Itä-Grönlannin normaaliaika",
                "daylight": "Itä-Grönlannin kesäaika"
              }
            },
            "Greenland_Western": {
              "long": {
                "generic": "Länsi-Grönlannin aika",
                "standard": "Länsi-Grönlannin normaaliaika",
                "daylight": "Länsi-Grönlannin kesäaika"
              }
            },
            "Guam": {
              "long": {
                "standard": "Guamin aika"
              }
            },
            "Gulf": {
              "long": {
                "standard": "Arabiemiirikuntien normaaliaika"
              }
            },
            "Guyana": {
              "long": {
                "standard": "Guyanan aika"
              }
            },
            "Hawaii_Aleutian": {
              "long": {
                "generic": "Havaijin-Aleuttien aika",
                "standard": "Havaijin-Aleuttien normaaliaika",
                "daylight": "Havaijin-Aleuttien kesäaika"
              }
            },
            "Hong_Kong": {
              "long": {
                "generic": "Hongkongin aika",
                "standard": "Hongkongin normaaliaika",
                "daylight": "Hongkongin kesäaika"
              }
            },
            "Hovd": {
              "long": {
                "generic": "Hovdin aika",
                "standard": "Hovdin normaaliaika",
                "daylight": "Hovdin kesäaika"
              }
            },
            "India": {
              "long": {
                "standard": "Intian aika"
              }
            },
            "Indian_Ocean": {
              "long": {
                "standard": "Intian valtameren aika"
              }
            },
            "Indochina": {
              "long": {
                "standard": "Indokiinan aika"
              }
            },
            "Indonesia_Central": {
              "long": {
                "standard": "Keski-Indonesian aika"
              }
            },
            "Indonesia_Eastern": {
              "long": {
                "standard": "Itä-Indonesian aika"
              }
            },
            "Indonesia_Western": {
              "long": {
                "standard": "Länsi-Indonesian aika"
              }
            },
            "Iran": {
              "long": {
                "generic": "Iranin aika",
                "standard": "Iranin normaaliaika",
                "daylight": "Iranin kesäaika"
              }
            },
            "Irkutsk": {
              "long": {
                "generic": "Irkutskin aika",
                "standard": "Irkutskin normaaliaika",
                "daylight": "Irkutskin kesäaika"
              }
            },
            "Israel": {
              "long": {
                "generic": "Israelin aika",
                "standard": "Israelin normaaliaika",
                "daylight": "Israelin kesäaika"
              }
            },
            "Japan": {
              "long": {
                "generic": "Japanin aika",
                "standard": "Japanin normaaliaika",
                "daylight": "Japanin kesäaika"
              }
            },
            "Kamchatka": {
              "long": {
                "generic": "Kamtšatkan aika",
                "standard": "Kamtšatkan normaaliaika",
                "daylight": "Kamtšatkan kesäaika"
              }
            },
            "Kazakhstan_Eastern": {
              "long": {
                "standard": "Itä-Kazakstanin aika"
              }
            },
            "Kazakhstan_Western": {
              "long": {
                "standard": "Länsi-Kazakstanin aika"
              }
            },
            "Korea": {
              "long": {
                "generic": "Korean aika",
                "standard": "Korean normaaliaika",
                "daylight": "Korean kesäaika"
              }
            },
            "Kosrae": {
              "long": {
                "standard": "Kosraen aika"
              }
            },
            "Krasnoyarsk": {
              "long": {
                "generic": "Krasnojarskin aika",
                "standard": "Krasnojarskin normaaliaika",
                "daylight": "Krasnojarskin kesäaika"
              }
            },
            "Kyrgystan": {
              "long": {
                "standard": "Kirgisian aika"
              }
            },
            "Lanka": {
              "long": {
                "standard": "Sri Lankan aika"
              }
            },
            "Line_Islands": {
              "long": {
                "standard": "Linesaarten aika"
              }
            },
            "Lord_Howe": {
              "long": {
                "generic": "Lord Howen aika",
                "standard": "Lord Howen normaaliaika",
                "daylight": "Lord Howen kesäaika"
              }
            },
            "Macau": {
              "long": {
                "generic": "Macaon aika",
                "standard": "Macaon normaaliaika",
                "daylight": "Macaon kesäaika"
              }
            },
            "Macquarie": {
              "long": {
                "standard": "Macquariensaaren aika"
              }
            },
            "Magadan": {
              "long": {
                "generic": "Magadanin aika",
                "standard": "Magadanin normaaliaika",
                "daylight": "Magadanin kesäaika"
              }
            },
            "Malaysia": {
              "long": {
                "standard": "Malesian aika"
              }
            },
            "Maldives": {
              "long": {
                "standard": "Malediivien aika"
              }
            },
            "Marquesas": {
              "long": {
                "standard": "Marquesassaarten aika"
              }
            },
            "Marshall_Islands": {
              "long": {
                "standard": "Marshallinsaarten aika"
              }
            },
            "Mauritius": {
              "long": {
                "generic": "Mauritiuksen aika",
                "standard": "Mauritiuksen normaaliaika",
                "daylight": "Mauritiuksen kesäaika"
              }
            },
            "Mawson": {
              "long": {
                "standard": "Mawsonin aika"
              }
            },
            "Mexico_Northwest": {
              "long": {
                "generic": "Luoteis-Meksikon aika",
                "standard": "Luoteis-Meksikon normaaliaika",
                "daylight": "Luoteis-Meksikon kesäaika"
              }
            },
            "Mexico_Pacific": {
              "long": {
                "generic": "Meksikon Tyynenmeren aika",
                "standard": "Meksikon Tyynenmeren normaaliaika",
                "daylight": "Meksikon Tyynenmeren kesäaika"
              }
            },
            "Mongolia": {
              "long": {
                "generic": "Ulan Batorin aika",
                "standard": "Ulan Batorin normaaliaika",
                "daylight": "Ulan Batorin kesäaika"
              }
            },
            "Moscow": {
              "long": {
                "generic": "Moskovan aika",
                "standard": "Moskovan normaaliaika",
                "daylight": "Moskovan kesäaika"
              }
            },
            "Myanmar": {
              "long": {
                "standard": "Myanmarin aika"
              }
            },
            "Nauru": {
              "long": {
                "standard": "Naurun aika"
              }
            },
            "Nepal": {
              "long": {
                "standard": "Nepalin aika"
              }
            },
            "New_Caledonia": {
              "long": {
                "generic": "Uuden-Kaledonian aika",
                "standard": "Uuden-Kaledonian normaaliaika",
                "daylight": "Uuden-Kaledonian kesäaika"
              }
            },
            "New_Zealand": {
              "long": {
                "generic": "Uuden-Seelannin aika",
                "standard": "Uuden-Seelannin normaaliaika",
                "daylight": "Uuden-Seelannin kesäaika"
              }
            },
            "Newfoundland": {
              "long": {
                "generic": "Newfoundlandin aika",
                "standard": "Newfoundlandin normaaliaika",
                "daylight": "Newfoundlandin kesäaika"
              }
            },
            "Niue": {
              "long": {
                "standard": "Niuen aika"
              }
            },
            "Norfolk": {
              "long": {
                "standard": "Norfolkinsaaren aika"
              }
            },
            "Noronha": {
              "long": {
                "generic": "Fernando de Noronhan aika",
                "standard": "Fernando de Noronhan normaaliaika",
                "daylight": "Fernando de Noronhan kesäaika"
              }
            },
            "North_Mariana": {
              "long": {
                "standard": "Pohjois-Mariaanien aika"
              }
            },
            "Novosibirsk": {
              "long": {
                "generic": "Novosibirskin aika",
                "standard": "Novosibirskin normaaliaika",
                "daylight": "Novosibirskin kesäaika"
              }
            },
            "Omsk": {
              "long": {
                "generic": "Omskin aika",
                "standard": "Omskin normaaliaika",
                "daylight": "Omskin kesäaika"
              }
            },
            "Pakistan": {
              "long": {
                "generic": "Pakistanin aika",
                "standard": "Pakistanin normaaliaika",
                "daylight": "Pakistanin kesäaika"
              }
            },
            "Palau": {
              "long": {
                "standard": "Palaun aika"
              }
            },
            "Papua_New_Guinea": {
              "long": {
                "standard": "Papua-Uuden-Guinean aika"
              }
            },
            "Paraguay": {
              "long": {
                "generic": "Paraguayn aika",
                "standard": "Paraguayn normaaliaika",
                "daylight": "Paraguayn kesäaika"
              }
            },
            "Peru": {
              "long": {
                "generic": "Perun aika",
                "standard": "Perun normaaliaika",
                "daylight": "Perun kesäaika"
              }
            },
            "Philippines": {
              "long": {
                "generic": "Filippiinien aika",
                "standard": "Filippiinien normaaliaika",
                "daylight": "Filippiinien kesäaika"
              }
            },
            "Phoenix_Islands": {
              "long": {
                "standard": "Phoenixsaarten aika"
              }
            },
            "Pierre_Miquelon": {
              "long": {
                "generic": "Saint-Pierren ja Miquelonin aika",
                "standard": "Saint-Pierren ja Miquelonin normaaliaika",
                "daylight": "Saint-Pierren ja Miquelonin kesäaika"
              }
            },
            "Pitcairn": {
              "long": {
                "standard": "Pitcairnin aika"
              }
            },
            "Ponape": {
              "long": {
                "standard": "Pohnpein aika"
              }
            },
            "Pyongyang": {
              "long": {
                "standard": "Pjongjangin aika"
              }
            },
            "Qyzylorda": {
              "long": {
                "generic": "Qızılordan aika",
                "standard": "Qızılordan normaaliaika",
                "daylight": "Qızılordan kesäaika"
              }
            },
            "Reunion": {
              "long": {
                "standard": "Réunionin aika"
              }
            },
            "Rothera": {
              "long": {
                "standard": "Rotheran aika"
              }
            },
            "Sakhalin": {
              "long": {
                "generic": "Sahalinin aika",
                "standard": "Sahalinin normaaliaika",
                "daylight": "Sahalinin kesäaika"
              }
            },
            "Samara": {
              "long": {
                "generic": "Samaran aika",
                "standard": "Samaran normaaliaika",
                "daylight": "Samaran kesäaika"
              }
            },
            "Samoa": {
              "long": {
                "generic": "Samoan aika",
                "standard": "Samoan normaaliaika",
                "daylight": "Samoan kesäaika"
              }
            },
            "Seychelles": {
              "long": {
                "standard": "Seychellien aika"
              }
            },
            "Singapore": {
              "long": {
                "standard": "Singaporen aika"
              }
            },
            "Solomon": {
              "long": {
                "standard": "Salomonsaarten aika"
              }
            },
            "South_Georgia": {
              "long": {
                "standard": "Etelä-Georgian aika"
              }
            },
            "Suriname": {
              "long": {
                "standard": "Surinamen aika"
              }
            },
            "Syowa": {
              "long": {
                "standard": "Syowan aika"
              }
            },
            "Tahiti": {
              "long": {
                "standard": "Tahitin aika"
              }
            },
            "Taipei": {
              "long": {
                "generic": "Taipein aika",
                "standard": "Taipein normaaliaika",
                "daylight": "Taipein kesäaika"
              }
            },
            "Tajikistan": {
              "long": {
                "standard": "Tadžikistanin aika"
              }
            },
            "Tokelau": {
              "long": {
                "standard": "Tokelaun aika"
              }
            },
            "Tonga": {
              "long": {
                "generic": "Tongan aika",
                "standard": "Tongan normaaliaika",
                "daylight": "Tongan kesäaika"
              }
            },
            "Truk": {
              "long": {
                "standard": "Chuukin aika"
              }
            },
            "Turkmenistan": {
              "long": {
                "generic": "Turkmenistanin aika",
                "standard": "Turkmenistanin normaaliaika",
                "daylight": "Turkmenistanin kesäaika"
              }
            },
            "Tuvalu": {
              "long": {
                "standard": "Tuvalun aika"
              }
            },
            "Uruguay": {
              "long": {
                "generic": "Uruguayn aika",
                "standard": "Uruguayn normaaliaika",
                "daylight": "Uruguayn kesäaika"
              }
            },
            "Uzbekistan": {
              "long": {
                "generic": "Uzbekistanin aika",
                "standard": "Uzbekistanin normaaliaika",
                "daylight": "Uzbekistanin kesäaika"
              }
            },
            "Vanuatu": {
              "long": {
                "generic": "Vanuatun aika",
                "standard": "Vanuatun normaaliaika",
                "daylight": "Vanuatun kesäaika"
              }
            },
            "Venezuela": {
              "long": {
                "standard": "Venezuelan aika"
              }
            },
            "Vladivostok": {
              "long": {
                "generic": "Vladivostokin aika",
                "standard": "Vladivostokin normaaliaika",
                "daylight": "Vladivostokin kesäaika"
              }
            },
            "Volgograd": {
              "long": {
                "generic": "Volgogradin aika",
                "standard": "Volgogradin normaaliaika",
                "daylight": "Volgogradin kesäaika"
              }
            },
            "Vostok": {
              "long": {
                "standard": "Vostokin aika"
              }
            },
            "Wake": {
              "long": {
                "standard": "Waken aika"
              }
            },
            "Wallis": {
              "long": {
                "standard": "Wallisin ja Futunan aika"
              }
            },
            "Yakutsk": {
              "long": {
                "generic": "Jakutskin aika",
                "standard": "Jakutskin normaaliaika",
                "daylight": "Jakutskin kesäaika"
              }
            },
            "Yekaterinburg": {
              "long": {
                "generic": "Jekaterinburgin aika",
                "standard": "Jekaterinburgin normaaliaika",
                "daylight": "Jekaterinburgin kesäaika"
              }
            }
          }
        }
      }
    }
  }
}
