{
  "main": {
    "el": {
      "identity": {
        "version": {
          "_number": "$Revision: 13705 $",
          "_cldrVersion": "32.0.1"
        },
        "language": "el"
      },
      "dates": {
        "fields": {
          "era": {
            "displayName": "περίοδος"
          },
          "era-short": {
            "displayName": "περ."
          },
          "era-narrow": {
            "displayName": "περ."
          },
          "year": {
            "displayName": "έτος",
            "relative-type--1": "πέρσι",
            "relative-type-0": "φέτος",
            "relative-type-1": "επόμενο έτος",
            "relativeTime-type-future": {
              "relativeTimePattern-count-one": "σε {0} έτος",
              "relativeTimePattern-count-other": "σε {0} έτη"
            },
            "relativeTime-type-past": {
              "relativeTimePattern-count-one": "πριν από {0} έτος",
              "relativeTimePattern-count-other": "πριν από {0} έτη"
            }
          },
          "year-short": {
            "displayName": "έτ.",
            "relative-type--1": "πέρσι",
            "relative-type-0": "φέτος",
            "relative-type-1": "επόμενο έτος",
            "relativeTime-type-future": {
              "relativeTimePattern-count-one": "σε {0} έτος",
              "relativeTimePattern-count-other": "σε {0} έτη"
            },
            "relativeTime-type-past": {
              "relativeTimePattern-count-one": "πριν από {0} έτος",
              "relativeTimePattern-count-other": "πριν από {0} έτη"
            }
          },
          "year-narrow": {
            "displayName": "έτ.",
            "relative-type--1": "πέρσι",
            "relative-type-0": "φέτος",
            "relative-type-1": "επόμενο έτος",
            "relativeTime-type-future": {
              "relativeTimePattern-count-one": "σε {0} έτος",
              "relativeTimePattern-count-other": "σε {0} έτη"
            },
            "relativeTime-type-past": {
              "relativeTimePattern-count-one": "{0} έτος πριν",
              "relativeTimePattern-count-other": "{0} έτη πριν"
            }
          },
          "quarter": {
            "displayName": "τρίμηνο",
            "relative-type--1": "προηγούμενο τρίμηνο",
            "relative-type-0": "τρέχον τρίμηνο",
            "relative-type-1": "επόμενο τρίμηνο",
            "relativeTime-type-future": {
              "relativeTimePattern-count-one": "σε {0} τρίμηνο",
              "relativeTimePattern-count-other": "σε {0} τρίμηνα"
            },
            "relativeTime-type-past": {
              "relativeTimePattern-count-one": "πριν από {0} τρίμηνο",
              "relativeTimePattern-count-other": "πριν από {0} τρίμηνα"
            }
          },
          "quarter-short": {
            "displayName": "τρίμ.",
            "relative-type--1": "προηγ. τρίμ.",
            "relative-type-0": "τρέχον τρίμ.",
            "relative-type-1": "επόμ. τρίμ.",
            "relativeTime-type-future": {
              "relativeTimePattern-count-one": "σε {0} τρίμ.",
              "relativeTimePattern-count-other": "σε {0} τρίμ."
            },
            "relativeTime-type-past": {
              "relativeTimePattern-count-one": "πριν από {0} τρίμ.",
              "relativeTimePattern-count-other": "πριν από {0} τρίμ."
            }
          },
          "quarter-narrow": {
            "displayName": "τρίμ.",
            "relative-type--1": "προηγ. τρίμ.",
            "relative-type-0": "τρέχον τρίμ.",
            "relative-type-1": "επόμ. τρίμ.",
            "relativeTime-type-future": {
              "relativeTimePattern-count-one": "σε {0} τρίμ.",
              "relativeTimePattern-count-other": "σε {0} τρίμ."
            },
            "relativeTime-type-past": {
              "relativeTimePattern-count-one": "{0} τρίμ. πριν",
              "relativeTimePattern-count-other": "{0} τρίμ. πριν"
            }
          },
          "month": {
            "displayName": "μήνας",
            "relative-type--1": "προηγούμενος μήνας",
            "relative-type-0": "τρέχων μήνας",
            "relative-type-1": "επόμενος μήνας",
            "relativeTime-type-future": {
              "relativeTimePattern-count-one": "σε {0} μήνα",
              "relativeTimePattern-count-other": "σε {0} μήνες"
            },
            "relativeTime-type-past": {
              "relativeTimePattern-count-one": "πριν από {0} μήνα",
              "relativeTimePattern-count-other": "πριν από {0} μήνες"
            }
          },
          "month-short": {
            "displayName": "μήν.",
            "relative-type--1": "προηγούμενος μήνας",
            "relative-type-0": "τρέχων μήνας",
            "relative-type-1": "επόμενος μήνας",
            "relativeTime-type-future": {
              "relativeTimePattern-count-one": "σε {0} μήνα",
              "relativeTimePattern-count-other": "σε {0} μήνες"
            },
            "relativeTime-type-past": {
              "relativeTimePattern-count-one": "πριν από {0} μήνα",
              "relativeTimePattern-count-other": "πριν από {0} μήνες"
            }
          },
          "month-narrow": {
            "displayName": "μήν.",
            "relative-type--1": "προηγούμενος μήνας",
            "relative-type-0": "τρέχων μήνας",
            "relative-type-1": "επόμενος μήνας",
            "relativeTime-type-future": {
              "relativeTimePattern-count-one": "σε {0} μ.",
              "relativeTimePattern-count-other": "σε {0} μ."
            },
            "relativeTime-type-past": {
              "relativeTimePattern-count-one": "{0} μ. πριν",
              "relativeTimePattern-count-other": "{0} μ. πριν"
            }
          },
          "week": {
            "displayName": "εβδομάδα",
            "relative-type--1": "προηγούμενη εβδομάδα",
            "relative-type-0": "τρέχουσα εβδομάδα",
            "relative-type-1": "επόμενη εβδομάδα",
            "relativeTime-type-future": {
              "relativeTimePattern-count-one": "σε {0} εβδομάδα",
              "relativeTimePattern-count-other": "σε {0} εβδομάδες"
            },
            "relativeTime-type-past": {
              "relativeTimePattern-count-one": "πριν από {0} εβδομάδα",
              "relativeTimePattern-count-other": "πριν από {0} εβδομάδες"
            },
            "relativePeriod": "την εβδομάδα {0}"
          },
          "week-short": {
            "displayName": "εβδ.",
            "relative-type--1": "προηγούμενη εβδομάδα",
            "relative-type-0": "τρέχουσα εβδομάδα",
            "relative-type-1": "επόμενη εβδομάδα",
            "relativeTime-type-future": {
              "relativeTimePattern-count-one": "σε {0} εβδ.",
              "relativeTimePattern-count-other": "σε {0} εβδ."
            },
            "relativeTime-type-past": {
              "relativeTimePattern-count-one": "πριν από {0} εβδ.",
              "relativeTimePattern-count-other": "πριν από {0} εβδ."
            },
            "relativePeriod": "την εβδ. {0}"
          },
          "week-narrow": {
            "displayName": "εβδ.",
            "relative-type--1": "προηγούμενη εβδομάδα",
            "relative-type-0": "τρέχουσα εβδομάδα",
            "relative-type-1": "επόμενη εβδομάδα",
            "relativeTime-type-future": {
              "relativeTimePattern-count-one": "σε {0} εβδ.",
              "relativeTimePattern-count-other": "σε {0} εβδ."
            },
            "relativeTime-type-past": {
              "relativeTimePattern-count-one": "{0} εβδ. πριν",
              "relativeTimePattern-count-other": "{0} εβδ. πριν"
            },
            "relativePeriod": "την εβδ. {0}"
          },
          "weekOfMonth": {
            "displayName": "εβδομάδα μήνα"
          },
          "weekOfMonth-short": {
            "displayName": "εβδ. μήνα"
          },
          "weekOfMonth-narrow": {
            "displayName": "εβδ. μήνα"
          },
          "day": {
            "displayName": "ημέρα",
            "relative-type--2": "προχθές",
            "relative-type--1": "χθες",
            "relative-type-0": "σήμερα",
            "relative-type-1": "αύριο",
            "relative-type-2": "μεθαύριο",
            "relativeTime-type-future": {
              "relativeTimePattern-count-one": "σε {0} ημέρα",
              "relativeTimePattern-count-other": "σε {0} ημέρες"
            },
            "relativeTime-type-past": {
              "relativeTimePattern-count-one": "πριν από {0} ημέρα",
              "relativeTimePattern-count-other": "πριν από {0} ημέρες"
            }
          },
          "day-short": {
            "displayName": "ημ.",
            "relative-type--2": "προχθές",
            "relative-type--1": "χθες",
            "relative-type-0": "σήμερα",
            "relative-type-1": "αύριο",
            "relative-type-2": "μεθαύριο",
            "relativeTime-type-future": {
              "relativeTimePattern-count-one": "σε {0} ημ.",
              "relativeTimePattern-count-other": "σε {0} ημ."
            },
            "relativeTime-type-past": {
              "relativeTimePattern-count-one": "πριν από {0} ημ.",
              "relativeTimePattern-count-other": "πριν από {0} ημ."
            }
          },
          "day-narrow": {
            "displayName": "ημ.",
            "relative-type--2": "προχθές",
            "relative-type--1": "χθες",
            "relative-type-0": "σήμερα",
            "relative-type-1": "αύριο",
            "relative-type-2": "μεθαύριο",
            "relativeTime-type-future": {
              "relativeTimePattern-count-one": "σε {0} ημ.",
              "relativeTimePattern-count-other": "σε {0} ημ."
            },
            "relativeTime-type-past": {
              "relativeTimePattern-count-one": "{0} ημ. πριν",
              "relativeTimePattern-count-other": "{0} ημ. πριν"
            }
          },
          "dayOfYear": {
            "displayName": "ημέρα έτους"
          },
          "dayOfYear-short": {
            "displayName": "ημ. έτους"
          },
          "dayOfYear-narrow": {
            "displayName": "ημ. έτους"
          },
          "weekday": {
            "displayName": "καθημερινή"
          },
          "weekday-short": {
            "displayName": "καθημερ."
          },
          "weekday-narrow": {
            "displayName": "καθημερ."
          },
          "weekdayOfMonth": {
            "displayName": "καθημερινή μήνα"
          },
          "weekdayOfMonth-short": {
            "displayName": "καθημερ. μήνα"
          },
          "weekdayOfMonth-narrow": {
            "displayName": "καθημερ. μήνα"
          },
          "sun": {
            "relative-type--1": "προηγούμενη Κυριακή",
            "relative-type-0": "αυτήν την Κυριακή",
            "relative-type-1": "επόμενη Κυριακή",
            "relativeTime-type-future": {
              "relativeTimePattern-count-one": "σε {0} Κυριακή",
              "relativeTimePattern-count-other": "σε {0} Κυριακές"
            },
            "relativeTime-type-past": {
              "relativeTimePattern-count-one": "πριν από {0} Κυριακή",
              "relativeTimePattern-count-other": "πριν από {0} Κυριακές"
            }
          },
          "sun-short": {
            "relative-type--1": "προηγ. Κυρ.",
            "relative-type-0": "αυτήν την Κυρ.",
            "relative-type-1": "επόμ. Κυρ.",
            "relativeTime-type-future": {
              "relativeTimePattern-count-one": "σε {0} Κυρ.",
              "relativeTimePattern-count-other": "σε {0} Κυρ."
            },
            "relativeTime-type-past": {
              "relativeTimePattern-count-one": "πριν από {0} Κυρ.",
              "relativeTimePattern-count-other": "πριν από {0} Κυρ."
            }
          },
          "sun-narrow": {
            "relative-type--1": "προηγ. Κυ",
            "relative-type-0": "αυτήν την Κυ",
            "relative-type-1": "επόμ. Κυ",
            "relativeTime-type-future": {
              "relativeTimePattern-count-one": "σε {0} Κυ",
              "relativeTimePattern-count-other": "σε {0} Κυ"
            },
            "relativeTime-type-past": {
              "relativeTimePattern-count-one": "{0} Κυ πριν",
              "relativeTimePattern-count-other": "{0} Κυ πριν"
            }
          },
          "mon": {
            "relative-type--1": "προηγούμενη Δευτέρα",
            "relative-type-0": "αυτήν τη Δευτέρα",
            "relative-type-1": "επόμενη Δευτέρα",
            "relativeTime-type-future": {
              "relativeTimePattern-count-one": "σε {0} Δευτέρα",
              "relativeTimePattern-count-other": "σε {0} Δευτέρες"
            },
            "relativeTime-type-past": {
              "relativeTimePattern-count-one": "πριν από {0} Δευτέρα",
              "relativeTimePattern-count-other": "πριν από {0} Δευτέρες"
            }
          },
          "mon-short": {
            "relative-type--1": "προηγ. Δευτ.",
            "relative-type-0": "αυτήν τη Δευτ.",
            "relative-type-1": "επόμ. Δευτ.",
            "relativeTime-type-future": {
              "relativeTimePattern-count-one": "σε {0} Δευτ.",
              "relativeTimePattern-count-other": "σε {0} Δευτ."
            },
            "relativeTime-type-past": {
              "relativeTimePattern-count-one": "πριν από {0} Δευτ.",
              "relativeTimePattern-count-other": "πριν από {0} Δευτ."
            }
          },
          "mon-narrow": {
            "relative-type--1": "προηγ. Δε",
            "relative-type-0": "αυτήν τη Δε",
            "relative-type-1": "επόμ. Δε",
            "relativeTime-type-future": {
              "relativeTimePattern-count-one": "σε {0} Δε",
              "relativeTimePattern-count-other": "σε {0} Δε"
            },
            "relativeTime-type-past": {
              "relativeTimePattern-count-one": "{0} Δε πριν",
              "relativeTimePattern-count-other": "{0} Δε πριν"
            }
          },
          "tue": {
            "relative-type--1": "προηγούμενη Τρίτη",
            "relative-type-0": "αυτήν την Τρίτη",
            "relative-type-1": "επόμενη Τρίτη",
            "relativeTime-type-future": {
              "relativeTimePattern-count-one": "σε {0} Τρίτη",
              "relativeTimePattern-count-other": "σε {0} Τρίτες"
            },
            "relativeTime-type-past": {
              "relativeTimePattern-count-one": "πριν από {0} Τρίτη",
              "relativeTimePattern-count-other": "πριν από {0} Τρίτες"
            }
          },
          "tue-short": {
            "relative-type--1": "προηγ. Τρ.",
            "relative-type-0": "αυτήν την Τρ.",
            "relative-type-1": "επόμ. Τρ.",
            "relativeTime-type-future": {
              "relativeTimePattern-count-one": "σε {0} Τρ.",
              "relativeTimePattern-count-other": "σε {0} Τρ."
            },
            "relativeTime-type-past": {
              "relativeTimePattern-count-one": "πριν από {0} Τρ.",
              "relativeTimePattern-count-other": "πριν από {0} Τρ."
            }
          },
          "tue-narrow": {
            "relative-type--1": "προηγ. Τρ",
            "relative-type-0": "αυτήν την Τρ",
            "relative-type-1": "επόμ. Τρ",
            "relativeTime-type-future": {
              "relativeTimePattern-count-one": "σε {0} Τρ",
              "relativeTimePattern-count-other": "σε {0} Τρ"
            },
            "relativeTime-type-past": {
              "relativeTimePattern-count-one": "{0} Τρ πριν",
              "relativeTimePattern-count-other": "{0} Τρ πριν"
            }
          },
          "wed": {
            "relative-type--1": "προηγούμενη Τετάρτη",
            "relative-type-0": "αυτήν την Τετάρτη",
            "relative-type-1": "επόμενη Τετάρτη",
            "relativeTime-type-future": {
              "relativeTimePattern-count-one": "σε {0} Τετάρτη",
              "relativeTimePattern-count-other": "σε {0} Τετάρτες"
            },
            "relativeTime-type-past": {
              "relativeTimePattern-count-one": "πριν από {0} Τετάρτη",
              "relativeTimePattern-count-other": "πριν από {0} Τετάρτες"
            }
          },
          "wed-short": {
            "relative-type--1": "προηγ. Τετ.",
            "relative-type-0": "αυτήν την Τετ.",
            "relative-type-1": "επόμ. Τετ.",
            "relativeTime-type-future": {
              "relativeTimePattern-count-one": "σε {0} Τετ.",
              "relativeTimePattern-count-other": "σε {0} Τετ."
            },
            "relativeTime-type-past": {
              "relativeTimePattern-count-one": "πριν από {0} Τετ.",
              "relativeTimePattern-count-other": "πριν από {0} Τετ."
            }
          },
          "wed-narrow": {
            "relative-type--1": "προηγ. Τε",
            "relative-type-0": "αυτήν την Τε",
            "relative-type-1": "επόμ. Τε",
            "relativeTime-type-future": {
              "relativeTimePattern-count-one": "σε {0} Τε",
              "relativeTimePattern-count-other": "σε {0} Τε"
            },
            "relativeTime-type-past": {
              "relativeTimePattern-count-one": "{0} Τε πριν",
              "relativeTimePattern-count-other": "{0} Τε πριν"
            }
          },
          "thu": {
            "relative-type--1": "προηγούμενη Πέμπτη",
            "relative-type-0": "αυτήν την Πέμπτη",
            "relative-type-1": "επόμενη Πέμπτη",
            "relativeTime-type-future": {
              "relativeTimePattern-count-one": "σε {0} Πέμπτη",
              "relativeTimePattern-count-other": "σε {0} Πέμπτες"
            },
            "relativeTime-type-past": {
              "relativeTimePattern-count-one": "πριν από {0} Πέμπτη",
              "relativeTimePattern-count-other": "πριν από {0} Πέμπτες"
            }
          },
          "thu-short": {
            "relative-type--1": "προηγ. Πέμ.",
            "relative-type-0": "αυτήν την Πέμ.",
            "relative-type-1": "επόμ. Πέμ.",
            "relativeTime-type-future": {
              "relativeTimePattern-count-one": "σε {0} Πέμ.",
              "relativeTimePattern-count-other": "σε {0} Πέμ."
            },
            "relativeTime-type-past": {
              "relativeTimePattern-count-one": "πριν από {0} Πέμ.",
              "relativeTimePattern-count-other": "πριν από {0} Πέμ."
            }
          },
          "thu-narrow": {
            "relative-type--1": "προηγ. Πέ",
            "relative-type-0": "αυτήν την Πέ",
            "relative-type-1": "επόμ. Πέ",
            "relativeTime-type-future": {
              "relativeTimePattern-count-one": "σε {0} Πέ",
              "relativeTimePattern-count-other": "σε {0} Πέ"
            },
            "relativeTime-type-past": {
              "relativeTimePattern-count-one": "{0} Πέ πριν",
              "relativeTimePattern-count-other": "{0} Πέ πριν"
            }
          },
          "fri": {
            "relative-type--1": "προηγούμενη Παρασκευή",
            "relative-type-0": "αυτήν την Παρασκευή",
            "relative-type-1": "επόμενη Παρασκευή",
            "relativeTime-type-future": {
              "relativeTimePattern-count-one": "σε {0} Παρασκευή",
              "relativeTimePattern-count-other": "σε {0} Παρασκευές"
            },
            "relativeTime-type-past": {
              "relativeTimePattern-count-one": "πριν από {0} Παρασκευή",
              "relativeTimePattern-count-other": "πριν από {0} Παρασκευές"
            }
          },
          "fri-short": {
            "relative-type--1": "προηγ. Παρ.",
            "relative-type-0": "αυτήν την Παρ.",
            "relative-type-1": "επόμ. Παρ.",
            "relativeTime-type-future": {
              "relativeTimePattern-count-one": "σε {0} Παρ.",
              "relativeTimePattern-count-other": "σε {0} Παρ."
            },
            "relativeTime-type-past": {
              "relativeTimePattern-count-one": "πριν από {0} Παρ.",
              "relativeTimePattern-count-other": "πριν από {0} Παρ."
            }
          },
          "fri-narrow": {
            "relative-type--1": "προηγ. Πα",
            "relative-type-0": "αυτήν την Πα",
            "relative-type-1": "επόμ. Πα",
            "relativeTime-type-future": {
              "relativeTimePattern-count-one": "σε {0} Πα",
              "relativeTimePattern-count-other": "σε {0} Πα"
            },
            "relativeTime-type-past": {
              "relativeTimePattern-count-one": "{0} Πα πριν",
              "relativeTimePattern-count-other": "{0} Πα πριν"
            }
          },
          "sat": {
            "relative-type--1": "προηγούμενο Σάββατο",
            "relative-type-0": "αυτό το Σάββατο",
            "relative-type-1": "επόμενο Σάββατο",
            "relativeTime-type-future": {
              "relativeTimePattern-count-one": "σε {0} Σάββατο",
              "relativeTimePattern-count-other": "σε {0} Σάββατα"
            },
            "relativeTime-type-past": {
              "relativeTimePattern-count-one": "πριν από {0} Σάββατο",
              "relativeTimePattern-count-other": "πριν από {0} Σάββατα"
            }
          },
          "sat-short": {
            "relative-type--1": "προηγ. Σάβ.",
            "relative-type-0": "αυτό το Σάβ.",
            "relative-type-1": "επόμ. Σάβ.",
            "relativeTime-type-future": {
              "relativeTimePattern-count-one": "σε {0} Σάβ.",
              "relativeTimePattern-count-other": "σε {0} Σάβ."
            },
            "relativeTime-type-past": {
              "relativeTimePattern-count-one": "πριν από {0} Σάβ.",
              "relativeTimePattern-count-other": "πριν από {0} Σάβ."
            }
          },
          "sat-narrow": {
            "relative-type--1": "προηγ. Σά",
            "relative-type-0": "αυτό το Σά",
            "relative-type-1": "επόμ. Σά",
            "relativeTime-type-future": {
              "relativeTimePattern-count-one": "σε {0} Σά",
              "relativeTimePattern-count-other": "σε {0} Σά"
            },
            "relativeTime-type-past": {
              "relativeTimePattern-count-one": "{0} Σά πριν",
              "relativeTimePattern-count-other": "{0} Σά πριν"
            }
          },
          "dayperiod-short": {
            "displayName": "πμ/μμ"
          },
          "dayperiod": {
            "displayName": "π.μ./μ.μ."
          },
          "dayperiod-narrow": {
            "displayName": "πμ/μμ"
          },
          "hour": {
            "displayName": "ώρα",
            "relative-type-0": "τρέχουσα ώρα",
            "relativeTime-type-future": {
              "relativeTimePattern-count-one": "σε {0} ώρα",
              "relativeTimePattern-count-other": "σε {0} ώρες"
            },
            "relativeTime-type-past": {
              "relativeTimePattern-count-one": "πριν από {0} ώρα",
              "relativeTimePattern-count-other": "πριν από {0} ώρες"
            }
          },
          "hour-short": {
            "displayName": "ώ.",
            "relative-type-0": "τρέχουσα ώρα",
            "relativeTime-type-future": {
              "relativeTimePattern-count-one": "σε {0} ώ.",
              "relativeTimePattern-count-other": "σε {0} ώ."
            },
            "relativeTime-type-past": {
              "relativeTimePattern-count-one": "πριν από {0} ώ.",
              "relativeTimePattern-count-other": "πριν από {0} ώ."
            }
          },
          "hour-narrow": {
            "displayName": "ώ.",
            "relative-type-0": "τρέχουσα ώρα",
            "relativeTime-type-future": {
              "relativeTimePattern-count-one": "σε {0} ώ.",
              "relativeTimePattern-count-other": "σε {0} ώ."
            },
            "relativeTime-type-past": {
              "relativeTimePattern-count-one": "{0} ώ. πριν",
              "relativeTimePattern-count-other": "{0} ώ. πριν"
            }
          },
          "minute": {
            "displayName": "λεπτό",
            "relative-type-0": "τρέχον λεπτό",
            "relativeTime-type-future": {
              "relativeTimePattern-count-one": "σε {0} λεπτό",
              "relativeTimePattern-count-other": "σε {0} λεπτά"
            },
            "relativeTime-type-past": {
              "relativeTimePattern-count-one": "πριν από {0} λεπτό",
              "relativeTimePattern-count-other": "πριν από {0} λεπτά"
            }
          },
          "minute-short": {
            "displayName": "λεπ.",
            "relative-type-0": "τρέχον λεπτό",
            "relativeTime-type-future": {
              "relativeTimePattern-count-one": "σε {0} λεπ.",
              "relativeTimePattern-count-other": "σε {0} λεπ."
            },
            "relativeTime-type-past": {
              "relativeTimePattern-count-one": "πριν από {0} λεπ.",
              "relativeTimePattern-count-other": "πριν από {0} λεπ."
            }
          },
          "minute-narrow": {
            "displayName": "λ.",
            "relative-type-0": "τρέχον λεπτό",
            "relativeTime-type-future": {
              "relativeTimePattern-count-one": "σε {0} λ.",
              "relativeTimePattern-count-other": "σε {0} λ."
            },
            "relativeTime-type-past": {
              "relativeTimePattern-count-one": "{0} λ. πριν",
              "relativeTimePattern-count-other": "{0} λ. πριν"
            }
          },
          "second": {
            "displayName": "δευτερόλεπτο",
            "relative-type-0": "τώρα",
            "relativeTime-type-future": {
              "relativeTimePattern-count-one": "σε {0} δευτερόλεπτο",
              "relativeTimePattern-count-other": "σε {0} δευτερόλεπτα"
            },
            "relativeTime-type-past": {
              "relativeTimePattern-count-one": "πριν από {0} δευτερόλεπτο",
              "relativeTimePattern-count-other": "πριν από {0} δευτερόλεπτα"
            }
          },
          "second-short": {
            "displayName": "δευτ.",
            "relative-type-0": "τώρα",
            "relativeTime-type-future": {
              "relativeTimePattern-count-one": "σε {0} δευτ.",
              "relativeTimePattern-count-other": "σε {0} δευτ."
            },
            "relativeTime-type-past": {
              "relativeTimePattern-count-one": "πριν από {0} δευτ.",
              "relativeTimePattern-count-other": "πριν από {0} δευτ."
            }
          },
          "second-narrow": {
            "displayName": "δ.",
            "relative-type-0": "τώρα",
            "relativeTime-type-future": {
              "relativeTimePattern-count-one": "σε {0} δ.",
              "relativeTimePattern-count-other": "σε {0} δ."
            },
            "relativeTime-type-past": {
              "relativeTimePattern-count-one": "{0} δ. πριν",
              "relativeTimePattern-count-other": "{0} δ. πριν"
            }
          },
          "zone": {
            "displayName": "ζώνη ώρας"
          },
          "zone-short": {
            "displayName": "ζώνη"
          },
          "zone-narrow": {
            "displayName": "ζώνη"
          }
        }
      }
    }
  }
}
