{
  "main": {
    "he": {
      "identity": {
        "version": {
          "_number": "$Revision: 13722 $",
          "_cldrVersion": "32.0.1"
        },
        "language": "he"
      },
      "dates": {
        "calendars": {
          "generic": {
            "months": {
              "format": {
                "abbreviated": {
                  "1": "M01",
                  "2": "M02",
                  "3": "M03",
                  "4": "M04",
                  "5": "M05",
                  "6": "M06",
                  "7": "M07",
                  "8": "M08",
                  "9": "M09",
                  "10": "M10",
                  "11": "M11",
                  "12": "M12"
                },
                "narrow": {
                  "1": "1",
                  "2": "2",
                  "3": "3",
                  "4": "4",
                  "5": "5",
                  "6": "6",
                  "7": "7",
                  "8": "8",
                  "9": "9",
                  "10": "10",
                  "11": "11",
                  "12": "12"
                },
                "wide": {
                  "1": "M01",
                  "2": "M02",
                  "3": "M03",
                  "4": "M04",
                  "5": "M05",
                  "6": "M06",
                  "7": "M07",
                  "8": "M08",
                  "9": "M09",
                  "10": "M10",
                  "11": "M11",
                  "12": "M12"
                }
              },
              "stand-alone": {
                "abbreviated": {
                  "1": "M01",
                  "2": "M02",
                  "3": "M03",
                  "4": "M04",
                  "5": "M05",
                  "6": "M06",
                  "7": "M07",
                  "8": "M08",
                  "9": "M09",
                  "10": "M10",
                  "11": "M11",
                  "12": "M12"
                },
                "narrow": {
                  "1": "1",
                  "2": "2",
                  "3": "3",
                  "4": "4",
                  "5": "5",
                  "6": "6",
                  "7": "7",
                  "8": "8",
                  "9": "9",
                  "10": "10",
                  "11": "11",
                  "12": "12"
                },
                "wide": {
                  "1": "M01",
                  "2": "M02",
                  "3": "M03",
                  "4": "M04",
                  "5": "M05",
                  "6": "M06",
                  "7": "M07",
                  "8": "M08",
                  "9": "M09",
                  "10": "M10",
                  "11": "M11",
                  "12": "M12"
                }
              }
            },
            "days": {
              "format": {
                "abbreviated": {
                  "sun": "יום א׳",
                  "mon": "יום ב׳",
                  "tue": "יום ג׳",
                  "wed": "יום ד׳",
                  "thu": "יום ה׳",
                  "fri": "יום ו׳",
                  "sat": "שבת"
                },
                "narrow": {
                  "sun": "א׳",
                  "mon": "ב׳",
                  "tue": "ג׳",
                  "wed": "ד׳",
                  "thu": "ה׳",
                  "fri": "ו׳",
                  "sat": "ש׳"
                },
                "short": {
                  "sun": "א׳",
                  "mon": "ב׳",
                  "tue": "ג׳",
                  "wed": "ד׳",
                  "thu": "ה׳",
                  "fri": "ו׳",
                  "sat": "ש׳"
                },
                "wide": {
                  "sun": "יום ראשון",
                  "mon": "יום שני",
                  "tue": "יום שלישי",
                  "wed": "יום רביעי",
                  "thu": "יום חמישי",
                  "fri": "יום שישי",
                  "sat": "יום שבת"
                }
              },
              "stand-alone": {
                "abbreviated": {
                  "sun": "יום א׳",
                  "mon": "יום ב׳",
                  "tue": "יום ג׳",
                  "wed": "יום ד׳",
                  "thu": "יום ה׳",
                  "fri": "יום ו׳",
                  "sat": "שבת"
                },
                "narrow": {
                  "sun": "א׳",
                  "mon": "ב׳",
                  "tue": "ג׳",
                  "wed": "ד׳",
                  "thu": "ה׳",
                  "fri": "ו׳",
                  "sat": "ש׳"
                },
                "short": {
                  "sun": "א׳",
                  "mon": "ב׳",
                  "tue": "ג׳",
                  "wed": "ד׳",
                  "thu": "ה׳",
                  "fri": "ו׳",
                  "sat": "ש׳"
                },
                "wide": {
                  "sun": "יום ראשון",
                  "mon": "יום שני",
                  "tue": "יום שלישי",
                  "wed": "יום רביעי",
                  "thu": "יום חמישי",
                  "fri": "יום שישי",
                  "sat": "יום שבת"
                }
              }
            },
            "quarters": {
              "format": {
                "abbreviated": {
                  "1": "Q1",
                  "2": "Q2",
                  "3": "Q3",
                  "4": "Q4"
                },
                "narrow": {
                  "1": "1",
                  "2": "2",
                  "3": "3",
                  "4": "4"
                },
                "wide": {
                  "1": "רבעון 1",
                  "2": "רבעון 2",
                  "3": "רבעון 3",
                  "4": "רבעון 4"
                }
              },
              "stand-alone": {
                "abbreviated": {
                  "1": "Q1",
                  "2": "Q2",
                  "3": "Q3",
                  "4": "Q4"
                },
                "narrow": {
                  "1": "1",
                  "2": "2",
                  "3": "3",
                  "4": "4"
                },
                "wide": {
                  "1": "רבעון 1",
                  "2": "רבעון 2",
                  "3": "רבעון 3",
                  "4": "רבעון 4"
                }
              }
            },
            "dayPeriods": {
              "format": {
                "abbreviated": {
                  "midnight": "חצות",
                  "am": "לפנה״צ",
                  "pm": "אחה״צ",
                  "morning1": "בוקר",
                  "afternoon1": "צהריים",
                  "afternoon2": "אחר הצהריים",
                  "evening1": "ערב",
                  "night1": "לילה",
                  "night2": "לפנות בוקר"
                },
                "narrow": {
                  "midnight": "חצות",
                  "am": "לפנה״צ",
                  "pm": "אחה״צ",
                  "morning1": "בבוקר",
                  "afternoon1": "בצהריים",
                  "afternoon2": "אחה״צ",
                  "evening1": "בערב",
                  "night1": "בלילה",
                  "night2": "לפנות בוקר"
                },
                "wide": {
                  "midnight": "חצות",
                  "am": "לפנה״צ",
                  "pm": "אחה״צ",
                  "morning1": "בבוקר",
                  "afternoon1": "בצהריים",
                  "afternoon2": "אחר הצהריים",
                  "evening1": "בערב",
                  "night1": "בלילה",
                  "night2": "לפנות בוקר"
                }
              },
              "stand-alone": {
                "abbreviated": {
                  "midnight": "חצות",
                  "am": "AM",
                  "pm": "PM",
                  "morning1": "בוקר",
                  "afternoon1": "צהריים",
                  "afternoon2": "אחה״צ",
                  "evening1": "ערב",
                  "night1": "לילה",
                  "night2": "לפנות בוקר"
                },
                "narrow": {
                  "midnight": "חצות",
                  "am": "לפנה״צ",
                  "pm": "אחה״צ",
                  "morning1": "בוקר",
                  "afternoon1": "צהריים",
                  "afternoon2": "אחה״צ",
                  "evening1": "ערב",
                  "night1": "לילה",
                  "night2": "לפנות בוקר"
                },
                "wide": {
                  "midnight": "חצות",
                  "am": "AM",
                  "pm": "PM",
                  "morning1": "בוקר",
                  "afternoon1": "צהריים",
                  "afternoon2": "אחר הצהריים",
                  "evening1": "ערב",
                  "night1": "לילה",
                  "night2": "לפנות בוקר"
                }
              }
            },
            "eras": {
              "eraNames": {
                "0": "ERA0",
                "1": "ERA1"
              },
              "eraAbbr": {
                "0": "ERA0",
                "1": "ERA1"
              },
              "eraNarrow": {
                "0": "ERA0",
                "1": "ERA1"
              }
            },
            "dateFormats": {
              "full": "EEEE, d בMMMM y G",
              "long": "d בMMMM y G",
              "medium": "d בMMM y G",
              "short": "d.M.y GGGGG"
            },
            "timeFormats": {
              "full": "H:mm:ss zzzz",
              "long": "H:mm:ss z",
              "medium": "H:mm:ss",
              "short": "H:mm"
            },
            "dateTimeFormats": {
              "full": "{1} בשעה {0}",
              "long": "{1} בשעה {0}",
              "medium": "{1}, {0}",
              "short": "{1}, {0}",
              "availableFormats": {
                "Bh": "h B",
                "Bhm": "h:mm B",
                "Bhms": "h:mm:ss B",
                "d": "d",
                "E": "ccc",
                "EBhm": "E h:mm B",
                "EBhms": "E h:mm:ss B",
                "Ed": "E ה-d",
                "Ehm": "E h:mm a",
                "EHm": "E HH:mm",
                "Ehms": "E h:mm:ss a",
                "EHms": "E HH:mm:ss",
                "Gy": "y G",
                "GyMMM": "MMM y G",
                "GyMMMd": "d בMMM y G",
                "GyMMMEd": "E, d בMMM y G",
                "h": "‏h a",
                "H": "H",
                "hm": "h:mm a",
                "Hm": "H:mm",
                "hms": "h:mm:ss a",
                "Hms": "H:mm:ss",
                "M": "L",
                "Md": "d.M",
                "MEd": "E, d/M",
                "MMM": "LLL",
                "MMMd": "d בMMM",
                "MMMEd": "E, d בMMM",
                "MMMMd": "MMMM d",
                "ms": "mm:ss",
                "y": "y G",
                "yyyy": "y G",
                "yyyyM": "M.y G",
                "yyyyMd": "d.M.y G",
                "yyyyMEd": "E, d/M/y G",
                "yyyyMM": "MM/y G",
                "yyyyMMM": "MMM y G",
                "yyyyMMMd": "d בMMM y G",
                "yyyyMMMEd": "E, d בMMM y G",
                "yyyyMMMM": "G y MMMM",
                "yyyyQQQ": "G y QQQ",
                "yyyyQQQQ": "G y QQQQ"
              },
              "appendItems": {
                "Day": "{0} ({2}: {1})",
                "Day-Of-Week": "{0} {1}",
                "Era": "{1} {0}",
                "Hour": "{0} ({2}: {1})",
                "Minute": "{0} ({2}: {1})",
                "Month": "{0} ({2}: {1})",
                "Quarter": "{0} ({2}: {1})",
                "Second": "{0} ({2}: {1})",
                "Timezone": "{0} {1}",
                "Week": "{0} ({2}: {1})",
                "Year": "{1} {0}"
              },
              "intervalFormats": {
                "intervalFormatFallback": "{0} – {1}",
                "d": {
                  "d": "d–d"
                },
                "h": {
                  "a": "h a – h a",
                  "h": "h–h a"
                },
                "H": {
                  "H": "H–H"
                },
                "hm": {
                  "a": "h:mm a – h:mm a",
                  "h": "h:mm–h:mm a",
                  "m": "h:mm–h:mm a"
                },
                "Hm": {
                  "H": "H:mm–H:mm",
                  "m": "H:mm–H:mm"
                },
                "hmv": {
                  "a": "h:mm a – h:mm a v",
                  "h": "h:mm–h:mm a v",
                  "m": "h:mm–h:mm a v"
                },
                "Hmv": {
                  "H": "H:mm–H:mm v",
                  "m": "H:mm–H:mm v"
                },
                "hv": {
                  "a": "h a – h a v",
                  "h": "h–h a v"
                },
                "Hv": {
                  "H": "H–H v"
                },
                "M": {
                  "M": "M–M"
                },
                "Md": {
                  "d": "dd/MM – dd/MM",
                  "M": "dd/MM – dd/MM"
                },
                "MEd": {
                  "d": "EEEE dd/MM – EEEE dd/MM",
                  "M": "EEEE dd/MM – EEEE dd/MM"
                },
                "MMM": {
                  "M": "MMM–MMM"
                },
                "MMMd": {
                  "d": "d–d MMM",
                  "M": "d MMM – d MMM"
                },
                "MMMEd": {
                  "d": "EEEE d MMM – EEEE d MMM",
                  "M": "EEEE d MMM – EEEE d MMM"
                },
                "MMMM": {
                  "M": "LLLL–LLLL"
                },
                "y": {
                  "y": "y–y"
                },
                "yM": {
                  "M": "MM/y – MM/y",
                  "y": "MM/y – MM/y"
                },
                "yMd": {
                  "d": "dd/MM/y – dd/MM/y",
                  "M": "dd/MM/y – dd/MM/y",
                  "y": "dd/MM/y – dd/MM/y"
                },
                "yMEd": {
                  "d": "EEEE dd/MM/y – EEEE dd/MM/y",
                  "M": "EEEE dd/MM/y – EEEE dd/MM/y",
                  "y": "EEEE dd/MM/y – EEEE dd/MM/y"
                },
                "yMMM": {
                  "M": "MMM–MMM y",
                  "y": "MMM y – MMM y"
                },
                "yMMMd": {
                  "d": "d–d MMM y",
                  "M": "d MMM – d MMM y",
                  "y": "d MMM y – d MMM y"
                },
                "yMMMEd": {
                  "d": "EEEE d MMM – EEEE d MMM y",
                  "M": "EEEE d MMM – EEEE d MMM y",
                  "y": "EEEE d MMM y – EEEE d MMM y"
                },
                "yMMMM": {
                  "M": "MMMM – MMMM y G",
                  "y": "MMMM y–MMMM y"
                }
              }
            }
          }
        }
      }
    }
  }
}
