{
  "main": {
    "he": {
      "identity": {
        "version": {
          "_number": "$Revision: 13722 $",
          "_cldrVersion": "32.0.1"
        },
        "language": "he"
      },
      "dates": {
        "fields": {
          "era": {
            "displayName": "תקופה"
          },
          "era-short": {
            "displayName": "תקופה"
          },
          "era-narrow": {
            "displayName": "תקופה"
          },
          "year": {
            "displayName": "שנה",
            "relative-type--1": "השנה שעברה",
            "relative-type-0": "השנה",
            "relative-type-1": "השנה הבאה",
            "relativeTime-type-future": {
              "relativeTimePattern-count-one": "בעוד שנה",
              "relativeTimePattern-count-two": "בעוד שנתיים",
              "relativeTimePattern-count-many": "בעוד {0} שנה",
              "relativeTimePattern-count-other": "בעוד {0} שנים"
            },
            "relativeTime-type-past": {
              "relativeTimePattern-count-one": "לפני שנה",
              "relativeTimePattern-count-two": "לפני שנתיים",
              "relativeTimePattern-count-many": "לפני {0} שנה",
              "relativeTimePattern-count-other": "לפני {0} שנים"
            }
          },
          "year-short": {
            "displayName": "שנ׳",
            "relative-type--1": "השנה שעברה",
            "relative-type-0": "השנה",
            "relative-type-1": "השנה הבאה",
            "relativeTime-type-future": {
              "relativeTimePattern-count-one": "בעוד שנה",
              "relativeTimePattern-count-two": "בעוד שנתיים",
              "relativeTimePattern-count-many": "בעוד {0} שנה",
              "relativeTimePattern-count-other": "בעוד {0} שנים"
            },
            "relativeTime-type-past": {
              "relativeTimePattern-count-one": "לפני שנה",
              "relativeTimePattern-count-two": "לפני שנתיים",
              "relativeTimePattern-count-many": "לפני {0} שנה",
              "relativeTimePattern-count-other": "לפני {0} שנים"
            }
          },
          "year-narrow": {
            "displayName": "שנ׳",
            "relative-type--1": "השנה שעברה",
            "relative-type-0": "השנה",
            "relative-type-1": "השנה הבאה",
            "relativeTime-type-future": {
              "relativeTimePattern-count-one": "בעוד שנה",
              "relativeTimePattern-count-two": "בעוד שנתיים",
              "relativeTimePattern-count-many": "בעוד {0} שנה",
              "relativeTimePattern-count-other": "בעוד {0} שנים"
            },
            "relativeTime-type-past": {
              "relativeTimePattern-count-one": "לפני שנה",
              "relativeTimePattern-count-two": "לפני שנתיים",
              "relativeTimePattern-count-many": "לפני {0} שנה",
              "relativeTimePattern-count-other": "לפני {0} שנים"
            }
          },
          "quarter": {
            "displayName": "רבעון",
            "relative-type--1": "הרבעון הקודם",
            "relative-type-0": "רבעון זה",
            "relative-type-1": "הרבעון הבא",
            "relativeTime-type-future": {
              "relativeTimePattern-count-one": "ברבעון הבא",
              "relativeTimePattern-count-two": "בעוד שני רבעונים",
              "relativeTimePattern-count-many": "בעוד {0} רבעונים",
              "relativeTimePattern-count-other": "בעוד {0} רבעונים"
            },
            "relativeTime-type-past": {
              "relativeTimePattern-count-one": "ברבעון הקודם",
              "relativeTimePattern-count-two": "לפני שני רבעונים",
              "relativeTimePattern-count-many": "לפני {0} רבעונים",
              "relativeTimePattern-count-other": "לפני {0} רבעונים"
            }
          },
          "quarter-short": {
            "displayName": "רבע׳",
            "relative-type--1": "הרבעון הקודם",
            "relative-type-0": "רבעון זה",
            "relative-type-1": "הרבעון הבא",
            "relativeTime-type-future": {
              "relativeTimePattern-count-one": "ברבע׳ הבא",
              "relativeTimePattern-count-two": "בעוד שני רבע׳",
              "relativeTimePattern-count-many": "בעוד {0} רבע׳",
              "relativeTimePattern-count-other": "בעוד {0} רבע׳"
            },
            "relativeTime-type-past": {
              "relativeTimePattern-count-one": "ברבע׳ הקודם",
              "relativeTimePattern-count-two": "לפני שני רבע׳",
              "relativeTimePattern-count-many": "לפני {0} רבע׳",
              "relativeTimePattern-count-other": "לפני {0} רבע׳"
            }
          },
          "quarter-narrow": {
            "displayName": "רבע׳",
            "relative-type--1": "הרבעון הקודם",
            "relative-type-0": "רבעון זה",
            "relative-type-1": "הרבעון הבא",
            "relativeTime-type-future": {
              "relativeTimePattern-count-one": "ברבע׳ הבא",
              "relativeTimePattern-count-two": "בעוד שני רבע׳",
              "relativeTimePattern-count-many": "בעוד {0} רבע׳",
              "relativeTimePattern-count-other": "בעוד {0} רבע׳"
            },
            "relativeTime-type-past": {
              "relativeTimePattern-count-one": "ברבע׳ הקודם",
              "relativeTimePattern-count-two": "לפני שני רבע׳",
              "relativeTimePattern-count-many": "לפני {0} רבע׳",
              "relativeTimePattern-count-other": "לפני {0} רבע׳"
            }
          },
          "month": {
            "displayName": "חודש",
            "relative-type--1": "החודש שעבר",
            "relative-type-0": "החודש",
            "relative-type-1": "החודש הבא",
            "relativeTime-type-future": {
              "relativeTimePattern-count-one": "בעוד חודש",
              "relativeTimePattern-count-two": "בעוד חודשיים",
              "relativeTimePattern-count-many": "בעוד {0} חודשים",
              "relativeTimePattern-count-other": "בעוד {0} חודשים"
            },
            "relativeTime-type-past": {
              "relativeTimePattern-count-one": "לפני חודש",
              "relativeTimePattern-count-two": "לפני חודשיים",
              "relativeTimePattern-count-many": "לפני {0} חודשים",
              "relativeTimePattern-count-other": "לפני {0} חודשים"
            }
          },
          "month-short": {
            "displayName": "חו׳",
            "relative-type--1": "החודש שעבר",
            "relative-type-0": "החודש",
            "relative-type-1": "החודש הבא",
            "relativeTime-type-future": {
              "relativeTimePattern-count-one": "בעוד חודש",
              "relativeTimePattern-count-two": "בעוד חודשיים",
              "relativeTimePattern-count-many": "בעוד {0} חודשים",
              "relativeTimePattern-count-other": "בעוד {0} חודשים"
            },
            "relativeTime-type-past": {
              "relativeTimePattern-count-one": "לפני חודש",
              "relativeTimePattern-count-two": "לפני חודשיים",
              "relativeTimePattern-count-many": "לפני {0} חודשים",
              "relativeTimePattern-count-other": "לפני {0} חודשים"
            }
          },
          "month-narrow": {
            "displayName": "חו׳",
            "relative-type--1": "החודש שעבר",
            "relative-type-0": "החודש",
            "relative-type-1": "החודש הבא",
            "relativeTime-type-future": {
              "relativeTimePattern-count-one": "בעוד חו׳",
              "relativeTimePattern-count-two": "בעוד חודשיים",
              "relativeTimePattern-count-many": "בעוד {0} חו׳",
              "relativeTimePattern-count-other": "בעוד {0} חו׳"
            },
            "relativeTime-type-past": {
              "relativeTimePattern-count-one": "לפני חו׳",
              "relativeTimePattern-count-two": "לפני חודשיים",
              "relativeTimePattern-count-many": "לפני {0} חו׳",
              "relativeTimePattern-count-other": "לפני {0} חו׳"
            }
          },
          "week": {
            "displayName": "שבוע",
            "relative-type--1": "השבוע שעבר",
            "relative-type-0": "השבוע",
            "relative-type-1": "השבוע הבא",
            "relativeTime-type-future": {
              "relativeTimePattern-count-one": "בעוד שבוע",
              "relativeTimePattern-count-two": "בעוד שבועיים",
              "relativeTimePattern-count-many": "בעוד {0} שבועות",
              "relativeTimePattern-count-other": "בעוד {0} שבועות"
            },
            "relativeTime-type-past": {
              "relativeTimePattern-count-one": "לפני שבוע",
              "relativeTimePattern-count-two": "לפני שבועיים",
              "relativeTimePattern-count-many": "לפני {0} שבועות",
              "relativeTimePattern-count-other": "לפני {0} שבועות"
            },
            "relativePeriod": "השבוע של"
          },
          "week-short": {
            "displayName": "שב׳",
            "relative-type--1": "השבוע שעבר",
            "relative-type-0": "השבוע",
            "relative-type-1": "השבוע הבא",
            "relativeTime-type-future": {
              "relativeTimePattern-count-one": "בעוד שב׳",
              "relativeTimePattern-count-two": "בעוד שבועיים",
              "relativeTimePattern-count-many": "בעוד {0} שב׳",
              "relativeTimePattern-count-other": "בעוד {0} שב׳"
            },
            "relativeTime-type-past": {
              "relativeTimePattern-count-one": "לפני שב׳",
              "relativeTimePattern-count-two": "לפני שבועיים",
              "relativeTimePattern-count-many": "לפני {0} שב׳",
              "relativeTimePattern-count-other": "לפני {0} שב׳"
            },
            "relativePeriod": "השבוע של {0}"
          },
          "week-narrow": {
            "displayName": "שב׳",
            "relative-type--1": "השבוע שעבר",
            "relative-type-0": "השבוע",
            "relative-type-1": "השבוע הבא",
            "relativeTime-type-future": {
              "relativeTimePattern-count-one": "בעוד שב׳",
              "relativeTimePattern-count-two": "בעוד שבועיים",
              "relativeTimePattern-count-many": "בעוד {0} שב׳",
              "relativeTimePattern-count-other": "בעוד {0} שב׳"
            },
            "relativeTime-type-past": {
              "relativeTimePattern-count-one": "לפני שבוע",
              "relativeTimePattern-count-two": "לפני שבועיים",
              "relativeTimePattern-count-many": "לפני {0} שב׳",
              "relativeTimePattern-count-other": "לפני {0} שב׳"
            },
            "relativePeriod": "השבוע של {0}"
          },
          "weekOfMonth": {
            "displayName": "השבוע בחודש"
          },
          "weekOfMonth-short": {
            "displayName": "השבוע בחודש"
          },
          "weekOfMonth-narrow": {
            "displayName": "השבוע בחודש"
          },
          "day": {
            "displayName": "יום",
            "relative-type--2": "שלשום",
            "relative-type--1": "אתמול",
            "relative-type-0": "היום",
            "relative-type-1": "מחר",
            "relative-type-2": "מחרתיים",
            "relativeTime-type-future": {
              "relativeTimePattern-count-one": "בעוד יום {0}",
              "relativeTimePattern-count-two": "בעוד יומיים",
              "relativeTimePattern-count-many": "בעוד {0} ימים",
              "relativeTimePattern-count-other": "בעוד {0} ימים"
            },
            "relativeTime-type-past": {
              "relativeTimePattern-count-one": "לפני יום {0}",
              "relativeTimePattern-count-two": "לפני יומיים",
              "relativeTimePattern-count-many": "לפני {0} ימים",
              "relativeTimePattern-count-other": "לפני {0} ימים"
            }
          },
          "day-short": {
            "displayName": "יום",
            "relative-type--2": "שלשום",
            "relative-type--1": "אתמול",
            "relative-type-0": "היום",
            "relative-type-1": "מחר",
            "relative-type-2": "מחרתיים",
            "relativeTime-type-future": {
              "relativeTimePattern-count-one": "מחר",
              "relativeTimePattern-count-two": "בעוד יומיים",
              "relativeTimePattern-count-many": "בעוד {0} ימים",
              "relativeTimePattern-count-other": "בעוד {0} ימים"
            },
            "relativeTime-type-past": {
              "relativeTimePattern-count-one": "אתמול",
              "relativeTimePattern-count-two": "לפני יומיים",
              "relativeTimePattern-count-many": "לפני {0} ימים",
              "relativeTimePattern-count-other": "לפני {0} ימים"
            }
          },
          "day-narrow": {
            "displayName": "יום",
            "relative-type--2": "שלשום",
            "relative-type--1": "אתמול",
            "relative-type-0": "היום",
            "relative-type-1": "מחר",
            "relative-type-2": "מחרתיים",
            "relativeTime-type-future": {
              "relativeTimePattern-count-one": "מחר",
              "relativeTimePattern-count-two": "בעוד יומיים",
              "relativeTimePattern-count-many": "בעוד {0} ימים",
              "relativeTimePattern-count-other": "בעוד {0} ימים"
            },
            "relativeTime-type-past": {
              "relativeTimePattern-count-one": "אתמול",
              "relativeTimePattern-count-two": "לפני יומיים",
              "relativeTimePattern-count-many": "לפני {0} ימים",
              "relativeTimePattern-count-other": "לפני {0} ימים"
            }
          },
          "dayOfYear": {
            "displayName": "יום בשנה"
          },
          "dayOfYear-short": {
            "displayName": "יום בשנה"
          },
          "dayOfYear-narrow": {
            "displayName": "יום בשנה"
          },
          "weekday": {
            "displayName": "יום בשבוע"
          },
          "weekday-short": {
            "displayName": "יום בשבוע"
          },
          "weekday-narrow": {
            "displayName": "יום בשבוע"
          },
          "weekdayOfMonth": {
            "displayName": "יום חול בחודש"
          },
          "weekdayOfMonth-short": {
            "displayName": "יום בחודש"
          },
          "weekdayOfMonth-narrow": {
            "displayName": "יום בחודש"
          },
          "sun": {
            "relative-type--1": "ביום ראשון שעבר",
            "relative-type-0": "ביום ראשון הזה",
            "relative-type-1": "ביום ראשון הבא",
            "relativeTime-type-future": {
              "relativeTimePattern-count-one": "בעוד יום ראשון {0}",
              "relativeTimePattern-count-two": "בעוד {0} ימי ראשון",
              "relativeTimePattern-count-many": "בעוד {0} ימי ראשון",
              "relativeTimePattern-count-other": "בעוד {0} ימי ראשון"
            },
            "relativeTime-type-past": {
              "relativeTimePattern-count-one": "לפני יום ראשון {0}",
              "relativeTimePattern-count-two": "לפני {0} ימי ראשון",
              "relativeTimePattern-count-many": "לפני {0} ימי ראשון",
              "relativeTimePattern-count-other": "לפני {0} ימי ראשון"
            }
          },
          "sun-short": {
            "relative-type--1": "יום א׳ שעבר",
            "relative-type-0": "יום א׳",
            "relative-type-1": "יום א׳ הבא",
            "relativeTime-type-future": {
              "relativeTimePattern-count-one": "בעוד יום ראשון {0}",
              "relativeTimePattern-count-two": "בעוד {0} ימי ראשון",
              "relativeTimePattern-count-many": "בעוד {0} ימי ראשון",
              "relativeTimePattern-count-other": "בעוד {0} ימי ראשון"
            },
            "relativeTime-type-past": {
              "relativeTimePattern-count-one": "לפני יום ראשון {0}",
              "relativeTimePattern-count-two": "לפני {0} ימי ראשון",
              "relativeTimePattern-count-many": "לפני {0} ימי ראשון",
              "relativeTimePattern-count-other": "לפני {0} ימי ראשון"
            }
          },
          "sun-narrow": {
            "relative-type--1": "יום א׳ שעבר",
            "relative-type-0": "יום א׳",
            "relative-type-1": "יום א׳ הבא",
            "relativeTime-type-future": {
              "relativeTimePattern-count-one": "בעוד יום ראשון {0}",
              "relativeTimePattern-count-two": "בעוד {0} ימי ראשון",
              "relativeTimePattern-count-many": "בעוד {0} ימי ראשון",
              "relativeTimePattern-count-other": "בעוד {0} ימי ראשון"
            },
            "relativeTime-type-past": {
              "relativeTimePattern-count-one": "לפני יום ראשון {0}",
              "relativeTimePattern-count-two": "לפני {0} ימי ראשון",
              "relativeTimePattern-count-many": "לפני {0} ימי ראשון",
              "relativeTimePattern-count-other": "לפני {0} ימי ראשון"
            }
          },
          "mon": {
            "relative-type--1": "יום שני שעבר",
            "relative-type-0": "יום שני",
            "relative-type-1": "יום שני הבא",
            "relativeTime-type-future": {
              "relativeTimePattern-count-one": "בעוד יום שני {0}",
              "relativeTimePattern-count-two": "בעוד {0} ימי שני",
              "relativeTimePattern-count-many": "בעוד {0} ימי שני",
              "relativeTimePattern-count-other": "בעוד {0} ימי שני"
            },
            "relativeTime-type-past": {
              "relativeTimePattern-count-one": "לפני יום שני {0}",
              "relativeTimePattern-count-two": "לפני {0} ימי שני",
              "relativeTimePattern-count-many": "לפני {0} ימי שני",
              "relativeTimePattern-count-other": "לפני {0} ימי שני"
            }
          },
          "mon-short": {
            "relative-type--1": "יום ב׳ שעבר",
            "relative-type-0": "יום ב׳",
            "relative-type-1": "יום ב׳ הבא",
            "relativeTime-type-future": {
              "relativeTimePattern-count-one": "בעוד יום שני {0}",
              "relativeTimePattern-count-two": "בעוד {0} ימי שני",
              "relativeTimePattern-count-many": "בעוד {0} ימי שני",
              "relativeTimePattern-count-other": "בעוד {0} ימי שני"
            },
            "relativeTime-type-past": {
              "relativeTimePattern-count-one": "לפני יום שני {0}",
              "relativeTimePattern-count-two": "לפני {0} ימי שני",
              "relativeTimePattern-count-many": "לפני {0} ימי שני",
              "relativeTimePattern-count-other": "לפני {0} ימי שני"
            }
          },
          "mon-narrow": {
            "relative-type--1": "יום ב׳ שעבר",
            "relative-type-0": "יום ב׳",
            "relative-type-1": "יום ב׳ הבא",
            "relativeTime-type-future": {
              "relativeTimePattern-count-one": "בעוד יום שני {0}",
              "relativeTimePattern-count-two": "בעוד {0} ימי שני",
              "relativeTimePattern-count-many": "בעוד {0} ימי שני",
              "relativeTimePattern-count-other": "בעוד {0} ימי שני"
            },
            "relativeTime-type-past": {
              "relativeTimePattern-count-one": "לפני יום שני {0}",
              "relativeTimePattern-count-two": "לפני {0} ימי שני",
              "relativeTimePattern-count-many": "לפני {0} ימי שני",
              "relativeTimePattern-count-other": "לפני {0} ימי שני"
            }
          },
          "tue": {
            "relative-type--1": "יום שלישי שעבר",
            "relative-type-0": "יום שלישי",
            "relative-type-1": "יום שלישי הבא",
            "relativeTime-type-future": {
              "relativeTimePattern-count-one": "בעוד יום שלישי {0}",
              "relativeTimePattern-count-two": "בעוד {0} ימי שלישי",
              "relativeTimePattern-count-many": "בעוד {0} ימי שלישי",
              "relativeTimePattern-count-other": "בעוד {0} ימי שלישי"
            },
            "relativeTime-type-past": {
              "relativeTimePattern-count-one": "לפני יום שלישי {0}",
              "relativeTimePattern-count-two": "לפני {0} ימי שלישי",
              "relativeTimePattern-count-many": "לפני {0} ימי שלישי",
              "relativeTimePattern-count-other": "לפני {0} ימי שלישי"
            }
          },
          "tue-short": {
            "relative-type--1": "יום ג׳ שעבר",
            "relative-type-0": "יום ג׳",
            "relative-type-1": "יום ג׳ הבא",
            "relativeTime-type-future": {
              "relativeTimePattern-count-one": "בעוד יום שלישי {0}",
              "relativeTimePattern-count-two": "בעוד {0} ימי שלישי",
              "relativeTimePattern-count-many": "בעוד {0} ימי שלישי",
              "relativeTimePattern-count-other": "בעוד {0} ימי שלישי"
            },
            "relativeTime-type-past": {
              "relativeTimePattern-count-one": "לפני יום שלישי {0}",
              "relativeTimePattern-count-two": "לפני {0} ימי שלישי",
              "relativeTimePattern-count-many": "לפני {0} ימי שלישי",
              "relativeTimePattern-count-other": "לפני {0} ימי שלישי"
            }
          },
          "tue-narrow": {
            "relative-type--1": "יום ג׳ שעבר",
            "relative-type-0": "יום ג׳",
            "relative-type-1": "יום ג׳ הבא",
            "relativeTime-type-future": {
              "relativeTimePattern-count-one": "בעוד יום שלישי {0}",
              "relativeTimePattern-count-two": "בעוד {0} ימי שלישי",
              "relativeTimePattern-count-many": "בעוד {0} ימי שלישי",
              "relativeTimePattern-count-other": "בעוד {0} ימי שלישי"
            },
            "relativeTime-type-past": {
              "relativeTimePattern-count-one": "לפני יום שלישי {0}",
              "relativeTimePattern-count-two": "לפני {0} ימי שלישי",
              "relativeTimePattern-count-many": "לפני {0} ימי שלישי",
              "relativeTimePattern-count-other": "לפני {0} ימי שלישי"
            }
          },
          "wed": {
            "relative-type--1": "יום רביעי שעבר",
            "relative-type-0": "יום רביעי",
            "relative-type-1": "יום רביעי הבא",
            "relativeTime-type-future": {
              "relativeTimePattern-count-one": "בעוד יום רביעי {0}",
              "relativeTimePattern-count-two": "בעוד {0} ימי רביעי",
              "relativeTimePattern-count-many": "בעוד {0} ימי רביעי",
              "relativeTimePattern-count-other": "בעוד {0} ימי רביעי"
            },
            "relativeTime-type-past": {
              "relativeTimePattern-count-one": "לפני יום רביעי {0}",
              "relativeTimePattern-count-two": "לפני {0} ימי רביעי",
              "relativeTimePattern-count-many": "לפני {0} ימי רביעי",
              "relativeTimePattern-count-other": "לפני {0} ימי רביעי"
            }
          },
          "wed-short": {
            "relative-type--1": "יום ד׳ שעבר",
            "relative-type-0": "יום ד׳",
            "relative-type-1": "יום ד׳ הבא",
            "relativeTime-type-future": {
              "relativeTimePattern-count-one": "בעוד יום רביעי {0}",
              "relativeTimePattern-count-two": "בעוד {0} ימי רביעי",
              "relativeTimePattern-count-many": "בעוד {0} ימי רביעי",
              "relativeTimePattern-count-other": "בעוד {0} ימי רביעי"
            },
            "relativeTime-type-past": {
              "relativeTimePattern-count-one": "לפני יום רביעי {0}",
              "relativeTimePattern-count-two": "לפני {0} ימי רביעי",
              "relativeTimePattern-count-many": "לפני {0} ימי רביעי",
              "relativeTimePattern-count-other": "לפני {0} ימי רביעי"
            }
          },
          "wed-narrow": {
            "relative-type--1": "יום ד׳ שעבר",
            "relative-type-0": "יום ד׳",
            "relative-type-1": "יום ד׳ הבא",
            "relativeTime-type-future": {
              "relativeTimePattern-count-one": "בעוד יום רביעי {0}",
              "relativeTimePattern-count-two": "בעוד {0} ימי רביעי",
              "relativeTimePattern-count-many": "בעוד {0} ימי רביעי",
              "relativeTimePattern-count-other": "בעוד {0} ימי רביעי"
            },
            "relativeTime-type-past": {
              "relativeTimePattern-count-one": "לפני יום רביעי {0}",
              "relativeTimePattern-count-two": "לפני {0} ימי רביעי",
              "relativeTimePattern-count-many": "לפני {0} ימי רביעי",
              "relativeTimePattern-count-other": "לפני {0} ימי רביעי"
            }
          },
          "thu": {
            "relative-type--1": "יום חמישי שעבר",
            "relative-type-0": "יום חמישי",
            "relative-type-1": "יום חמישי הבא",
            "relativeTime-type-future": {
              "relativeTimePattern-count-one": "בעוד יום חמישי {0}",
              "relativeTimePattern-count-two": "בעוד {0} ימי חמישי",
              "relativeTimePattern-count-many": "בעוד {0} ימי חמישי",
              "relativeTimePattern-count-other": "בעוד {0} ימי חמישי"
            },
            "relativeTime-type-past": {
              "relativeTimePattern-count-one": "לפני יום חמישי {0}",
              "relativeTimePattern-count-two": "לפני {0} ימי חמישי",
              "relativeTimePattern-count-many": "לפני {0} ימי חמישי",
              "relativeTimePattern-count-other": "לפני {0} ימי חמישי"
            }
          },
          "thu-short": {
            "relative-type--1": "יום ה׳ שעבר",
            "relative-type-0": "יום ה׳",
            "relative-type-1": "יום ה׳ הבא",
            "relativeTime-type-future": {
              "relativeTimePattern-count-one": "בעוד יום חמישי {0}",
              "relativeTimePattern-count-two": "בעוד {0} ימי חמישי",
              "relativeTimePattern-count-many": "בעוד {0} ימי חמישי",
              "relativeTimePattern-count-other": "בעוד {0} ימי חמישי"
            },
            "relativeTime-type-past": {
              "relativeTimePattern-count-one": "לפני יום חמישי {0}",
              "relativeTimePattern-count-two": "לפני {0} ימי חמישי",
              "relativeTimePattern-count-many": "לפני {0} ימי חמישי",
              "relativeTimePattern-count-other": "לפני {0} ימי חמישי"
            }
          },
          "thu-narrow": {
            "relative-type--1": "יום ה׳ שעבר",
            "relative-type-0": "יום ה׳",
            "relative-type-1": "יום ה׳ הבא",
            "relativeTime-type-future": {
              "relativeTimePattern-count-one": "בעוד יום חמישי {0}",
              "relativeTimePattern-count-two": "בעוד {0} ימי חמישי",
              "relativeTimePattern-count-many": "בעוד {0} ימי חמישי",
              "relativeTimePattern-count-other": "בעוד {0} ימי חמישי"
            },
            "relativeTime-type-past": {
              "relativeTimePattern-count-one": "לפני יום חמישי {0}",
              "relativeTimePattern-count-two": "לפני {0} ימי חמישי",
              "relativeTimePattern-count-many": "לפני {0} ימי חמישי",
              "relativeTimePattern-count-other": "לפני {0} ימי חמישי"
            }
          },
          "fri": {
            "relative-type--1": "יום שישי שעבר",
            "relative-type-0": "יום שישי",
            "relative-type-1": "יום שישי הבא",
            "relativeTime-type-future": {
              "relativeTimePattern-count-one": "בעוד יום שישי {0}",
              "relativeTimePattern-count-two": "בעוד {0} ימי שישי",
              "relativeTimePattern-count-many": "בעוד {0} ימי שישי",
              "relativeTimePattern-count-other": "בעוד {0} ימי שישי"
            },
            "relativeTime-type-past": {
              "relativeTimePattern-count-one": "לפני יום שישי {0}",
              "relativeTimePattern-count-two": "לפני {0} ימי שישי",
              "relativeTimePattern-count-many": "לפני {0} ימי שישי",
              "relativeTimePattern-count-other": "לפני {0} ימי שישי"
            }
          },
          "fri-short": {
            "relative-type--1": "יום ו׳ שעבר",
            "relative-type-0": "יום ו׳",
            "relative-type-1": "ביום ו׳ הבא",
            "relativeTime-type-future": {
              "relativeTimePattern-count-one": "בעוד יום שישי {0}",
              "relativeTimePattern-count-two": "בעוד {0} ימי שישי",
              "relativeTimePattern-count-many": "בעוד {0} ימי שישי",
              "relativeTimePattern-count-other": "בעוד {0} ימי שישי"
            },
            "relativeTime-type-past": {
              "relativeTimePattern-count-one": "לפני יום שישי {0}",
              "relativeTimePattern-count-two": "לפני {0} ימי שישי",
              "relativeTimePattern-count-many": "לפני {0} ימי שישי",
              "relativeTimePattern-count-other": "לפני {0} ימי שישי"
            }
          },
          "fri-narrow": {
            "relative-type--1": "יום ו׳ שעבר",
            "relative-type-0": "יום ו׳",
            "relative-type-1": "יום ו׳ הבא",
            "relativeTime-type-future": {
              "relativeTimePattern-count-one": "בעוד יום שישי {0}",
              "relativeTimePattern-count-two": "בעוד {0} ימי שישי",
              "relativeTimePattern-count-many": "בעוד {0} ימי שישי",
              "relativeTimePattern-count-other": "בעוד {0} ימי שישי"
            },
            "relativeTime-type-past": {
              "relativeTimePattern-count-one": "לפני יום שישי {0}",
              "relativeTimePattern-count-two": "לפני {0} ימי שישי",
              "relativeTimePattern-count-many": "לפני {0} ימי שישי",
              "relativeTimePattern-count-other": "לפני {0} ימי שישי"
            }
          },
          "sat": {
            "relative-type--1": "יום שבת שעבר",
            "relative-type-0": "יום שבת",
            "relative-type-1": "יום שבת הבא",
            "relativeTime-type-future": {
              "relativeTimePattern-count-one": "בעוד שבת {0}",
              "relativeTimePattern-count-two": "בעוד {0} שבתות",
              "relativeTimePattern-count-many": "בעוד {0} שבתות",
              "relativeTimePattern-count-other": "בעוד {0} שבתות"
            },
            "relativeTime-type-past": {
              "relativeTimePattern-count-one": "לפני שבת {0}",
              "relativeTimePattern-count-two": "לפני {0} שבתות",
              "relativeTimePattern-count-many": "לפני {0} שבתות",
              "relativeTimePattern-count-other": "לפני {0} שבתות"
            }
          },
          "sat-short": {
            "relative-type--1": "שבת שעברה",
            "relative-type-0": "שבת",
            "relative-type-1": "שבת הבאה",
            "relativeTime-type-future": {
              "relativeTimePattern-count-one": "בעוד שבת {0}",
              "relativeTimePattern-count-two": "בעוד {0} שבתות",
              "relativeTimePattern-count-many": "בעוד {0} שבתות",
              "relativeTimePattern-count-other": "בעוד {0} שבתות"
            },
            "relativeTime-type-past": {
              "relativeTimePattern-count-one": "לפני שבת {0}",
              "relativeTimePattern-count-two": "לפני {0} שבתות",
              "relativeTimePattern-count-many": "לפני {0} שבתות",
              "relativeTimePattern-count-other": "לפני {0} שבתות"
            }
          },
          "sat-narrow": {
            "relative-type--1": "שבת שעברה",
            "relative-type-0": "שבת",
            "relative-type-1": "שבת הבאה",
            "relativeTime-type-future": {
              "relativeTimePattern-count-one": "בעוד שבת {0}",
              "relativeTimePattern-count-two": "בעוד {0} שבתות",
              "relativeTimePattern-count-many": "בעוד {0} שבתות",
              "relativeTimePattern-count-other": "בעוד {0} שבתות"
            },
            "relativeTime-type-past": {
              "relativeTimePattern-count-one": "לפני שבת {0}",
              "relativeTimePattern-count-two": "לפני {0} שבתות",
              "relativeTimePattern-count-many": "לפני {0} שבתות",
              "relativeTimePattern-count-other": "לפני {0} שבתות"
            }
          },
          "dayperiod-short": {
            "displayName": "AM/PM"
          },
          "dayperiod": {
            "displayName": "לפנה״צ/אחה״צ"
          },
          "dayperiod-narrow": {
            "displayName": "לפנה״צ/אחה״צ"
          },
          "hour": {
            "displayName": "שעה",
            "relative-type-0": "בשעה זו",
            "relativeTime-type-future": {
              "relativeTimePattern-count-one": "בעוד שעה",
              "relativeTimePattern-count-two": "בעוד שעתיים",
              "relativeTimePattern-count-many": "בעוד {0} שעות",
              "relativeTimePattern-count-other": "בעוד {0} שעות"
            },
            "relativeTime-type-past": {
              "relativeTimePattern-count-one": "לפני שעה",
              "relativeTimePattern-count-two": "לפני שעתיים",
              "relativeTimePattern-count-many": "לפני {0} שעות",
              "relativeTimePattern-count-other": "לפני {0} שעות"
            }
          },
          "hour-short": {
            "displayName": "שעה",
            "relative-type-0": "בשעה זו",
            "relativeTime-type-future": {
              "relativeTimePattern-count-one": "בעוד שעה",
              "relativeTimePattern-count-two": "בעוד שעתיים",
              "relativeTimePattern-count-many": "בעוד {0} שע׳",
              "relativeTimePattern-count-other": "בעוד {0} שע׳"
            },
            "relativeTime-type-past": {
              "relativeTimePattern-count-one": "לפני שעה",
              "relativeTimePattern-count-two": "לפני שעתיים",
              "relativeTimePattern-count-many": "לפני {0} שע׳",
              "relativeTimePattern-count-other": "לפני {0} שע׳"
            }
          },
          "hour-narrow": {
            "displayName": "שע׳",
            "relative-type-0": "בשעה זו",
            "relativeTime-type-future": {
              "relativeTimePattern-count-one": "בעוד שעה",
              "relativeTimePattern-count-two": "בעוד שעתיים",
              "relativeTimePattern-count-many": "בעוד {0} שע׳",
              "relativeTimePattern-count-other": "בעוד {0} שע׳"
            },
            "relativeTime-type-past": {
              "relativeTimePattern-count-one": "לפני שעה",
              "relativeTimePattern-count-two": "לפני שעתיים",
              "relativeTimePattern-count-many": "לפני {0} שע׳",
              "relativeTimePattern-count-other": "לפני {0} שע׳"
            }
          },
          "minute": {
            "displayName": "דקה",
            "relative-type-0": "בדקה זו",
            "relativeTime-type-future": {
              "relativeTimePattern-count-one": "בעוד דקה",
              "relativeTimePattern-count-two": "בעוד שתי דקות",
              "relativeTimePattern-count-many": "בעוד {0} דקות",
              "relativeTimePattern-count-other": "בעוד {0} דקות"
            },
            "relativeTime-type-past": {
              "relativeTimePattern-count-one": "לפני דקה",
              "relativeTimePattern-count-two": "לפני שתי דקות",
              "relativeTimePattern-count-many": "לפני {0} דקות",
              "relativeTimePattern-count-other": "לפני {0} דקות"
            }
          },
          "minute-short": {
            "displayName": "דק׳",
            "relative-type-0": "בדקה זו",
            "relativeTime-type-future": {
              "relativeTimePattern-count-one": "בעוד דקה",
              "relativeTimePattern-count-two": "בעוד שתי דק׳",
              "relativeTimePattern-count-many": "בעוד {0} דק׳",
              "relativeTimePattern-count-other": "בעוד {0} דק׳"
            },
            "relativeTime-type-past": {
              "relativeTimePattern-count-one": "לפני דקה",
              "relativeTimePattern-count-two": "לפני {0} דק׳",
              "relativeTimePattern-count-many": "לפני {0} דק׳",
              "relativeTimePattern-count-other": "לפני {0} דק׳"
            }
          },
          "minute-narrow": {
            "displayName": "דק׳",
            "relative-type-0": "בדקה זו",
            "relativeTime-type-future": {
              "relativeTimePattern-count-one": "בעוד דקה",
              "relativeTimePattern-count-two": "בעוד שתי דק׳",
              "relativeTimePattern-count-many": "בעוד {0} דק׳",
              "relativeTimePattern-count-other": "בעוד {0} דק׳"
            },
            "relativeTime-type-past": {
              "relativeTimePattern-count-one": "לפני דקה",
              "relativeTimePattern-count-two": "לפני שתי דק׳",
              "relativeTimePattern-count-many": "לפני {0} דק׳",
              "relativeTimePattern-count-other": "לפני {0} דק׳"
            }
          },
          "second": {
            "displayName": "שנייה",
            "relative-type-0": "עכשיו",
            "relativeTime-type-future": {
              "relativeTimePattern-count-one": "בעוד שנייה",
              "relativeTimePattern-count-two": "בעוד שתי שניות",
              "relativeTimePattern-count-many": "בעוד {0} שניות",
              "relativeTimePattern-count-other": "בעוד {0} שניות"
            },
            "relativeTime-type-past": {
              "relativeTimePattern-count-one": "לפני שנייה",
              "relativeTimePattern-count-two": "לפני שתי שניות",
              "relativeTimePattern-count-many": "לפני {0} שניות",
              "relativeTimePattern-count-other": "לפני {0} שניות"
            }
          },
          "second-short": {
            "displayName": "שנ׳",
            "relative-type-0": "עכשיו",
            "relativeTime-type-future": {
              "relativeTimePattern-count-one": "בעוד שנ׳",
              "relativeTimePattern-count-two": "בעוד שתי שנ׳",
              "relativeTimePattern-count-many": "בעוד {0} שנ׳",
              "relativeTimePattern-count-other": "בעוד {0} שנ׳"
            },
            "relativeTime-type-past": {
              "relativeTimePattern-count-one": "לפני שנ׳",
              "relativeTimePattern-count-two": "לפני שתי שנ׳",
              "relativeTimePattern-count-many": "לפני {0} שנ׳",
              "relativeTimePattern-count-other": "לפני {0} שנ׳"
            }
          },
          "second-narrow": {
            "displayName": "שנ׳",
            "relative-type-0": "עכשיו",
            "relativeTime-type-future": {
              "relativeTimePattern-count-one": "בעוד שנ׳",
              "relativeTimePattern-count-two": "בעוד שתי שנ׳",
              "relativeTimePattern-count-many": "בעוד {0} שנ׳",
              "relativeTimePattern-count-other": "בעוד {0} שנ׳"
            },
            "relativeTime-type-past": {
              "relativeTimePattern-count-one": "לפני שנ׳",
              "relativeTimePattern-count-two": "לפני שתי שנ׳",
              "relativeTimePattern-count-many": "לפני {0} שנ׳",
              "relativeTimePattern-count-other": "לפני {0} שנ׳"
            }
          },
          "zone": {
            "displayName": "אזור"
          },
          "zone-short": {
            "displayName": "אזור"
          },
          "zone-narrow": {
            "displayName": "אזור"
          }
        }
      }
    }
  }
}
