{
  "main": {
    "hu": {
      "identity": {
        "version": {
          "_number": "$Revision: 13705 $",
          "_cldrVersion": "32.0.1"
        },
        "language": "hu"
      },
      "dates": {
        "timeZoneNames": {
          "hourFormat": "+HH:mm;-HH:mm",
          "gmtFormat": "GMT{0}",
          "gmtZeroFormat": "GMT",
          "regionFormat": "{0} idő",
          "regionFormat-type-daylight": "{0} nyári idő",
          "regionFormat-type-standard": "{0} zónaidő",
          "fallbackFormat": "{1} ({0})",
          "zone": {
            "America": {
              "Adak": {
                "exemplarCity": "Adak"
              },
              "Anchorage": {
                "exemplarCity": "Anchorage"
              },
              "Anguilla": {
                "exemplarCity": "Anguilla"
              },
              "Antigua": {
                "exemplarCity": "Antigua"
              },
              "Araguaina": {
                "exemplarCity": "Araguaína"
              },
              "Argentina": {
                "Rio_Gallegos": {
                  "exemplarCity": "Río Gallegos"
                },
                "San_Juan": {
                  "exemplarCity": "San Juan"
                },
                "Ushuaia": {
                  "exemplarCity": "Ushuaia"
                },
                "La_Rioja": {
                  "exemplarCity": "La Rioja"
                },
                "San_Luis": {
                  "exemplarCity": "San Luis"
                },
                "Salta": {
                  "exemplarCity": "Salta"
                },
                "Tucuman": {
                  "exemplarCity": "Tucumán"
                }
              },
              "Aruba": {
                "exemplarCity": "Aruba"
              },
              "Asuncion": {
                "exemplarCity": "Asunción"
              },
              "Bahia": {
                "exemplarCity": "Bahia"
              },
              "Bahia_Banderas": {
                "exemplarCity": "Bahia Banderas"
              },
              "Barbados": {
                "exemplarCity": "Barbados"
              },
              "Belem": {
                "exemplarCity": "Belém"
              },
              "Belize": {
                "exemplarCity": "Belize"
              },
              "Blanc-Sablon": {
                "exemplarCity": "Blanc-Sablon"
              },
              "Boa_Vista": {
                "exemplarCity": "Boa Vista"
              },
              "Bogota": {
                "exemplarCity": "Bogotá"
              },
              "Boise": {
                "exemplarCity": "Boise"
              },
              "Buenos_Aires": {
                "exemplarCity": "Buenos Aires"
              },
              "Cambridge_Bay": {
                "exemplarCity": "Cambridge Bay"
              },
              "Campo_Grande": {
                "exemplarCity": "Campo Grande"
              },
              "Cancun": {
                "exemplarCity": "Cancún"
              },
              "Caracas": {
                "exemplarCity": "Caracas"
              },
              "Catamarca": {
                "exemplarCity": "Catamarca"
              },
              "Cayenne": {
                "exemplarCity": "Cayenne"
              },
              "Cayman": {
                "exemplarCity": "Kajmán-szigetek"
              },
              "Chicago": {
                "exemplarCity": "Chicago"
              },
              "Chihuahua": {
                "exemplarCity": "Chihuahua"
              },
              "Coral_Harbour": {
                "exemplarCity": "Atikokan"
              },
              "Cordoba": {
                "exemplarCity": "Córdoba"
              },
              "Costa_Rica": {
                "exemplarCity": "Costa Rica"
              },
              "Creston": {
                "exemplarCity": "Creston"
              },
              "Cuiaba": {
                "exemplarCity": "Cuiabá"
              },
              "Curacao": {
                "exemplarCity": "Curaçao"
              },
              "Danmarkshavn": {
                "exemplarCity": "Danmarkshavn"
              },
              "Dawson": {
                "exemplarCity": "Dawson"
              },
              "Dawson_Creek": {
                "exemplarCity": "Dawson Creek"
              },
              "Denver": {
                "exemplarCity": "Denver"
              },
              "Detroit": {
                "exemplarCity": "Detroit"
              },
              "Dominica": {
                "exemplarCity": "Dominika"
              },
              "Edmonton": {
                "exemplarCity": "Edmonton"
              },
              "Eirunepe": {
                "exemplarCity": "Eirunepé"
              },
              "El_Salvador": {
                "exemplarCity": "Salvador"
              },
              "Fort_Nelson": {
                "exemplarCity": "Fort Nelson"
              },
              "Fortaleza": {
                "exemplarCity": "Fortaleza"
              },
              "Glace_Bay": {
                "exemplarCity": "Glace Bay"
              },
              "Godthab": {
                "exemplarCity": "Nuuk"
              },
              "Goose_Bay": {
                "exemplarCity": "Goose Bay"
              },
              "Grand_Turk": {
                "exemplarCity": "Grand Turk"
              },
              "Grenada": {
                "exemplarCity": "Grenada"
              },
              "Guadeloupe": {
                "exemplarCity": "Guadeloupe"
              },
              "Guatemala": {
                "exemplarCity": "Guatemala"
              },
              "Guayaquil": {
                "exemplarCity": "Guayaquil"
              },
              "Guyana": {
                "exemplarCity": "Guyana"
              },
              "Halifax": {
                "exemplarCity": "Halifax"
              },
              "Havana": {
                "exemplarCity": "Havanna"
              },
              "Hermosillo": {
                "exemplarCity": "Hermosillo"
              },
              "Indiana": {
                "Vincennes": {
                  "exemplarCity": "Vincennes, Indiana"
                },
                "Petersburg": {
                  "exemplarCity": "Petersburg, Indiana"
                },
                "Tell_City": {
                  "exemplarCity": "Tell City, Indiana"
                },
                "Knox": {
                  "exemplarCity": "Knox, Indiana"
                },
                "Winamac": {
                  "exemplarCity": "Winamac, Indiana"
                },
                "Marengo": {
                  "exemplarCity": "Marengo, Indiana"
                },
                "Vevay": {
                  "exemplarCity": "Vevay, Indiana"
                }
              },
              "Indianapolis": {
                "exemplarCity": "Indianapolis"
              },
              "Inuvik": {
                "exemplarCity": "Inuvik"
              },
              "Iqaluit": {
                "exemplarCity": "Iqaluit"
              },
              "Jamaica": {
                "exemplarCity": "Jamaica"
              },
              "Jujuy": {
                "exemplarCity": "Jujuy"
              },
              "Juneau": {
                "exemplarCity": "Juneau"
              },
              "Kentucky": {
                "Monticello": {
                  "exemplarCity": "Monticello, Kentucky"
                }
              },
              "Kralendijk": {
                "exemplarCity": "Kralendijk"
              },
              "La_Paz": {
                "exemplarCity": "La Paz"
              },
              "Lima": {
                "exemplarCity": "Lima"
              },
              "Los_Angeles": {
                "exemplarCity": "Los Angeles"
              },
              "Louisville": {
                "exemplarCity": "Louisville"
              },
              "Lower_Princes": {
                "exemplarCity": "Lower Prince’s Quarter"
              },
              "Maceio": {
                "exemplarCity": "Maceió"
              },
              "Managua": {
                "exemplarCity": "Managua"
              },
              "Manaus": {
                "exemplarCity": "Manaus"
              },
              "Marigot": {
                "exemplarCity": "Marigot"
              },
              "Martinique": {
                "exemplarCity": "Martinique"
              },
              "Matamoros": {
                "exemplarCity": "Matamoros"
              },
              "Mazatlan": {
                "exemplarCity": "Mazatlán"
              },
              "Mendoza": {
                "exemplarCity": "Mendoza"
              },
              "Menominee": {
                "exemplarCity": "Menominee"
              },
              "Merida": {
                "exemplarCity": "Mérida"
              },
              "Metlakatla": {
                "exemplarCity": "Metlakatla"
              },
              "Mexico_City": {
                "exemplarCity": "Mexikóváros"
              },
              "Miquelon": {
                "exemplarCity": "Miquelon"
              },
              "Moncton": {
                "exemplarCity": "Moncton"
              },
              "Monterrey": {
                "exemplarCity": "Monterrey"
              },
              "Montevideo": {
                "exemplarCity": "Montevideo"
              },
              "Montserrat": {
                "exemplarCity": "Montserrat"
              },
              "Nassau": {
                "exemplarCity": "Nassau"
              },
              "New_York": {
                "exemplarCity": "New York"
              },
              "Nipigon": {
                "exemplarCity": "Nipigon"
              },
              "Nome": {
                "exemplarCity": "Nome"
              },
              "Noronha": {
                "exemplarCity": "Noronha"
              },
              "North_Dakota": {
                "Beulah": {
                  "exemplarCity": "Beulah, Észak-Dakota"
                },
                "New_Salem": {
                  "exemplarCity": "New Salem, Észak-Dakota"
                },
                "Center": {
                  "exemplarCity": "Center, Észak-Dakota"
                }
              },
              "Ojinaga": {
                "exemplarCity": "Ojinaga"
              },
              "Panama": {
                "exemplarCity": "Panama"
              },
              "Pangnirtung": {
                "exemplarCity": "Pangnirtung"
              },
              "Paramaribo": {
                "exemplarCity": "Paramaribo"
              },
              "Phoenix": {
                "exemplarCity": "Phoenix"
              },
              "Port-au-Prince": {
                "exemplarCity": "Port-au-Prince"
              },
              "Port_of_Spain": {
                "exemplarCity": "Port of Spain"
              },
              "Porto_Velho": {
                "exemplarCity": "Porto Velho"
              },
              "Puerto_Rico": {
                "exemplarCity": "Puerto Rico"
              },
              "Punta_Arenas": {
                "exemplarCity": "Punta Arenas"
              },
              "Rainy_River": {
                "exemplarCity": "Rainy River"
              },
              "Rankin_Inlet": {
                "exemplarCity": "Rankin Inlet"
              },
              "Recife": {
                "exemplarCity": "Recife"
              },
              "Regina": {
                "exemplarCity": "Regina"
              },
              "Resolute": {
                "exemplarCity": "Resolute"
              },
              "Rio_Branco": {
                "exemplarCity": "Río Branco"
              },
              "Santa_Isabel": {
                "exemplarCity": "Santa Isabel"
              },
              "Santarem": {
                "exemplarCity": "Santarem"
              },
              "Santiago": {
                "exemplarCity": "Santiago"
              },
              "Santo_Domingo": {
                "exemplarCity": "Santo Domingo"
              },
              "Sao_Paulo": {
                "exemplarCity": "São Paulo"
              },
              "Scoresbysund": {
                "exemplarCity": "Ittoqqortoormiit"
              },
              "Sitka": {
                "exemplarCity": "Sitka"
              },
              "St_Barthelemy": {
                "exemplarCity": "Saint-Barthélemy"
              },
              "St_Johns": {
                "exemplarCity": "St. John’s"
              },
              "St_Kitts": {
                "exemplarCity": "St. Kitts"
              },
              "St_Lucia": {
                "exemplarCity": "St. Lucia"
              },
              "St_Thomas": {
                "exemplarCity": "St. Thomas"
              },
              "St_Vincent": {
                "exemplarCity": "St. Vincent"
              },
              "Swift_Current": {
                "exemplarCity": "Swift Current"
              },
              "Tegucigalpa": {
                "exemplarCity": "Tegucigalpa"
              },
              "Thule": {
                "exemplarCity": "Thule"
              },
              "Thunder_Bay": {
                "exemplarCity": "Thunder Bay"
              },
              "Tijuana": {
                "exemplarCity": "Tijuana"
              },
              "Toronto": {
                "exemplarCity": "Toronto"
              },
              "Tortola": {
                "exemplarCity": "Tortola"
              },
              "Vancouver": {
                "exemplarCity": "Vancouver"
              },
              "Whitehorse": {
                "exemplarCity": "Whitehorse"
              },
              "Winnipeg": {
                "exemplarCity": "Winnipeg"
              },
              "Yakutat": {
                "exemplarCity": "Yakutat"
              },
              "Yellowknife": {
                "exemplarCity": "Yellowknife"
              }
            },
            "Atlantic": {
              "Azores": {
                "exemplarCity": "Azori-szigetek"
              },
              "Bermuda": {
                "exemplarCity": "Bermuda"
              },
              "Canary": {
                "exemplarCity": "Kanári-szigetek"
              },
              "Cape_Verde": {
                "exemplarCity": "Zöld-foki szigetek"
              },
              "Faeroe": {
                "exemplarCity": "Feröer"
              },
              "Madeira": {
                "exemplarCity": "Madeira"
              },
              "Reykjavik": {
                "exemplarCity": "Reykjavík"
              },
              "South_Georgia": {
                "exemplarCity": "Déli-Georgia"
              },
              "St_Helena": {
                "exemplarCity": "Szent Ilona"
              },
              "Stanley": {
                "exemplarCity": "Stanley"
              }
            },
            "Europe": {
              "Amsterdam": {
                "exemplarCity": "Amszterdam"
              },
              "Andorra": {
                "exemplarCity": "Andorra"
              },
              "Astrakhan": {
                "exemplarCity": "Asztrahán"
              },
              "Athens": {
                "exemplarCity": "Athén"
              },
              "Belgrade": {
                "exemplarCity": "Belgrád"
              },
              "Berlin": {
                "exemplarCity": "Berlin"
              },
              "Bratislava": {
                "exemplarCity": "Pozsony"
              },
              "Brussels": {
                "exemplarCity": "Brüsszel"
              },
              "Bucharest": {
                "exemplarCity": "Bukarest"
              },
              "Budapest": {
                "exemplarCity": "Budapest"
              },
              "Busingen": {
                "exemplarCity": "Büsingen"
              },
              "Chisinau": {
                "exemplarCity": "Chisinau"
              },
              "Copenhagen": {
                "exemplarCity": "Koppenhága"
              },
              "Dublin": {
                "long": {
                  "daylight": "ír nyári idő"
                },
                "exemplarCity": "Dublin"
              },
              "Gibraltar": {
                "exemplarCity": "Gibraltár"
              },
              "Guernsey": {
                "exemplarCity": "Guernsey"
              },
              "Helsinki": {
                "exemplarCity": "Helsinki"
              },
              "Isle_of_Man": {
                "exemplarCity": "Man-sziget"
              },
              "Istanbul": {
                "exemplarCity": "Isztanbul"
              },
              "Jersey": {
                "exemplarCity": "Jersey"
              },
              "Kaliningrad": {
                "exemplarCity": "Kalinyingrád"
              },
              "Kiev": {
                "exemplarCity": "Kijev"
              },
              "Kirov": {
                "exemplarCity": "Kirov"
              },
              "Lisbon": {
                "exemplarCity": "Lisszabon"
              },
              "Ljubljana": {
                "exemplarCity": "Ljubljana"
              },
              "London": {
                "long": {
                  "daylight": "brit nyári idő"
                },
                "exemplarCity": "London"
              },
              "Luxembourg": {
                "exemplarCity": "Luxemburg"
              },
              "Madrid": {
                "exemplarCity": "Madrid"
              },
              "Malta": {
                "exemplarCity": "Málta"
              },
              "Mariehamn": {
                "exemplarCity": "Mariehamn"
              },
              "Minsk": {
                "exemplarCity": "Minszk"
              },
              "Monaco": {
                "exemplarCity": "Monaco"
              },
              "Moscow": {
                "exemplarCity": "Moszkva"
              },
              "Oslo": {
                "exemplarCity": "Oslo"
              },
              "Paris": {
                "exemplarCity": "Párizs"
              },
              "Podgorica": {
                "exemplarCity": "Podgorica"
              },
              "Prague": {
                "exemplarCity": "Prága"
              },
              "Riga": {
                "exemplarCity": "Riga"
              },
              "Rome": {
                "exemplarCity": "Róma"
              },
              "Samara": {
                "exemplarCity": "Szamara"
              },
              "San_Marino": {
                "exemplarCity": "San Marino"
              },
              "Sarajevo": {
                "exemplarCity": "Szarajevó"
              },
              "Saratov": {
                "exemplarCity": "Szaratov"
              },
              "Simferopol": {
                "exemplarCity": "Szimferopol"
              },
              "Skopje": {
                "exemplarCity": "Skopje"
              },
              "Sofia": {
                "exemplarCity": "Szófia"
              },
              "Stockholm": {
                "exemplarCity": "Stockholm"
              },
              "Tallinn": {
                "exemplarCity": "Tallin"
              },
              "Tirane": {
                "exemplarCity": "Tirana"
              },
              "Ulyanovsk": {
                "exemplarCity": "Uljanovszk"
              },
              "Uzhgorod": {
                "exemplarCity": "Ungvár"
              },
              "Vaduz": {
                "exemplarCity": "Vaduz"
              },
              "Vatican": {
                "exemplarCity": "Vatikán"
              },
              "Vienna": {
                "exemplarCity": "Bécs"
              },
              "Vilnius": {
                "exemplarCity": "Vilnius"
              },
              "Volgograd": {
                "exemplarCity": "Volgográd"
              },
              "Warsaw": {
                "exemplarCity": "Varsó"
              },
              "Zagreb": {
                "exemplarCity": "Zágráb"
              },
              "Zaporozhye": {
                "exemplarCity": "Zaporozsje"
              },
              "Zurich": {
                "exemplarCity": "Zürich"
              }
            },
            "Africa": {
              "Abidjan": {
                "exemplarCity": "Abidjan"
              },
              "Accra": {
                "exemplarCity": "Accra"
              },
              "Addis_Ababa": {
                "exemplarCity": "Addisz-Abeba"
              },
              "Algiers": {
                "exemplarCity": "Algír"
              },
              "Asmera": {
                "exemplarCity": "Asmera"
              },
              "Bamako": {
                "exemplarCity": "Bamako"
              },
              "Bangui": {
                "exemplarCity": "Bangui"
              },
              "Banjul": {
                "exemplarCity": "Banjul"
              },
              "Bissau": {
                "exemplarCity": "Bissau"
              },
              "Blantyre": {
                "exemplarCity": "Blantyre"
              },
              "Brazzaville": {
                "exemplarCity": "Brazzaville"
              },
              "Bujumbura": {
                "exemplarCity": "Bujumbura"
              },
              "Cairo": {
                "exemplarCity": "Kairó"
              },
              "Casablanca": {
                "exemplarCity": "Casablanca"
              },
              "Ceuta": {
                "exemplarCity": "Ceuta"
              },
              "Conakry": {
                "exemplarCity": "Conakry"
              },
              "Dakar": {
                "exemplarCity": "Dakar"
              },
              "Dar_es_Salaam": {
                "exemplarCity": "Dar es-Salaam"
              },
              "Djibouti": {
                "exemplarCity": "Dzsibuti"
              },
              "Douala": {
                "exemplarCity": "Douala"
              },
              "El_Aaiun": {
                "exemplarCity": "El-Ajún"
              },
              "Freetown": {
                "exemplarCity": "Freetown"
              },
              "Gaborone": {
                "exemplarCity": "Gaborone"
              },
              "Harare": {
                "exemplarCity": "Harare"
              },
              "Johannesburg": {
                "exemplarCity": "Johannesburg"
              },
              "Juba": {
                "exemplarCity": "Juba"
              },
              "Kampala": {
                "exemplarCity": "Kampala"
              },
              "Khartoum": {
                "exemplarCity": "Kartúm"
              },
              "Kigali": {
                "exemplarCity": "Kigali"
              },
              "Kinshasa": {
                "exemplarCity": "Kinshasa"
              },
              "Lagos": {
                "exemplarCity": "Lagos"
              },
              "Libreville": {
                "exemplarCity": "Libreville"
              },
              "Lome": {
                "exemplarCity": "Lome"
              },
              "Luanda": {
                "exemplarCity": "Luanda"
              },
              "Lubumbashi": {
                "exemplarCity": "Lubumbashi"
              },
              "Lusaka": {
                "exemplarCity": "Lusaka"
              },
              "Malabo": {
                "exemplarCity": "Malabó"
              },
              "Maputo": {
                "exemplarCity": "Maputo"
              },
              "Maseru": {
                "exemplarCity": "Maseru"
              },
              "Mbabane": {
                "exemplarCity": "Mbabane"
              },
              "Mogadishu": {
                "exemplarCity": "Mogadishu"
              },
              "Monrovia": {
                "exemplarCity": "Monrovia"
              },
              "Nairobi": {
                "exemplarCity": "Nairobi"
              },
              "Ndjamena": {
                "exemplarCity": "Ndjamena"
              },
              "Niamey": {
                "exemplarCity": "Niamey"
              },
              "Nouakchott": {
                "exemplarCity": "Nouakchott"
              },
              "Ouagadougou": {
                "exemplarCity": "Ouagadougou"
              },
              "Porto-Novo": {
                "exemplarCity": "Porto-Novo"
              },
              "Sao_Tome": {
                "exemplarCity": "São Tomé"
              },
              "Tripoli": {
                "exemplarCity": "Tripoli"
              },
              "Tunis": {
                "exemplarCity": "Tunisz"
              },
              "Windhoek": {
                "exemplarCity": "Windhoek"
              }
            },
            "Asia": {
              "Aden": {
                "exemplarCity": "Áden"
              },
              "Almaty": {
                "exemplarCity": "Alma-Ata"
              },
              "Amman": {
                "exemplarCity": "Ammán"
              },
              "Anadyr": {
                "exemplarCity": "Anadir"
              },
              "Aqtau": {
                "exemplarCity": "Aktau"
              },
              "Aqtobe": {
                "exemplarCity": "Aktöbe"
              },
              "Ashgabat": {
                "exemplarCity": "Asgabat"
              },
              "Atyrau": {
                "exemplarCity": "Atyrau"
              },
              "Baghdad": {
                "exemplarCity": "Bagdad"
              },
              "Bahrain": {
                "exemplarCity": "Bahrein"
              },
              "Baku": {
                "exemplarCity": "Baku"
              },
              "Bangkok": {
                "exemplarCity": "Bangkok"
              },
              "Barnaul": {
                "exemplarCity": "Barnaul"
              },
              "Beirut": {
                "exemplarCity": "Bejrút"
              },
              "Bishkek": {
                "exemplarCity": "Biskek"
              },
              "Brunei": {
                "exemplarCity": "Brunei"
              },
              "Calcutta": {
                "exemplarCity": "Kalkutta"
              },
              "Chita": {
                "exemplarCity": "Csita"
              },
              "Choibalsan": {
                "exemplarCity": "Csojbalszan"
              },
              "Colombo": {
                "exemplarCity": "Colombo"
              },
              "Damascus": {
                "exemplarCity": "Damaszkusz"
              },
              "Dhaka": {
                "exemplarCity": "Dakka"
              },
              "Dili": {
                "exemplarCity": "Dili"
              },
              "Dubai": {
                "exemplarCity": "Dubai"
              },
              "Dushanbe": {
                "exemplarCity": "Dushanbe"
              },
              "Famagusta": {
                "exemplarCity": "Famagusta"
              },
              "Gaza": {
                "exemplarCity": "Gáza"
              },
              "Hebron": {
                "exemplarCity": "Hebron"
              },
              "Hong_Kong": {
                "exemplarCity": "Hongkong"
              },
              "Hovd": {
                "exemplarCity": "Hovd"
              },
              "Irkutsk": {
                "exemplarCity": "Irkutszk"
              },
              "Jakarta": {
                "exemplarCity": "Jakarta"
              },
              "Jayapura": {
                "exemplarCity": "Jayapura"
              },
              "Jerusalem": {
                "exemplarCity": "Jeruzsálem"
              },
              "Kabul": {
                "exemplarCity": "Kabul"
              },
              "Kamchatka": {
                "exemplarCity": "Kamcsatka"
              },
              "Karachi": {
                "exemplarCity": "Karacsi"
              },
              "Katmandu": {
                "exemplarCity": "Katmandu"
              },
              "Khandyga": {
                "exemplarCity": "Handiga"
              },
              "Krasnoyarsk": {
                "exemplarCity": "Krasznojarszk"
              },
              "Kuala_Lumpur": {
                "exemplarCity": "Kuala Lumpur"
              },
              "Kuching": {
                "exemplarCity": "Kucseng"
              },
              "Kuwait": {
                "exemplarCity": "Kuvait"
              },
              "Macau": {
                "exemplarCity": "Makaó"
              },
              "Magadan": {
                "exemplarCity": "Magadán"
              },
              "Makassar": {
                "exemplarCity": "Makasar"
              },
              "Manila": {
                "exemplarCity": "Manila"
              },
              "Muscat": {
                "exemplarCity": "Muscat"
              },
              "Nicosia": {
                "exemplarCity": "Nicosia"
              },
              "Novokuznetsk": {
                "exemplarCity": "Novokuznyeck"
              },
              "Novosibirsk": {
                "exemplarCity": "Novoszibirszk"
              },
              "Omsk": {
                "exemplarCity": "Omszk"
              },
              "Oral": {
                "exemplarCity": "Oral"
              },
              "Phnom_Penh": {
                "exemplarCity": "Phnom Penh"
              },
              "Pontianak": {
                "exemplarCity": "Pontianak"
              },
              "Pyongyang": {
                "exemplarCity": "Phenjan"
              },
              "Qatar": {
                "exemplarCity": "Katar"
              },
              "Qyzylorda": {
                "exemplarCity": "Kizilorda"
              },
              "Rangoon": {
                "exemplarCity": "Yangon"
              },
              "Riyadh": {
                "exemplarCity": "Rijád"
              },
              "Saigon": {
                "exemplarCity": "Ho Si Minh-város"
              },
              "Sakhalin": {
                "exemplarCity": "Szahalin"
              },
              "Samarkand": {
                "exemplarCity": "Szamarkand"
              },
              "Seoul": {
                "exemplarCity": "Szöul"
              },
              "Shanghai": {
                "exemplarCity": "Sanghaj"
              },
              "Singapore": {
                "exemplarCity": "Szingapúr"
              },
              "Srednekolymsk": {
                "exemplarCity": "Szrednekolimszk"
              },
              "Taipei": {
                "exemplarCity": "Tajpej"
              },
              "Tashkent": {
                "exemplarCity": "Taskent"
              },
              "Tbilisi": {
                "exemplarCity": "Tbiliszi"
              },
              "Tehran": {
                "exemplarCity": "Teherán"
              },
              "Thimphu": {
                "exemplarCity": "Thimphu"
              },
              "Tokyo": {
                "exemplarCity": "Tokió"
              },
              "Tomsk": {
                "exemplarCity": "Tomszk"
              },
              "Ulaanbaatar": {
                "exemplarCity": "Ulánbátor"
              },
              "Urumqi": {
                "exemplarCity": "Ürümqi"
              },
              "Ust-Nera": {
                "exemplarCity": "Uszty-Nyera"
              },
              "Vientiane": {
                "exemplarCity": "Vientián"
              },
              "Vladivostok": {
                "exemplarCity": "Vlagyivosztok"
              },
              "Yakutsk": {
                "exemplarCity": "Jakutszk"
              },
              "Yekaterinburg": {
                "exemplarCity": "Jekatyerinburg"
              },
              "Yerevan": {
                "exemplarCity": "Jereván"
              }
            },
            "Indian": {
              "Antananarivo": {
                "exemplarCity": "Antananarivo"
              },
              "Chagos": {
                "exemplarCity": "Chagos"
              },
              "Christmas": {
                "exemplarCity": "Karácsony-sziget"
              },
              "Cocos": {
                "exemplarCity": "Kókusz-sziget"
              },
              "Comoro": {
                "exemplarCity": "Komoró"
              },
              "Kerguelen": {
                "exemplarCity": "Kerguelen"
              },
              "Mahe": {
                "exemplarCity": "Mahe"
              },
              "Maldives": {
                "exemplarCity": "Maldív-szigetek"
              },
              "Mauritius": {
                "exemplarCity": "Mauritius"
              },
              "Mayotte": {
                "exemplarCity": "Mayotte"
              },
              "Reunion": {
                "exemplarCity": "Réunion"
              }
            },
            "Australia": {
              "Adelaide": {
                "exemplarCity": "Adelaide"
              },
              "Brisbane": {
                "exemplarCity": "Brisbane"
              },
              "Broken_Hill": {
                "exemplarCity": "Broken Hill"
              },
              "Currie": {
                "exemplarCity": "Currie"
              },
              "Darwin": {
                "exemplarCity": "Darwin"
              },
              "Eucla": {
                "exemplarCity": "Eucla"
              },
              "Hobart": {
                "exemplarCity": "Hobart"
              },
              "Lindeman": {
                "exemplarCity": "Lindeman"
              },
              "Lord_Howe": {
                "exemplarCity": "Lord Howe"
              },
              "Melbourne": {
                "exemplarCity": "Melbourne"
              },
              "Perth": {
                "exemplarCity": "Perth"
              },
              "Sydney": {
                "exemplarCity": "Sydney"
              }
            },
            "Pacific": {
              "Apia": {
                "exemplarCity": "Apia"
              },
              "Auckland": {
                "exemplarCity": "Auckland"
              },
              "Bougainville": {
                "exemplarCity": "Bougainville"
              },
              "Chatham": {
                "exemplarCity": "Chatham-szigetek"
              },
              "Easter": {
                "exemplarCity": "Húsvét-szigetek"
              },
              "Efate": {
                "exemplarCity": "Efate"
              },
              "Enderbury": {
                "exemplarCity": "Enderbury"
              },
              "Fakaofo": {
                "exemplarCity": "Fakaofo"
              },
              "Fiji": {
                "exemplarCity": "Fidzsi"
              },
              "Funafuti": {
                "exemplarCity": "Funafuti"
              },
              "Galapagos": {
                "exemplarCity": "Galapagos-szigetek"
              },
              "Gambier": {
                "exemplarCity": "Gambier-szigetek"
              },
              "Guadalcanal": {
                "exemplarCity": "Guadalcanal"
              },
              "Guam": {
                "exemplarCity": "Guam"
              },
              "Honolulu": {
                "exemplarCity": "Honolulu"
              },
              "Johnston": {
                "exemplarCity": "Johnston"
              },
              "Kiritimati": {
                "exemplarCity": "Kiritimati-sziget"
              },
              "Kosrae": {
                "exemplarCity": "Kosrae-szigetek"
              },
              "Kwajalein": {
                "exemplarCity": "Kwajalein-zátony"
              },
              "Majuro": {
                "exemplarCity": "Majuro-zátony"
              },
              "Marquesas": {
                "exemplarCity": "Marquesas-szigetek"
              },
              "Midway": {
                "exemplarCity": "Midway-szigetek"
              },
              "Nauru": {
                "exemplarCity": "Nauru"
              },
              "Niue": {
                "exemplarCity": "Niue"
              },
              "Norfolk": {
                "exemplarCity": "Norfolk"
              },
              "Noumea": {
                "exemplarCity": "Noumea"
              },
              "Pago_Pago": {
                "exemplarCity": "Pago Pago"
              },
              "Palau": {
                "exemplarCity": "Palau"
              },
              "Pitcairn": {
                "exemplarCity": "Pitcairn-szigetek"
              },
              "Ponape": {
                "exemplarCity": "Ponape-szigetek"
              },
              "Port_Moresby": {
                "exemplarCity": "Port Moresby"
              },
              "Rarotonga": {
                "exemplarCity": "Rarotonga"
              },
              "Saipan": {
                "exemplarCity": "Saipan"
              },
              "Tahiti": {
                "exemplarCity": "Tahiti"
              },
              "Tarawa": {
                "exemplarCity": "Tarawa"
              },
              "Tongatapu": {
                "exemplarCity": "Tongatapu"
              },
              "Truk": {
                "exemplarCity": "Truk"
              },
              "Wake": {
                "exemplarCity": "Wake-sziget"
              },
              "Wallis": {
                "exemplarCity": "Wallis"
              }
            },
            "Arctic": {
              "Longyearbyen": {
                "exemplarCity": "Longyearbyen"
              }
            },
            "Antarctica": {
              "Casey": {
                "exemplarCity": "Casey"
              },
              "Davis": {
                "exemplarCity": "Davis"
              },
              "DumontDUrville": {
                "exemplarCity": "Dumont d’Urville"
              },
              "Macquarie": {
                "exemplarCity": "Macquarie"
              },
              "Mawson": {
                "exemplarCity": "Mawson"
              },
              "McMurdo": {
                "exemplarCity": "McMurdo"
              },
              "Palmer": {
                "exemplarCity": "Palmer"
              },
              "Rothera": {
                "exemplarCity": "Rothera"
              },
              "Syowa": {
                "exemplarCity": "Syowa"
              },
              "Troll": {
                "exemplarCity": "Troll"
              },
              "Vostok": {
                "exemplarCity": "Vosztok"
              }
            },
            "Etc": {
              "UTC": {
                "long": {
                  "standard": "egyezményes koordinált világidő"
                },
                "short": {
                  "standard": "UTC"
                }
              },
              "Unknown": {
                "exemplarCity": "Ismeretlen város"
              }
            }
          },
          "metazone": {
            "Acre": {
              "long": {
                "generic": "Acre idő",
                "standard": "Acre zónaidő",
                "daylight": "Acre nyári idő"
              }
            },
            "Afghanistan": {
              "long": {
                "standard": "afganisztáni idő"
              }
            },
            "Africa_Central": {
              "long": {
                "standard": "közép-afrikai téli idő"
              }
            },
            "Africa_Eastern": {
              "long": {
                "standard": "kelet-afrikai téli idő"
              }
            },
            "Africa_Southern": {
              "long": {
                "standard": "dél-afrikai téli idő"
              }
            },
            "Africa_Western": {
              "long": {
                "generic": "nyugat-afrikai időzóna",
                "standard": "nyugat-afrikai téli idő",
                "daylight": "nyugat-afrikai nyári idő"
              }
            },
            "Alaska": {
              "long": {
                "generic": "alaszkai idő",
                "standard": "alaszkai zónaidő",
                "daylight": "alaszkai nyári idő"
              }
            },
            "Almaty": {
              "long": {
                "generic": "Almati idő",
                "standard": "Almati zónaidő",
                "daylight": "Almati nyári idő"
              }
            },
            "Amazon": {
              "long": {
                "generic": "amazóniai idő",
                "standard": "amazóniai téli idő",
                "daylight": "amazóniai nyári idő"
              }
            },
            "America_Central": {
              "long": {
                "generic": "középső államokbeli idő",
                "standard": "középső államokbeli zónaidő",
                "daylight": "középső államokbeli nyári idő"
              }
            },
            "America_Eastern": {
              "long": {
                "generic": "keleti államokbeli idő",
                "standard": "keleti államokbeli zónaidő",
                "daylight": "keleti államokbeli nyári idő"
              }
            },
            "America_Mountain": {
              "long": {
                "generic": "hegyvidéki idő",
                "standard": "hegyvidéki zónaidő",
                "daylight": "hegyvidéki nyári idő"
              }
            },
            "America_Pacific": {
              "long": {
                "generic": "csendes-óceáni idő",
                "standard": "csendes-óceáni zónaidő",
                "daylight": "csendes-óceáni nyári idő"
              }
            },
            "Anadyr": {
              "long": {
                "generic": "Anadiri idő",
                "standard": "Anadíri zónaidő",
                "daylight": "Anadíri nyári idő"
              }
            },
            "Apia": {
              "long": {
                "generic": "apiai idő",
                "standard": "apiai téli idő",
                "daylight": "apiai nyári idő"
              }
            },
            "Aqtau": {
              "long": {
                "generic": "Aqtaui idő",
                "standard": "Aqtaui zónaidő",
                "daylight": "Aqtaui nyári idő"
              }
            },
            "Aqtobe": {
              "long": {
                "generic": "Aqtobei idő",
                "standard": "Aqtobei zónaidő",
                "daylight": "Aqtobei nyári idő"
              }
            },
            "Arabian": {
              "long": {
                "generic": "arab idő",
                "standard": "arab téli idő",
                "daylight": "arab nyári idő"
              }
            },
            "Argentina": {
              "long": {
                "generic": "argentínai idő",
                "standard": "argentínai téli idő",
                "daylight": "argentínai nyári idő"
              }
            },
            "Argentina_Western": {
              "long": {
                "generic": "nyugat-argentínai időzóna",
                "standard": "nyugat-argentínai téli idő",
                "daylight": "nyugat-argentínai nyári idő"
              }
            },
            "Armenia": {
              "long": {
                "generic": "örményországi idő",
                "standard": "örményországi téli idő",
                "daylight": "örményországi nyári idő"
              }
            },
            "Atlantic": {
              "long": {
                "generic": "atlanti-óceáni idő",
                "standard": "atlanti-óceáni zónaidő",
                "daylight": "atlanti-óceáni nyári idő"
              }
            },
            "Australia_Central": {
              "long": {
                "generic": "közép-ausztráliai idő",
                "standard": "közép-ausztráliai téli idő",
                "daylight": "közép-ausztráliai nyári idő"
              }
            },
            "Australia_CentralWestern": {
              "long": {
                "generic": "közép-nyugat-ausztráliai idő",
                "standard": "közép-nyugat-ausztráliai téli idő",
                "daylight": "közép-nyugat-ausztráliai nyári idő"
              }
            },
            "Australia_Eastern": {
              "long": {
                "generic": "kelet-ausztráliai idő",
                "standard": "kelet-ausztráliai téli idő",
                "daylight": "kelet-ausztráliai nyári idő"
              }
            },
            "Australia_Western": {
              "long": {
                "generic": "nyugat-ausztráliai idő",
                "standard": "nyugat-ausztráliai téli idő",
                "daylight": "nyugat-ausztráliai nyári idő"
              }
            },
            "Azerbaijan": {
              "long": {
                "generic": "azerbajdzsáni idő",
                "standard": "azerbajdzsáni téli idő",
                "daylight": "azerbajdzsáni nyári idő"
              }
            },
            "Azores": {
              "long": {
                "generic": "azori időzóna",
                "standard": "azori téli idő",
                "daylight": "azori nyári idő"
              }
            },
            "Bangladesh": {
              "long": {
                "generic": "bangladesi idő",
                "standard": "bangladesi téli idő",
                "daylight": "bangladesi nyári idő"
              }
            },
            "Bhutan": {
              "long": {
                "standard": "butáni idő"
              }
            },
            "Bolivia": {
              "long": {
                "standard": "bolíviai téli idő"
              }
            },
            "Brasilia": {
              "long": {
                "generic": "brazíliai idő",
                "standard": "brazíliai téli idő",
                "daylight": "brazíliai nyári idő"
              }
            },
            "Brunei": {
              "long": {
                "standard": "Brunei Darussalam-i idő"
              }
            },
            "Cape_Verde": {
              "long": {
                "generic": "zöld-foki-szigeteki időzóna",
                "standard": "zöld-foki-szigeteki téli idő",
                "daylight": "zöld-foki-szigeteki nyári idő"
              }
            },
            "Chamorro": {
              "long": {
                "standard": "chamorrói téli idő"
              }
            },
            "Chatham": {
              "long": {
                "generic": "chathami idő",
                "standard": "chathami téli idő",
                "daylight": "chathami nyári idő"
              }
            },
            "Chile": {
              "long": {
                "generic": "chilei időzóna",
                "standard": "chilei téli idő",
                "daylight": "chilei nyári idő"
              }
            },
            "China": {
              "long": {
                "generic": "kínai idő",
                "standard": "kínai téli idő",
                "daylight": "kínai nyári idő"
              }
            },
            "Choibalsan": {
              "long": {
                "generic": "csojbalszani idő",
                "standard": "csojbalszani téli idő",
                "daylight": "csojbalszani nyári idő"
              }
            },
            "Christmas": {
              "long": {
                "standard": "karácsony-szigeti téli idő"
              }
            },
            "Cocos": {
              "long": {
                "standard": "kókusz-szigeteki téli idő"
              }
            },
            "Colombia": {
              "long": {
                "generic": "kolumbiai idő",
                "standard": "kolumbiai téli idő",
                "daylight": "kolumbiai nyári idő"
              }
            },
            "Cook": {
              "long": {
                "generic": "cook-szigeteki idő",
                "standard": "cook-szigeteki téli idő",
                "daylight": "cook-szigeteki fél nyári idő"
              }
            },
            "Cuba": {
              "long": {
                "generic": "kubai időzóna",
                "standard": "kubai téli idő",
                "daylight": "kubai nyári idő"
              }
            },
            "Davis": {
              "long": {
                "standard": "davisi idő"
              }
            },
            "DumontDUrville": {
              "long": {
                "standard": "dumont-d’Urville-i idő"
              }
            },
            "East_Timor": {
              "long": {
                "standard": "kelet-timori téli idő"
              }
            },
            "Easter": {
              "long": {
                "generic": "húsvét-szigeti időzóna",
                "standard": "húsvét-szigeti téli idő",
                "daylight": "húsvét-szigeti nyári idő"
              }
            },
            "Ecuador": {
              "long": {
                "standard": "ecuadori téli idő"
              }
            },
            "Europe_Central": {
              "long": {
                "generic": "közép-európai időzóna",
                "standard": "közép-európai téli idő",
                "daylight": "közép-európai nyári idő"
              },
              "short": {
                "generic": "CET",
                "standard": "CET",
                "daylight": "CEST"
              }
            },
            "Europe_Eastern": {
              "long": {
                "generic": "kelet-európai időzóna",
                "standard": "kelet-európai téli idő",
                "daylight": "kelet-európai nyári idő"
              },
              "short": {
                "generic": "EET",
                "standard": "EET",
                "daylight": "EEST"
              }
            },
            "Europe_Further_Eastern": {
              "long": {
                "standard": "minszki idő"
              }
            },
            "Europe_Western": {
              "long": {
                "generic": "nyugat-európai időzóna",
                "standard": "nyugat-európai téli idő",
                "daylight": "nyugat-európai nyári idő"
              },
              "short": {
                "generic": "WET",
                "standard": "WET",
                "daylight": "WEST"
              }
            },
            "Falkland": {
              "long": {
                "generic": "falkland-szigeteki idő",
                "standard": "falkland-szigeteki téli idő",
                "daylight": "falkland-szigeteki nyári idő"
              }
            },
            "Fiji": {
              "long": {
                "generic": "fidzsi idő",
                "standard": "fidzsi téli idő",
                "daylight": "fidzsi nyári idő"
              }
            },
            "French_Guiana": {
              "long": {
                "standard": "francia-guyanai idő"
              }
            },
            "French_Southern": {
              "long": {
                "standard": "francia déli és antarktiszi idő"
              }
            },
            "Galapagos": {
              "long": {
                "standard": "galápagosi téli idő"
              }
            },
            "Gambier": {
              "long": {
                "standard": "gambieri idő"
              }
            },
            "Georgia": {
              "long": {
                "generic": "grúziai idő",
                "standard": "grúziai téli idő",
                "daylight": "grúziai nyári idő"
              }
            },
            "Gilbert_Islands": {
              "long": {
                "standard": "gilbert-szigeteki idő"
              }
            },
            "GMT": {
              "long": {
                "standard": "greenwichi középidő, téli idő"
              },
              "short": {
                "standard": "GMT"
              }
            },
            "Greenland_Eastern": {
              "long": {
                "generic": "kelet-grönlandi időzóna",
                "standard": "kelet-grönlandi téli idő",
                "daylight": "kelet-grönlandi nyári idő"
              }
            },
            "Greenland_Western": {
              "long": {
                "generic": "nyugat-grönlandi időzóna",
                "standard": "nyugat-grönlandi téli idő",
                "daylight": "nyugat-grönlandi nyári idő"
              }
            },
            "Guam": {
              "long": {
                "standard": "Guami zónaidő"
              }
            },
            "Gulf": {
              "long": {
                "standard": "öbölbeli téli idő"
              }
            },
            "Guyana": {
              "long": {
                "standard": "guyanai téli idő"
              }
            },
            "Hawaii_Aleutian": {
              "long": {
                "generic": "hawaii-aleuti időzóna",
                "standard": "hawaii-aleuti téli idő",
                "daylight": "hawaii-aleuti nyári idő"
              }
            },
            "Hong_Kong": {
              "long": {
                "generic": "hongkongi időzóna",
                "standard": "hongkongi téli idő",
                "daylight": "hongkongi nyári idő"
              }
            },
            "Hovd": {
              "long": {
                "generic": "hovdi idő",
                "standard": "hovdi téli idő",
                "daylight": "hovdi nyári idő"
              }
            },
            "India": {
              "long": {
                "standard": "indiai téli idő"
              }
            },
            "Indian_Ocean": {
              "long": {
                "standard": "indiai-óceáni idő"
              }
            },
            "Indochina": {
              "long": {
                "standard": "indokínai idő"
              }
            },
            "Indonesia_Central": {
              "long": {
                "standard": "közép-indonéziai idő"
              }
            },
            "Indonesia_Eastern": {
              "long": {
                "standard": "kelet-indonéziai idő"
              }
            },
            "Indonesia_Western": {
              "long": {
                "standard": "nyugat-indonéziai téli idő"
              }
            },
            "Iran": {
              "long": {
                "generic": "iráni idő",
                "standard": "iráni téli idő",
                "daylight": "iráni nyári idő"
              }
            },
            "Irkutsk": {
              "long": {
                "generic": "irkutszki idő",
                "standard": "irkutszki téli idő",
                "daylight": "irkutszki nyári idő"
              }
            },
            "Israel": {
              "long": {
                "generic": "izraeli idő",
                "standard": "izraeli téli idő",
                "daylight": "izraeli nyári idő"
              }
            },
            "Japan": {
              "long": {
                "generic": "japán idő",
                "standard": "japán téli idő",
                "daylight": "japán nyári idő"
              }
            },
            "Kamchatka": {
              "long": {
                "generic": "Petropavlovszk-kamcsatkai idő",
                "standard": "Petropavlovszk-kamcsatkai zónaidő",
                "daylight": "Petropavlovszk-kamcsatkai nyári idő"
              }
            },
            "Kazakhstan_Eastern": {
              "long": {
                "standard": "kelet-kazahsztáni idő"
              }
            },
            "Kazakhstan_Western": {
              "long": {
                "standard": "nyugat-kazahsztáni idő"
              }
            },
            "Korea": {
              "long": {
                "generic": "koreai idő",
                "standard": "koreai téli idő",
                "daylight": "koreai nyári idő"
              }
            },
            "Kosrae": {
              "long": {
                "standard": "kosraei idő"
              }
            },
            "Krasnoyarsk": {
              "long": {
                "generic": "krasznojarszki idő",
                "standard": "krasznojarszki téli idő",
                "daylight": "krasznojarszki nyári idő"
              }
            },
            "Kyrgystan": {
              "long": {
                "standard": "kirgizisztáni idő"
              }
            },
            "Lanka": {
              "long": {
                "standard": "Lankai idő"
              }
            },
            "Line_Islands": {
              "long": {
                "standard": "sor-szigeteki idő"
              }
            },
            "Lord_Howe": {
              "long": {
                "generic": "Lord Howe-szigeti idő",
                "standard": "Lord Howe-szigeti téli idő",
                "daylight": "Lord Howe-szigeti nyári idő"
              }
            },
            "Macau": {
              "long": {
                "generic": "Macaui idő",
                "standard": "Macaui zónaidő",
                "daylight": "Macaui nyári idő"
              }
            },
            "Macquarie": {
              "long": {
                "standard": "macquarie-szigeti téli idő"
              }
            },
            "Magadan": {
              "long": {
                "generic": "magadáni idő",
                "standard": "magadani téli idő",
                "daylight": "magadáni nyári idő"
              }
            },
            "Malaysia": {
              "long": {
                "standard": "malajziai idő"
              }
            },
            "Maldives": {
              "long": {
                "standard": "maldív-szigeteki idő"
              }
            },
            "Marquesas": {
              "long": {
                "standard": "marquises-szigeteki idő"
              }
            },
            "Marshall_Islands": {
              "long": {
                "standard": "marshall-szigeteki idő"
              }
            },
            "Mauritius": {
              "long": {
                "generic": "mauritiusi időzóna",
                "standard": "mauritiusi téli idő",
                "daylight": "mauritiusi nyári idő"
              }
            },
            "Mawson": {
              "long": {
                "standard": "mawsoni idő"
              }
            },
            "Mexico_Northwest": {
              "long": {
                "generic": "északnyugat-mexikói idő",
                "standard": "északnyugat-mexikói zónaidő",
                "daylight": "északnyugat-mexikói nyári idő"
              }
            },
            "Mexico_Pacific": {
              "long": {
                "generic": "mexikói csendes-óceáni idő",
                "standard": "mexikói csendes-óceáni zónaidő",
                "daylight": "mexikói csendes-óceáni nyári idő"
              }
            },
            "Mongolia": {
              "long": {
                "generic": "ulánbátori idő",
                "standard": "ulánbátori téli idő",
                "daylight": "ulánbátori nyári idő"
              }
            },
            "Moscow": {
              "long": {
                "generic": "moszkvai idő",
                "standard": "moszkvai téli idő",
                "daylight": "moszkvai nyári idő"
              }
            },
            "Myanmar": {
              "long": {
                "standard": "mianmari idő"
              }
            },
            "Nauru": {
              "long": {
                "standard": "naurui idő"
              }
            },
            "Nepal": {
              "long": {
                "standard": "nepáli idő"
              }
            },
            "New_Caledonia": {
              "long": {
                "generic": "új-kaledóniai idő",
                "standard": "új-kaledóniai téli idő",
                "daylight": "új-kaledóniai nyári idő"
              }
            },
            "New_Zealand": {
              "long": {
                "generic": "új-zélandi idő",
                "standard": "új-zélandi téli idő",
                "daylight": "új-zélandi nyári idő"
              }
            },
            "Newfoundland": {
              "long": {
                "generic": "új-fundlandi idő",
                "standard": "új-fundlandi zónaidő",
                "daylight": "új-fundlandi nyári idő"
              }
            },
            "Niue": {
              "long": {
                "standard": "niuei idő"
              }
            },
            "Norfolk": {
              "long": {
                "standard": "norfolk-szigeteki idő"
              }
            },
            "Noronha": {
              "long": {
                "generic": "Fernando de Noronha-i idő",
                "standard": "Fernando de Noronha-i téli idő",
                "daylight": "Fernando de Noronha-i nyári idő"
              }
            },
            "North_Mariana": {
              "long": {
                "standard": "Észak-mariana-szigeteki idő"
              }
            },
            "Novosibirsk": {
              "long": {
                "generic": "novoszibirszki idő",
                "standard": "novoszibirszki téli idő",
                "daylight": "novoszibirszki nyári idő"
              }
            },
            "Omsk": {
              "long": {
                "generic": "omszki idő",
                "standard": "omszki téli idő",
                "daylight": "omszki nyári idő"
              }
            },
            "Pakistan": {
              "long": {
                "generic": "pakisztáni idő",
                "standard": "pakisztáni téli idő",
                "daylight": "pakisztáni nyári idő"
              }
            },
            "Palau": {
              "long": {
                "standard": "palaui idő"
              }
            },
            "Papua_New_Guinea": {
              "long": {
                "standard": "pápua új-guineai idő"
              }
            },
            "Paraguay": {
              "long": {
                "generic": "paraguayi idő",
                "standard": "paraguayi téli idő",
                "daylight": "paraguayi nyári idő"
              }
            },
            "Peru": {
              "long": {
                "generic": "perui idő",
                "standard": "perui téli idő",
                "daylight": "perui nyári idő"
              }
            },
            "Philippines": {
              "long": {
                "generic": "fülöp-szigeteki idő",
                "standard": "fülöp-szigeteki téli idő",
                "daylight": "fülöp-szigeteki nyári idő"
              }
            },
            "Phoenix_Islands": {
              "long": {
                "standard": "phoenix-szigeteki téli idő"
              }
            },
            "Pierre_Miquelon": {
              "long": {
                "generic": "Saint-Pierre és Miquelon-i idő",
                "standard": "Saint-Pierre és Miquelon-i zónaidő",
                "daylight": "Saint-Pierre és Miquelon-i nyári idő"
              }
            },
            "Pitcairn": {
              "long": {
                "standard": "pitcairn-szigeteki idő"
              }
            },
            "Ponape": {
              "long": {
                "standard": "ponape-szigeti idő"
              }
            },
            "Pyongyang": {
              "long": {
                "standard": "phenjani idő"
              }
            },
            "Qyzylorda": {
              "long": {
                "generic": "Qyzylordai idő",
                "standard": "Qyzylordai zónaidő",
                "daylight": "Qyzylordai nyári idő"
              }
            },
            "Reunion": {
              "long": {
                "standard": "réunioni idő"
              }
            },
            "Rothera": {
              "long": {
                "standard": "rotherai idő"
              }
            },
            "Sakhalin": {
              "long": {
                "generic": "szahalini idő",
                "standard": "szahalini téli idő",
                "daylight": "szahalini nyári idő"
              }
            },
            "Samara": {
              "long": {
                "generic": "Szamarai idő",
                "standard": "Szamarai zónaidő",
                "daylight": "Szamarai nyári idő"
              }
            },
            "Samoa": {
              "long": {
                "generic": "szamoai idő",
                "standard": "szamoai téli idő",
                "daylight": "szamoai nyári idő"
              }
            },
            "Seychelles": {
              "long": {
                "standard": "seychelle-szigeteki idő"
              }
            },
            "Singapore": {
              "long": {
                "standard": "szingapúri téli idő"
              }
            },
            "Solomon": {
              "long": {
                "standard": "salamon-szigeteki idő"
              }
            },
            "South_Georgia": {
              "long": {
                "standard": "déli-georgiai idő"
              }
            },
            "Suriname": {
              "long": {
                "standard": "szurinámi idő"
              }
            },
            "Syowa": {
              "long": {
                "standard": "syowai idő"
              }
            },
            "Tahiti": {
              "long": {
                "standard": "tahiti idő"
              }
            },
            "Taipei": {
              "long": {
                "generic": "taipei idő",
                "standard": "taipei téli idő",
                "daylight": "taipei nyári idő"
              }
            },
            "Tajikistan": {
              "long": {
                "standard": "tádzsikisztáni idő"
              }
            },
            "Tokelau": {
              "long": {
                "standard": "tokelaui idő"
              }
            },
            "Tonga": {
              "long": {
                "generic": "tongai idő",
                "standard": "tongai téli idő",
                "daylight": "tongai nyári idő"
              }
            },
            "Truk": {
              "long": {
                "standard": "truki idő"
              }
            },
            "Turkmenistan": {
              "long": {
                "generic": "türkmenisztáni idő",
                "standard": "türkmenisztáni téli idő",
                "daylight": "türkmenisztáni nyári idő"
              }
            },
            "Tuvalu": {
              "long": {
                "standard": "tuvalui idő"
              }
            },
            "Uruguay": {
              "long": {
                "generic": "uruguayi idő",
                "standard": "uruguayi téli idő",
                "daylight": "uruguayi nyári idő"
              }
            },
            "Uzbekistan": {
              "long": {
                "generic": "üzbegisztáni idő",
                "standard": "üzbegisztáni téli idő",
                "daylight": "üzbegisztáni nyári idő"
              }
            },
            "Vanuatu": {
              "long": {
                "generic": "vanuatui idő",
                "standard": "vanuatui téli idő",
                "daylight": "vanuatui nyári idő"
              }
            },
            "Venezuela": {
              "long": {
                "standard": "venezuelai idő"
              }
            },
            "Vladivostok": {
              "long": {
                "generic": "vlagyivosztoki idő",
                "standard": "vlagyivosztoki téli idő",
                "daylight": "vlagyivosztoki nyári idő"
              }
            },
            "Volgograd": {
              "long": {
                "generic": "volgográdi idő",
                "standard": "volgográdi téli idő",
                "daylight": "volgográdi nyári idő"
              }
            },
            "Vostok": {
              "long": {
                "standard": "vosztoki idő"
              }
            },
            "Wake": {
              "long": {
                "standard": "wake-szigeti idő"
              }
            },
            "Wallis": {
              "long": {
                "standard": "Wallis és Futuna-i idő"
              }
            },
            "Yakutsk": {
              "long": {
                "generic": "jakutszki idő",
                "standard": "jakutszki téli idő",
                "daylight": "jakutszki nyári idő"
              }
            },
            "Yekaterinburg": {
              "long": {
                "generic": "jekatyerinburgi idő",
                "standard": "jekatyerinburgi téli idő",
                "daylight": "jekatyerinburgi nyári idő"
              }
            }
          }
        }
      }
    }
  }
}
