{
  "main": {
    "da": {
      "identity": {
        "version": {
          "_number": "$Revision: 13705 $",
          "_cldrVersion": "32.0.1"
        },
        "language": "da"
      },
      "dates": {
        "calendars": {
          "gregorian": {
            "months": {
              "format": {
                "abbreviated": {
                  "1": "jan.",
                  "2": "feb.",
                  "3": "mar.",
                  "4": "apr.",
                  "5": "maj",
                  "6": "jun.",
                  "7": "jul.",
                  "8": "aug.",
                  "9": "sep.",
                  "10": "okt.",
                  "11": "nov.",
                  "12": "dec."
                },
                "narrow": {
                  "1": "J",
                  "2": "F",
                  "3": "M",
                  "4": "A",
                  "5": "M",
                  "6": "J",
                  "7": "J",
                  "8": "A",
                  "9": "S",
                  "10": "O",
                  "11": "N",
                  "12": "D"
                },
                "wide": {
                  "1": "januar",
                  "2": "februar",
                  "3": "marts",
                  "4": "april",
                  "5": "maj",
                  "6": "juni",
                  "7": "juli",
                  "8": "august",
                  "9": "september",
                  "10": "oktober",
                  "11": "november",
                  "12": "december"
                }
              },
              "stand-alone": {
                "abbreviated": {
                  "1": "jan.",
                  "2": "feb.",
                  "3": "mar.",
                  "4": "apr.",
                  "5": "maj",
                  "6": "jun.",
                  "7": "jul.",
                  "8": "aug.",
                  "9": "sep.",
                  "10": "okt.",
                  "11": "nov.",
                  "12": "dec."
                },
                "narrow": {
                  "1": "J",
                  "2": "F",
                  "3": "M",
                  "4": "A",
                  "5": "M",
                  "6": "J",
                  "7": "J",
                  "8": "A",
                  "9": "S",
                  "10": "O",
                  "11": "N",
                  "12": "D"
                },
                "wide": {
                  "1": "januar",
                  "2": "februar",
                  "3": "marts",
                  "4": "april",
                  "5": "maj",
                  "6": "juni",
                  "7": "juli",
                  "8": "august",
                  "9": "september",
                  "10": "oktober",
                  "11": "november",
                  "12": "december"
                }
              }
            },
            "days": {
              "format": {
                "abbreviated": {
                  "sun": "søn.",
                  "mon": "man.",
                  "tue": "tir.",
                  "wed": "ons.",
                  "thu": "tor.",
                  "fri": "fre.",
                  "sat": "lør."
                },
                "narrow": {
                  "sun": "S",
                  "mon": "M",
                  "tue": "T",
                  "wed": "O",
                  "thu": "T",
                  "fri": "F",
                  "sat": "L"
                },
                "short": {
                  "sun": "sø",
                  "mon": "ma",
                  "tue": "ti",
                  "wed": "on",
                  "thu": "to",
                  "fri": "fr",
                  "sat": "lø"
                },
                "wide": {
                  "sun": "søndag",
                  "mon": "mandag",
                  "tue": "tirsdag",
                  "wed": "onsdag",
                  "thu": "torsdag",
                  "fri": "fredag",
                  "sat": "lørdag"
                }
              },
              "stand-alone": {
                "abbreviated": {
                  "sun": "søn",
                  "mon": "man",
                  "tue": "tir",
                  "wed": "ons",
                  "thu": "tor",
                  "fri": "fre",
                  "sat": "lør"
                },
                "narrow": {
                  "sun": "S",
                  "mon": "M",
                  "tue": "T",
                  "wed": "O",
                  "thu": "T",
                  "fri": "F",
                  "sat": "L"
                },
                "short": {
                  "sun": "sø",
                  "mon": "ma",
                  "tue": "ti",
                  "wed": "on",
                  "thu": "to",
                  "fri": "fr",
                  "sat": "lø"
                },
                "wide": {
                  "sun": "søndag",
                  "mon": "mandag",
                  "tue": "tirsdag",
                  "wed": "onsdag",
                  "thu": "torsdag",
                  "fri": "fredag",
                  "sat": "lørdag"
                }
              }
            },
            "quarters": {
              "format": {
                "abbreviated": {
                  "1": "1. kvt.",
                  "2": "2. kvt.",
                  "3": "3. kvt.",
                  "4": "4. kvt."
                },
                "narrow": {
                  "1": "1",
                  "2": "2",
                  "3": "3",
                  "4": "4"
                },
                "wide": {
                  "1": "1. kvartal",
                  "2": "2. kvartal",
                  "3": "3. kvartal",
                  "4": "4. kvartal"
                }
              },
              "stand-alone": {
                "abbreviated": {
                  "1": "1. kvt.",
                  "2": "2. kvt.",
                  "3": "3. kvt.",
                  "4": "4. kvt."
                },
                "narrow": {
                  "1": "1",
                  "2": "2",
                  "3": "3",
                  "4": "4"
                },
                "wide": {
                  "1": "1. kvartal",
                  "2": "2. kvartal",
                  "3": "3. kvartal",
                  "4": "4. kvartal"
                }
              }
            },
            "dayPeriods": {
              "format": {
                "abbreviated": {
                  "midnight": "midnat",
                  "am": "AM",
                  "pm": "PM",
                  "morning1": "om morgenen",
                  "morning2": "om formiddagen",
                  "afternoon1": "om eftermiddagen",
                  "evening1": "om aftenen",
                  "night1": "om natten"
                },
                "narrow": {
                  "midnight": "midnat",
                  "am": "a",
                  "pm": "p",
                  "morning1": "om morgenen",
                  "morning2": "om formiddagen",
                  "afternoon1": "om eftermiddagen",
                  "evening1": "om aftenen",
                  "night1": "om natten"
                },
                "wide": {
                  "midnight": "midnat",
                  "am": "AM",
                  "pm": "PM",
                  "morning1": "om morgenen",
                  "morning2": "om formiddagen",
                  "afternoon1": "om eftermiddagen",
                  "evening1": "om aftenen",
                  "night1": "om natten"
                }
              },
              "stand-alone": {
                "abbreviated": {
                  "midnight": "midnat",
                  "am": "AM",
                  "pm": "PM",
                  "morning1": "morgen",
                  "morning2": "formiddag",
                  "afternoon1": "eftermiddag",
                  "evening1": "aften",
                  "night1": "nat"
                },
                "narrow": {
                  "midnight": "midnat",
                  "am": "AM",
                  "pm": "PM",
                  "morning1": "morgen",
                  "morning2": "formiddag",
                  "afternoon1": "eftermiddag",
                  "evening1": "aften",
                  "night1": "nat"
                },
                "wide": {
                  "midnight": "midnat",
                  "am": "AM",
                  "pm": "PM",
                  "morning1": "morgen",
                  "morning2": "formiddag",
                  "afternoon1": "eftermiddag",
                  "evening1": "aften",
                  "night1": "nat"
                }
              }
            },
            "eras": {
              "eraNames": {
                "0": "f.Kr.",
                "0-alt-variant": "før vesterlandsk tidsregning",
                "1": "e.Kr.",
                "1-alt-variant": "vesterlandsk tidsregning"
              },
              "eraAbbr": {
                "0": "f.Kr.",
                "0-alt-variant": "f.v.t.",
                "1": "e.Kr.",
                "1-alt-variant": "v.t."
              },
              "eraNarrow": {
                "0": "fKr",
                "0-alt-variant": "fvt",
                "1": "eKr",
                "1-alt-variant": "vt"
              }
            },
            "dateFormats": {
              "full": "EEEE 'den' d. MMMM y",
              "long": "d. MMMM y",
              "medium": "d. MMM y",
              "short": "dd/MM/y"
            },
            "timeFormats": {
              "full": "HH.mm.ss zzzz",
              "long": "HH.mm.ss z",
              "medium": "HH.mm.ss",
              "short": "HH.mm"
            },
            "dateTimeFormats": {
              "full": "{1} 'kl'. {0}",
              "long": "{1} 'kl'. {0}",
              "medium": "{1} {0}",
              "short": "{1} {0}",
              "availableFormats": {
                "Bh": "h B",
                "Bhm": "h.mm B",
                "Bhms": "h.mm.ss B",
                "d": "d.",
                "E": "ccc",
                "EBhm": "E h.mm B",
                "EBhms": "E h.mm.ss B",
                "Ed": "E 'den' d.",
                "Ehm": "E h.mm a",
                "EHm": "E HH.mm",
                "Ehms": "E h.mm.ss a",
                "EHms": "E HH.mm.ss",
                "Gy": "y G",
                "GyMMM": "MMM y G",
                "GyMMMd": "d. MMM y G",
                "GyMMMEd": "E d. MMM y G",
                "h": "h a",
                "H": "HH",
                "hm": "h.mm a",
                "Hm": "HH.mm",
                "hms": "h.mm.ss a",
                "Hms": "HH.mm.ss",
                "hmsv": "h.mm.ss a v",
                "Hmsv": "HH.mm.ss v",
                "hmv": "h.mm a v",
                "Hmv": "HH.mm v",
                "M": "M",
                "Md": "d/M",
                "MEd": "E d/M",
                "MMdd": "dd/MM",
                "MMM": "MMM",
                "MMMd": "d. MMM",
                "MMMEd": "E d. MMM",
                "MMMMd": "d. MMMM",
                "MMMMEd": "E d. MMMM",
                "MMMMW-count-one": "'uge' W 'i' MMM",
                "MMMMW-count-other": "'uge' W 'i' MMM",
                "ms": "mm.ss",
                "y": "y",
                "yM": "M/y",
                "yMd": "d/M/y",
                "yMEd": "E d/M/y",
                "yMM": "MM/y",
                "yMMM": "MMM y",
                "yMMMd": "d. MMM y",
                "yMMMEd": "E d. MMM y",
                "yMMMM": "MMMM y",
                "yQQQ": "QQQ y",
                "yQQQQ": "QQQQ y",
                "yw-count-one": "'uge' w 'i' Y",
                "yw-count-other": "'uge' w 'i' Y"
              },
              "appendItems": {
                "Day": "{0} ({2}: {1})",
                "Day-Of-Week": "{0} {1}",
                "Era": "{1} {0}",
                "Hour": "{0} ({2}: {1})",
                "Minute": "{0} ({2}: {1})",
                "Month": "{0} ({2}: {1})",
                "Quarter": "{0} ({2}: {1})",
                "Second": "{0} ({2}: {1})",
                "Timezone": "{0} {1}",
                "Week": "{0} ({2}: {1})",
                "Year": "{1} {0}"
              },
              "intervalFormats": {
                "intervalFormatFallback": "{0}-{1}",
                "d": {
                  "d": "d.–d."
                },
                "h": {
                  "a": "h a–h a",
                  "h": "h–h a"
                },
                "H": {
                  "H": "HH–HH"
                },
                "hm": {
                  "a": "h.mm a–h.mm a",
                  "h": "h.mm–h.mm a",
                  "m": "h.mm–h.mm a"
                },
                "Hm": {
                  "H": "HH.mm–HH.mm",
                  "m": "HH.mm–HH.mm"
                },
                "hmv": {
                  "a": "h.mm a–h.mm a v",
                  "h": "h.mm–h.mm a v",
                  "m": "h.mm–h.mm a v"
                },
                "Hmv": {
                  "H": "HH.mm–HH.mm v",
                  "m": "HH.mm–HH.mm v"
                },
                "hv": {
                  "a": "h a–h a v",
                  "h": "h–h a v"
                },
                "Hv": {
                  "H": "HH–HH v"
                },
                "M": {
                  "M": "M–M"
                },
                "Md": {
                  "d": "dd/MM–dd/MM",
                  "M": "dd/MM–dd/MM"
                },
                "MEd": {
                  "d": "E dd/MM–E dd/MM",
                  "M": "E dd/MM–E dd/MM"
                },
                "MMM": {
                  "M": "MMM–MMM"
                },
                "MMMd": {
                  "d": "d.–d. MMM",
                  "M": "d. MMM–d. MMM"
                },
                "MMMEd": {
                  "d": "E 'den' d.–E 'den' d. MMM",
                  "M": "E 'den' d.–E 'den' d. MMM"
                },
                "y": {
                  "y": "y–y"
                },
                "yM": {
                  "M": "MM/y–MM/y",
                  "y": "MM/y–MM/y"
                },
                "yMd": {
                  "d": "dd/MM/y–dd/MM/y",
                  "M": "dd/MM/y–dd/MM/y",
                  "y": "dd/MM/y–dd/MM/y"
                },
                "yMEd": {
                  "d": "E dd/MM/y–E dd/MM/y",
                  "M": "E dd/MM/y–E dd/MM/y",
                  "y": "E dd/MM/y–E dd/MM/y"
                },
                "yMMM": {
                  "M": "MMM–MMM y",
                  "y": "MMM y–MMM y"
                },
                "yMMMd": {
                  "d": "d.–d. MMM y",
                  "M": "d. MMM–d. MMM y",
                  "y": "d. MMM y–d. MMM y"
                },
                "yMMMEd": {
                  "d": "E 'den' d.–E 'den' d. MMM y",
                  "M": "E 'den' d.–E 'den' d. MMM y",
                  "y": "E 'den' d. MMM y–E 'den' d. MMM y"
                },
                "yMMMM": {
                  "M": "MMMM–MMMM y",
                  "y": "MMMM y–MMMM y"
                }
              }
            }
          }
        }
      }
    }
  }
}
