{
  "main": {
    "da": {
      "identity": {
        "version": {
          "_number": "$Revision: 13705 $",
          "_cldrVersion": "32.0.1"
        },
        "language": "da"
      },
      "dates": {
        "fields": {
          "era": {
            "displayName": "æra"
          },
          "era-short": {
            "displayName": "æra"
          },
          "era-narrow": {
            "displayName": "æra"
          },
          "year": {
            "displayName": "år",
            "relative-type--1": "sidste år",
            "relative-type-0": "i år",
            "relative-type-1": "næste år",
            "relativeTime-type-future": {
              "relativeTimePattern-count-one": "om {0} år",
              "relativeTimePattern-count-other": "om {0} år"
            },
            "relativeTime-type-past": {
              "relativeTimePattern-count-one": "for {0} år siden",
              "relativeTimePattern-count-other": "for {0} år siden"
            }
          },
          "year-short": {
            "displayName": "år",
            "relative-type--1": "sidste år",
            "relative-type-0": "i år",
            "relative-type-1": "næste år",
            "relativeTime-type-future": {
              "relativeTimePattern-count-one": "om {0} år",
              "relativeTimePattern-count-other": "om {0} år"
            },
            "relativeTime-type-past": {
              "relativeTimePattern-count-one": "for {0} år siden",
              "relativeTimePattern-count-other": "for {0} år siden"
            }
          },
          "year-narrow": {
            "displayName": "år",
            "relative-type--1": "sidste år",
            "relative-type-0": "i år",
            "relative-type-1": "næste år",
            "relativeTime-type-future": {
              "relativeTimePattern-count-one": "om {0} år",
              "relativeTimePattern-count-other": "om {0} år"
            },
            "relativeTime-type-past": {
              "relativeTimePattern-count-one": "for {0} år siden",
              "relativeTimePattern-count-other": "for {0} år siden"
            }
          },
          "quarter": {
            "displayName": "kvartal",
            "relative-type--1": "sidste kvartal",
            "relative-type-0": "dette kvartal",
            "relative-type-1": "næste kvartal",
            "relativeTime-type-future": {
              "relativeTimePattern-count-one": "om {0} kvartal",
              "relativeTimePattern-count-other": "om {0} kvartaler"
            },
            "relativeTime-type-past": {
              "relativeTimePattern-count-one": "for {0} kvartal siden",
              "relativeTimePattern-count-other": "for {0} kvartaler siden"
            }
          },
          "quarter-short": {
            "displayName": "kvt.",
            "relative-type--1": "sidste kvt.",
            "relative-type-0": "dette kvt.",
            "relative-type-1": "næste kvt.",
            "relativeTime-type-future": {
              "relativeTimePattern-count-one": "om {0} kvt.",
              "relativeTimePattern-count-other": "om {0} kvt."
            },
            "relativeTime-type-past": {
              "relativeTimePattern-count-one": "for {0} kvt. siden",
              "relativeTimePattern-count-other": "for {0} kvt. siden"
            }
          },
          "quarter-narrow": {
            "displayName": "kvt.",
            "relative-type--1": "sidste kvt.",
            "relative-type-0": "dette kvt.",
            "relative-type-1": "næste kvt.",
            "relativeTime-type-future": {
              "relativeTimePattern-count-one": "om {0} kvt.",
              "relativeTimePattern-count-other": "om {0} kvt."
            },
            "relativeTime-type-past": {
              "relativeTimePattern-count-one": "for {0} kvt. siden",
              "relativeTimePattern-count-other": "for {0} kvt. siden"
            }
          },
          "month": {
            "displayName": "måned",
            "relative-type--1": "sidste måned",
            "relative-type-0": "denne måned",
            "relative-type-1": "næste måned",
            "relativeTime-type-future": {
              "relativeTimePattern-count-one": "om {0} måned",
              "relativeTimePattern-count-other": "om {0} måneder"
            },
            "relativeTime-type-past": {
              "relativeTimePattern-count-one": "for {0} måned siden",
              "relativeTimePattern-count-other": "for {0} måneder siden"
            }
          },
          "month-short": {
            "displayName": "md.",
            "relative-type--1": "sidste md.",
            "relative-type-0": "denne md.",
            "relative-type-1": "næste md.",
            "relativeTime-type-future": {
              "relativeTimePattern-count-one": "om {0} md.",
              "relativeTimePattern-count-other": "om {0} mdr."
            },
            "relativeTime-type-past": {
              "relativeTimePattern-count-one": "for {0} md. siden",
              "relativeTimePattern-count-other": "for {0} mdr. siden"
            }
          },
          "month-narrow": {
            "displayName": "md.",
            "relative-type--1": "sidste md.",
            "relative-type-0": "denne md.",
            "relative-type-1": "næste md.",
            "relativeTime-type-future": {
              "relativeTimePattern-count-one": "om {0} md.",
              "relativeTimePattern-count-other": "om {0} mdr."
            },
            "relativeTime-type-past": {
              "relativeTimePattern-count-one": "for {0} md. siden",
              "relativeTimePattern-count-other": "for {0} mdr. siden"
            }
          },
          "week": {
            "displayName": "uge",
            "relative-type--1": "sidste uge",
            "relative-type-0": "denne uge",
            "relative-type-1": "næste uge",
            "relativeTime-type-future": {
              "relativeTimePattern-count-one": "om {0} uge",
              "relativeTimePattern-count-other": "om {0} uger"
            },
            "relativeTime-type-past": {
              "relativeTimePattern-count-one": "for {0} uge siden",
              "relativeTimePattern-count-other": "for {0} uger siden"
            },
            "relativePeriod": "i ugen med {0}"
          },
          "week-short": {
            "displayName": "uge",
            "relative-type--1": "sidste uge",
            "relative-type-0": "denne uge",
            "relative-type-1": "næste uge",
            "relativeTime-type-future": {
              "relativeTimePattern-count-one": "om {0} uge",
              "relativeTimePattern-count-other": "om {0} uger"
            },
            "relativeTime-type-past": {
              "relativeTimePattern-count-one": "for {0} uge siden",
              "relativeTimePattern-count-other": "for {0} uger siden"
            },
            "relativePeriod": "i ugen med {0}"
          },
          "week-narrow": {
            "displayName": "uge",
            "relative-type--1": "sidste uge",
            "relative-type-0": "denne uge",
            "relative-type-1": "næste uge",
            "relativeTime-type-future": {
              "relativeTimePattern-count-one": "om {0} uge",
              "relativeTimePattern-count-other": "om {0} uger"
            },
            "relativeTime-type-past": {
              "relativeTimePattern-count-one": "for {0} uge siden",
              "relativeTimePattern-count-other": "for {0} uger siden"
            },
            "relativePeriod": "i ugen med {0}"
          },
          "weekOfMonth": {
            "displayName": "uge i måneden"
          },
          "weekOfMonth-short": {
            "displayName": "uge i md."
          },
          "weekOfMonth-narrow": {
            "displayName": "uge i md."
          },
          "day": {
            "displayName": "dag",
            "relative-type--2": "i forgårs",
            "relative-type--1": "i går",
            "relative-type-0": "i dag",
            "relative-type-1": "i morgen",
            "relative-type-2": "i overmorgen",
            "relativeTime-type-future": {
              "relativeTimePattern-count-one": "om {0} dag",
              "relativeTimePattern-count-other": "om {0} dage"
            },
            "relativeTime-type-past": {
              "relativeTimePattern-count-one": "for {0} dag siden",
              "relativeTimePattern-count-other": "for {0} dage siden"
            }
          },
          "day-short": {
            "displayName": "dag",
            "relative-type--2": "i forgårs",
            "relative-type--1": "i går",
            "relative-type-0": "i dag",
            "relative-type-1": "i morgen",
            "relative-type-2": "i overmorgen",
            "relativeTime-type-future": {
              "relativeTimePattern-count-one": "om {0} dag",
              "relativeTimePattern-count-other": "om {0} dage"
            },
            "relativeTime-type-past": {
              "relativeTimePattern-count-one": "for {0} dag siden",
              "relativeTimePattern-count-other": "for {0} dage siden"
            }
          },
          "day-narrow": {
            "displayName": "dag",
            "relative-type--2": "i forgårs",
            "relative-type--1": "i går",
            "relative-type-0": "i dag",
            "relative-type-1": "i morgen",
            "relative-type-2": "i overmorgen",
            "relativeTime-type-future": {
              "relativeTimePattern-count-one": "om {0} dag",
              "relativeTimePattern-count-other": "om {0} dage"
            },
            "relativeTime-type-past": {
              "relativeTimePattern-count-one": "for {0} dag siden",
              "relativeTimePattern-count-other": "for {0} dage siden"
            }
          },
          "dayOfYear": {
            "displayName": "dag i året"
          },
          "dayOfYear-short": {
            "displayName": "dag i året"
          },
          "dayOfYear-narrow": {
            "displayName": "dag i året"
          },
          "weekday": {
            "displayName": "ugedag"
          },
          "weekday-short": {
            "displayName": "ugedag"
          },
          "weekday-narrow": {
            "displayName": "ugedag"
          },
          "weekdayOfMonth": {
            "displayName": "ugedag i måneden"
          },
          "weekdayOfMonth-short": {
            "displayName": "ugedag i md."
          },
          "weekdayOfMonth-narrow": {
            "displayName": "ugedag i md."
          },
          "sun": {
            "relative-type--1": "sidste søndag",
            "relative-type-0": "på søndag",
            "relative-type-1": "næste søndag",
            "relativeTime-type-future": {
              "relativeTimePattern-count-one": "om {0} søndag",
              "relativeTimePattern-count-other": "om {0} søndage"
            },
            "relativeTime-type-past": {
              "relativeTimePattern-count-one": "for {0} søndag siden",
              "relativeTimePattern-count-other": "for {0} søndage siden"
            }
          },
          "sun-short": {
            "relative-type--1": "sidste søn.",
            "relative-type-0": "på søn.",
            "relative-type-1": "næste søn.",
            "relativeTime-type-future": {
              "relativeTimePattern-count-one": "om {0} søndag",
              "relativeTimePattern-count-other": "om {0} søndage"
            },
            "relativeTime-type-past": {
              "relativeTimePattern-count-one": "for {0} søndag siden",
              "relativeTimePattern-count-other": "for {0} søndage siden"
            }
          },
          "sun-narrow": {
            "relative-type--1": "sidste sø.",
            "relative-type-0": "på sø.",
            "relative-type-1": "næste sø.",
            "relativeTime-type-future": {
              "relativeTimePattern-count-one": "om {0} søndag",
              "relativeTimePattern-count-other": "om {0} søndage"
            },
            "relativeTime-type-past": {
              "relativeTimePattern-count-one": "for {0} søndag siden",
              "relativeTimePattern-count-other": "for {0} søndage siden"
            }
          },
          "mon": {
            "relative-type--1": "sidste mandag",
            "relative-type-0": "på mandag",
            "relative-type-1": "næste mandag",
            "relativeTime-type-future": {
              "relativeTimePattern-count-one": "om {0} mandag",
              "relativeTimePattern-count-other": "om {0} mandage"
            },
            "relativeTime-type-past": {
              "relativeTimePattern-count-one": "for {0} mandag siden",
              "relativeTimePattern-count-other": "for {0} mandage siden"
            }
          },
          "mon-short": {
            "relative-type--1": "sidste man.",
            "relative-type-0": "på man.",
            "relative-type-1": "næste man.",
            "relativeTime-type-future": {
              "relativeTimePattern-count-one": "om {0} mandag",
              "relativeTimePattern-count-other": "om {0} mandage"
            },
            "relativeTime-type-past": {
              "relativeTimePattern-count-one": "for {0} mandag siden",
              "relativeTimePattern-count-other": "for {0} mandage siden"
            }
          },
          "mon-narrow": {
            "relative-type--1": "sidste ma.",
            "relative-type-0": "på ma.",
            "relative-type-1": "næste ma.",
            "relativeTime-type-future": {
              "relativeTimePattern-count-one": "om {0} mandag",
              "relativeTimePattern-count-other": "om {0} mandage"
            },
            "relativeTime-type-past": {
              "relativeTimePattern-count-one": "for {0} mandag siden",
              "relativeTimePattern-count-other": "for {0} mandage siden"
            }
          },
          "tue": {
            "relative-type--1": "sidste tirsdag",
            "relative-type-0": "på tirsdag",
            "relative-type-1": "næste tirsdag",
            "relativeTime-type-future": {
              "relativeTimePattern-count-one": "om {0} tirsdag",
              "relativeTimePattern-count-other": "om {0} tirsdage"
            },
            "relativeTime-type-past": {
              "relativeTimePattern-count-one": "for {0} tirsdag siden",
              "relativeTimePattern-count-other": "for {0} tirsdage siden"
            }
          },
          "tue-short": {
            "relative-type--1": "sidste tir.",
            "relative-type-0": "på tir.",
            "relative-type-1": "næste tir.",
            "relativeTime-type-future": {
              "relativeTimePattern-count-one": "om {0} tirsdag",
              "relativeTimePattern-count-other": "om {0} tirsdage"
            },
            "relativeTime-type-past": {
              "relativeTimePattern-count-one": "for {0} tirsdag siden",
              "relativeTimePattern-count-other": "for {0} tirsdage siden"
            }
          },
          "tue-narrow": {
            "relative-type--1": "sidste ti.",
            "relative-type-0": "på ti.",
            "relative-type-1": "næste ti.",
            "relativeTime-type-future": {
              "relativeTimePattern-count-one": "om {0} tirsdag",
              "relativeTimePattern-count-other": "om {0} tirsdage"
            },
            "relativeTime-type-past": {
              "relativeTimePattern-count-one": "for {0} tirsdag siden",
              "relativeTimePattern-count-other": "for {0} tirsdage siden"
            }
          },
          "wed": {
            "relative-type--1": "sidste onsdag",
            "relative-type-0": "på onsdag",
            "relative-type-1": "næste onsdag",
            "relativeTime-type-future": {
              "relativeTimePattern-count-one": "om {0} onsdag",
              "relativeTimePattern-count-other": "om {0} onsdage"
            },
            "relativeTime-type-past": {
              "relativeTimePattern-count-one": "for {0} onsdag siden",
              "relativeTimePattern-count-other": "for {0} onsdage siden"
            }
          },
          "wed-short": {
            "relative-type--1": "sidste ons.",
            "relative-type-0": "på ons.",
            "relative-type-1": "næste ons.",
            "relativeTime-type-future": {
              "relativeTimePattern-count-one": "om {0} onsdag",
              "relativeTimePattern-count-other": "om {0} onsdage"
            },
            "relativeTime-type-past": {
              "relativeTimePattern-count-one": "for {0} onsdag siden",
              "relativeTimePattern-count-other": "for {0} onsdage siden"
            }
          },
          "wed-narrow": {
            "relative-type--1": "sidste on.",
            "relative-type-0": "på on.",
            "relative-type-1": "næste on.",
            "relativeTime-type-future": {
              "relativeTimePattern-count-one": "om {0} onsdag",
              "relativeTimePattern-count-other": "om {0} onsdage"
            },
            "relativeTime-type-past": {
              "relativeTimePattern-count-one": "for {0} onsdag siden",
              "relativeTimePattern-count-other": "for {0} onsdage siden"
            }
          },
          "thu": {
            "relative-type--1": "sidste torsdag",
            "relative-type-0": "på torsdag",
            "relative-type-1": "næste torsdag",
            "relativeTime-type-future": {
              "relativeTimePattern-count-one": "om {0} torsdag",
              "relativeTimePattern-count-other": "om {0} torsdage"
            },
            "relativeTime-type-past": {
              "relativeTimePattern-count-one": "for {0} torsdag siden",
              "relativeTimePattern-count-other": "for {0} torsdage siden"
            }
          },
          "thu-short": {
            "relative-type--1": "sidste tor.",
            "relative-type-0": "på tor.",
            "relative-type-1": "næste tor.",
            "relativeTime-type-future": {
              "relativeTimePattern-count-one": "om {0} torsdag",
              "relativeTimePattern-count-other": "om {0} torsdage"
            },
            "relativeTime-type-past": {
              "relativeTimePattern-count-one": "for {0} torsdag siden",
              "relativeTimePattern-count-other": "for {0} torsdage siden"
            }
          },
          "thu-narrow": {
            "relative-type--1": "sidste to.",
            "relative-type-0": "på to.",
            "relative-type-1": "næste to.",
            "relativeTime-type-future": {
              "relativeTimePattern-count-one": "om {0} torsdag",
              "relativeTimePattern-count-other": "om {0} torsdage"
            },
            "relativeTime-type-past": {
              "relativeTimePattern-count-one": "for {0} torsdag siden",
              "relativeTimePattern-count-other": "for {0} torsdage siden"
            }
          },
          "fri": {
            "relative-type--1": "sidste fredag",
            "relative-type-0": "på fredag",
            "relative-type-1": "næste fredag",
            "relativeTime-type-future": {
              "relativeTimePattern-count-one": "om {0} fredag",
              "relativeTimePattern-count-other": "om {0} fredage"
            },
            "relativeTime-type-past": {
              "relativeTimePattern-count-one": "for {0} fredag siden",
              "relativeTimePattern-count-other": "for {0} fredage siden"
            }
          },
          "fri-short": {
            "relative-type--1": "sidste fre.",
            "relative-type-0": "på fre.",
            "relative-type-1": "næste fre.",
            "relativeTime-type-future": {
              "relativeTimePattern-count-one": "om {0} fredag",
              "relativeTimePattern-count-other": "om {0} fredage"
            },
            "relativeTime-type-past": {
              "relativeTimePattern-count-one": "for {0} fredag siden",
              "relativeTimePattern-count-other": "for {0} fredage siden"
            }
          },
          "fri-narrow": {
            "relative-type--1": "sidste fr.",
            "relative-type-0": "på fr.",
            "relative-type-1": "næste fr.",
            "relativeTime-type-future": {
              "relativeTimePattern-count-one": "om {0} fredag",
              "relativeTimePattern-count-other": "om {0} fredage"
            },
            "relativeTime-type-past": {
              "relativeTimePattern-count-one": "for {0} fredag siden",
              "relativeTimePattern-count-other": "for {0} fredage siden"
            }
          },
          "sat": {
            "relative-type--1": "sidste lørdag",
            "relative-type-0": "på lørdag",
            "relative-type-1": "næste lørdag",
            "relativeTime-type-future": {
              "relativeTimePattern-count-one": "om {0} lørdag",
              "relativeTimePattern-count-other": "om {0} lørdage"
            },
            "relativeTime-type-past": {
              "relativeTimePattern-count-one": "for {0} lørdag siden",
              "relativeTimePattern-count-other": "for {0} lørdage siden"
            }
          },
          "sat-short": {
            "relative-type--1": "sidste lør.",
            "relative-type-0": "på lør.",
            "relative-type-1": "næste lør.",
            "relativeTime-type-future": {
              "relativeTimePattern-count-one": "om {0} lørdag",
              "relativeTimePattern-count-other": "om {0} lørdage"
            },
            "relativeTime-type-past": {
              "relativeTimePattern-count-one": "for {0} lørdag siden",
              "relativeTimePattern-count-other": "for {0} lørdage siden"
            }
          },
          "sat-narrow": {
            "relative-type--1": "sidste lø.",
            "relative-type-0": "på lø.",
            "relative-type-1": "næste lø.",
            "relativeTime-type-future": {
              "relativeTimePattern-count-one": "om {0} lørdag",
              "relativeTimePattern-count-other": "om {0} lørdage"
            },
            "relativeTime-type-past": {
              "relativeTimePattern-count-one": "for {0} lørdag siden",
              "relativeTimePattern-count-other": "for {0} lørdage siden"
            }
          },
          "dayperiod-short": {
            "displayName": "AM/PM"
          },
          "dayperiod": {
            "displayName": "AM/PM"
          },
          "dayperiod-narrow": {
            "displayName": "AM/PM"
          },
          "hour": {
            "displayName": "time",
            "relative-type-0": "i den kommende time",
            "relativeTime-type-future": {
              "relativeTimePattern-count-one": "om {0} time",
              "relativeTimePattern-count-other": "om {0} timer"
            },
            "relativeTime-type-past": {
              "relativeTimePattern-count-one": "for {0} time siden",
              "relativeTimePattern-count-other": "for {0} timer siden"
            }
          },
          "hour-short": {
            "displayName": "t.",
            "relative-type-0": "i den kommende time",
            "relativeTime-type-future": {
              "relativeTimePattern-count-one": "om {0} time",
              "relativeTimePattern-count-other": "om {0} timer"
            },
            "relativeTime-type-past": {
              "relativeTimePattern-count-one": "for {0} time siden",
              "relativeTimePattern-count-other": "for {0} timer siden"
            }
          },
          "hour-narrow": {
            "displayName": "t.",
            "relative-type-0": "i den kommende time",
            "relativeTime-type-future": {
              "relativeTimePattern-count-one": "om {0} time",
              "relativeTimePattern-count-other": "om {0} timer"
            },
            "relativeTime-type-past": {
              "relativeTimePattern-count-one": "for {0} time siden",
              "relativeTimePattern-count-other": "for {0} timer siden"
            }
          },
          "minute": {
            "displayName": "minut",
            "relative-type-0": "i det kommende minut",
            "relativeTime-type-future": {
              "relativeTimePattern-count-one": "om {0} minut",
              "relativeTimePattern-count-other": "om {0} minutter"
            },
            "relativeTime-type-past": {
              "relativeTimePattern-count-one": "for {0} minut siden",
              "relativeTimePattern-count-other": "for {0} minutter siden"
            }
          },
          "minute-short": {
            "displayName": "min.",
            "relative-type-0": "i det kommende minut",
            "relativeTime-type-future": {
              "relativeTimePattern-count-one": "om {0} min.",
              "relativeTimePattern-count-other": "om {0} min."
            },
            "relativeTime-type-past": {
              "relativeTimePattern-count-one": "for {0} min. siden",
              "relativeTimePattern-count-other": "for {0} min. siden"
            }
          },
          "minute-narrow": {
            "displayName": "min.",
            "relative-type-0": "i det kommende minut",
            "relativeTime-type-future": {
              "relativeTimePattern-count-one": "om {0} min.",
              "relativeTimePattern-count-other": "om {0} min."
            },
            "relativeTime-type-past": {
              "relativeTimePattern-count-one": "for {0} min. siden",
              "relativeTimePattern-count-other": "for {0} min. siden"
            }
          },
          "second": {
            "displayName": "sekund",
            "relative-type-0": "nu",
            "relativeTime-type-future": {
              "relativeTimePattern-count-one": "om {0} sekund",
              "relativeTimePattern-count-other": "om {0} sekunder"
            },
            "relativeTime-type-past": {
              "relativeTimePattern-count-one": "for {0} sekund siden",
              "relativeTimePattern-count-other": "for {0} sekunder siden"
            }
          },
          "second-short": {
            "displayName": "sek.",
            "relative-type-0": "nu",
            "relativeTime-type-future": {
              "relativeTimePattern-count-one": "om {0} sek.",
              "relativeTimePattern-count-other": "om {0} sek."
            },
            "relativeTime-type-past": {
              "relativeTimePattern-count-one": "for {0} sek. siden",
              "relativeTimePattern-count-other": "for {0} sek. siden"
            }
          },
          "second-narrow": {
            "displayName": "s",
            "relative-type-0": "nu",
            "relativeTime-type-future": {
              "relativeTimePattern-count-one": "om {0} sek.",
              "relativeTimePattern-count-other": "om {0} sek."
            },
            "relativeTime-type-past": {
              "relativeTimePattern-count-one": "for {0} sek. siden",
              "relativeTimePattern-count-other": "for {0} sek. siden"
            }
          },
          "zone": {
            "displayName": "tidszone"
          },
          "zone-short": {
            "displayName": "zone"
          },
          "zone-narrow": {
            "displayName": "zone"
          }
        }
      }
    }
  }
}
