{
  "main": {
    "fr": {
      "identity": {
        "version": {
          "_number": "$Revision: 13701 $",
          "_cldrVersion": "32.0.1"
        },
        "language": "fr"
      },
      "dates": {
        "fields": {
          "era": {
            "displayName": "ère"
          },
          "era-short": {
            "displayName": "ère"
          },
          "era-narrow": {
            "displayName": "ère"
          },
          "year": {
            "displayName": "année",
            "relative-type--1": "l’année dernière",
            "relative-type-0": "cette année",
            "relative-type-1": "l’année prochaine",
            "relativeTime-type-future": {
              "relativeTimePattern-count-one": "dans {0} an",
              "relativeTimePattern-count-other": "dans {0} ans"
            },
            "relativeTime-type-past": {
              "relativeTimePattern-count-one": "il y a {0} an",
              "relativeTimePattern-count-other": "il y a {0} ans"
            }
          },
          "year-short": {
            "displayName": "an",
            "relative-type--1": "l’année dernière",
            "relative-type-0": "cette année",
            "relative-type-1": "l’année prochaine",
            "relativeTime-type-future": {
              "relativeTimePattern-count-one": "dans {0} a",
              "relativeTimePattern-count-other": "dans {0} a"
            },
            "relativeTime-type-past": {
              "relativeTimePattern-count-one": "il y a {0} a",
              "relativeTimePattern-count-other": "il y a {0} a"
            }
          },
          "year-narrow": {
            "displayName": "a",
            "relative-type--1": "l’année dernière",
            "relative-type-0": "cette année",
            "relative-type-1": "l’année prochaine",
            "relativeTime-type-future": {
              "relativeTimePattern-count-one": "+{0} a",
              "relativeTimePattern-count-other": "+{0} a"
            },
            "relativeTime-type-past": {
              "relativeTimePattern-count-one": "-{0} a",
              "relativeTimePattern-count-other": "-{0} a"
            }
          },
          "quarter": {
            "displayName": "trimestre",
            "relative-type--1": "le trimestre dernier",
            "relative-type-0": "ce trimestre",
            "relative-type-1": "le trimestre prochain",
            "relativeTime-type-future": {
              "relativeTimePattern-count-one": "dans {0} trimestre",
              "relativeTimePattern-count-other": "dans {0} trimestres"
            },
            "relativeTime-type-past": {
              "relativeTimePattern-count-one": "il y a {0} trimestre",
              "relativeTimePattern-count-other": "il y a {0} trimestres"
            }
          },
          "quarter-short": {
            "displayName": "trim.",
            "relative-type--1": "le trimestre dernier",
            "relative-type-0": "ce trimestre",
            "relative-type-1": "le trimestre prochain",
            "relativeTime-type-future": {
              "relativeTimePattern-count-one": "dans {0} trim.",
              "relativeTimePattern-count-other": "dans {0} trim."
            },
            "relativeTime-type-past": {
              "relativeTimePattern-count-one": "il y a {0} trim.",
              "relativeTimePattern-count-other": "il y a {0} trim."
            }
          },
          "quarter-narrow": {
            "displayName": "trim.",
            "relative-type--1": "le trimestre dernier",
            "relative-type-0": "ce trimestre",
            "relative-type-1": "le trimestre prochain",
            "relativeTime-type-future": {
              "relativeTimePattern-count-one": "+{0} trim.",
              "relativeTimePattern-count-other": "+{0} trim."
            },
            "relativeTime-type-past": {
              "relativeTimePattern-count-one": "-{0} trim.",
              "relativeTimePattern-count-other": "-{0} trim."
            }
          },
          "month": {
            "displayName": "mois",
            "relative-type--1": "le mois dernier",
            "relative-type-0": "ce mois-ci",
            "relative-type-1": "le mois prochain",
            "relativeTime-type-future": {
              "relativeTimePattern-count-one": "dans {0} mois",
              "relativeTimePattern-count-other": "dans {0} mois"
            },
            "relativeTime-type-past": {
              "relativeTimePattern-count-one": "il y a {0} mois",
              "relativeTimePattern-count-other": "il y a {0} mois"
            }
          },
          "month-short": {
            "displayName": "m.",
            "relative-type--1": "le mois dernier",
            "relative-type-0": "ce mois-ci",
            "relative-type-1": "le mois prochain",
            "relativeTime-type-future": {
              "relativeTimePattern-count-one": "dans {0} m.",
              "relativeTimePattern-count-other": "dans {0} m."
            },
            "relativeTime-type-past": {
              "relativeTimePattern-count-one": "il y a {0} m.",
              "relativeTimePattern-count-other": "il y a {0} m."
            }
          },
          "month-narrow": {
            "displayName": "m.",
            "relative-type--1": "le mois dernier",
            "relative-type-0": "ce mois-ci",
            "relative-type-1": "le mois prochain",
            "relativeTime-type-future": {
              "relativeTimePattern-count-one": "+{0} m.",
              "relativeTimePattern-count-other": "+{0} m."
            },
            "relativeTime-type-past": {
              "relativeTimePattern-count-one": "-{0} m.",
              "relativeTimePattern-count-other": "-{0} m."
            }
          },
          "week": {
            "displayName": "semaine",
            "relative-type--1": "la semaine dernière",
            "relative-type-0": "cette semaine",
            "relative-type-1": "la semaine prochaine",
            "relativeTime-type-future": {
              "relativeTimePattern-count-one": "dans {0} semaine",
              "relativeTimePattern-count-other": "dans {0} semaines"
            },
            "relativeTime-type-past": {
              "relativeTimePattern-count-one": "il y a {0} semaine",
              "relativeTimePattern-count-other": "il y a {0} semaines"
            },
            "relativePeriod": "la semaine du {0}"
          },
          "week-short": {
            "displayName": "sem.",
            "relative-type--1": "la semaine dernière",
            "relative-type-0": "cette semaine",
            "relative-type-1": "la semaine prochaine",
            "relativeTime-type-future": {
              "relativeTimePattern-count-one": "dans {0} sem.",
              "relativeTimePattern-count-other": "dans {0} sem."
            },
            "relativeTime-type-past": {
              "relativeTimePattern-count-one": "il y a {0} sem.",
              "relativeTimePattern-count-other": "il y a {0} sem."
            },
            "relativePeriod": "sem. du {0}"
          },
          "week-narrow": {
            "displayName": "sem.",
            "relative-type--1": "la semaine dernière",
            "relative-type-0": "cette semaine",
            "relative-type-1": "la semaine prochaine",
            "relativeTime-type-future": {
              "relativeTimePattern-count-one": "+{0} sem.",
              "relativeTimePattern-count-other": "+{0} sem."
            },
            "relativeTime-type-past": {
              "relativeTimePattern-count-one": "-{0} sem.",
              "relativeTimePattern-count-other": "-{0} sem."
            },
            "relativePeriod": "sem. du {0}"
          },
          "weekOfMonth": {
            "displayName": "semaine (mois)"
          },
          "weekOfMonth-short": {
            "displayName": "sem. (m.)"
          },
          "weekOfMonth-narrow": {
            "displayName": "sem. (m.)"
          },
          "day": {
            "displayName": "jour",
            "relative-type--2": "avant-hier",
            "relative-type--1": "hier",
            "relative-type-0": "aujourd’hui",
            "relative-type-1": "demain",
            "relative-type-2": "après-demain",
            "relativeTime-type-future": {
              "relativeTimePattern-count-one": "dans {0} jour",
              "relativeTimePattern-count-other": "dans {0} jours"
            },
            "relativeTime-type-past": {
              "relativeTimePattern-count-one": "il y a {0} jour",
              "relativeTimePattern-count-other": "il y a {0} jours"
            }
          },
          "day-short": {
            "displayName": "j",
            "relative-type--2": "avant-hier",
            "relative-type--1": "hier",
            "relative-type-0": "aujourd’hui",
            "relative-type-1": "demain",
            "relative-type-2": "après-demain",
            "relativeTime-type-future": {
              "relativeTimePattern-count-one": "dans {0} j",
              "relativeTimePattern-count-other": "dans {0} j"
            },
            "relativeTime-type-past": {
              "relativeTimePattern-count-one": "il y a {0} j",
              "relativeTimePattern-count-other": "il y a {0} j"
            }
          },
          "day-narrow": {
            "displayName": "j",
            "relative-type--2": "avant-hier",
            "relative-type--1": "hier",
            "relative-type-0": "aujourd’hui",
            "relative-type-1": "demain",
            "relative-type-2": "après-demain",
            "relativeTime-type-future": {
              "relativeTimePattern-count-one": "+{0} j",
              "relativeTimePattern-count-other": "+{0} j"
            },
            "relativeTime-type-past": {
              "relativeTimePattern-count-one": "-{0} j",
              "relativeTimePattern-count-other": "-{0} j"
            }
          },
          "dayOfYear": {
            "displayName": "jour (année)"
          },
          "dayOfYear-short": {
            "displayName": "j (an)"
          },
          "dayOfYear-narrow": {
            "displayName": "j (an)"
          },
          "weekday": {
            "displayName": "jour de la semaine"
          },
          "weekday-short": {
            "displayName": "j (sem.)"
          },
          "weekday-narrow": {
            "displayName": "j (sem.)"
          },
          "weekdayOfMonth": {
            "displayName": "jour (mois)"
          },
          "weekdayOfMonth-short": {
            "displayName": "jour (mois)"
          },
          "weekdayOfMonth-narrow": {
            "displayName": "jour (mois)"
          },
          "sun": {
            "relative-type--1": "dimanche dernier",
            "relative-type-0": "ce dimanche",
            "relative-type-1": "dimanche prochain",
            "relativeTime-type-future": {
              "relativeTimePattern-count-one": "dans {0} dimanche",
              "relativeTimePattern-count-other": "dans {0} dimanches"
            },
            "relativeTime-type-past": {
              "relativeTimePattern-count-one": "il y a {0} dimanche",
              "relativeTimePattern-count-other": "il y a {0} dimanches"
            }
          },
          "sun-short": {
            "relative-type--1": "dim. dernier",
            "relative-type-0": "ce dim.",
            "relative-type-1": "dim. prochain",
            "relativeTime-type-future": {
              "relativeTimePattern-count-one": "dans {0} dim.",
              "relativeTimePattern-count-other": "dans {0} dim."
            },
            "relativeTime-type-past": {
              "relativeTimePattern-count-one": "il y a {0} dim.",
              "relativeTimePattern-count-other": "il y a {0} dim."
            }
          },
          "sun-narrow": {
            "relative-type--1": "dim. dernier",
            "relative-type-0": "ce dim.",
            "relative-type-1": "dim. prochain",
            "relativeTime-type-future": {
              "relativeTimePattern-count-one": "dans {0} dim.",
              "relativeTimePattern-count-other": "dans {0} dim."
            },
            "relativeTime-type-past": {
              "relativeTimePattern-count-one": "il y a {0} dim.",
              "relativeTimePattern-count-other": "il y a {0} dim."
            }
          },
          "mon": {
            "relative-type--1": "lundi dernier",
            "relative-type-0": "ce lundi",
            "relative-type-1": "lundi prochain",
            "relativeTime-type-future": {
              "relativeTimePattern-count-one": "dans {0} lundi",
              "relativeTimePattern-count-other": "dans {0} lundis"
            },
            "relativeTime-type-past": {
              "relativeTimePattern-count-one": "il y a {0} lundi",
              "relativeTimePattern-count-other": "il y a {0} lundis"
            }
          },
          "mon-short": {
            "relative-type--1": "lun. dernier",
            "relative-type-0": "ce lun.",
            "relative-type-1": "lun. prochain",
            "relativeTime-type-future": {
              "relativeTimePattern-count-one": "dans {0} lun.",
              "relativeTimePattern-count-other": "dans {0} lun."
            },
            "relativeTime-type-past": {
              "relativeTimePattern-count-one": "il y a {0} lun.",
              "relativeTimePattern-count-other": "il y a {0} lun."
            }
          },
          "mon-narrow": {
            "relative-type--1": "lun. dernier",
            "relative-type-0": "ce lun.",
            "relative-type-1": "lun. prochain",
            "relativeTime-type-future": {
              "relativeTimePattern-count-one": "dans {0} lun.",
              "relativeTimePattern-count-other": "dans {0} lun."
            },
            "relativeTime-type-past": {
              "relativeTimePattern-count-one": "il y a {0} lun.",
              "relativeTimePattern-count-other": "il y a {0} lun."
            }
          },
          "tue": {
            "relative-type--1": "mardi dernier",
            "relative-type-0": "ce mardi",
            "relative-type-1": "mardi prochain",
            "relativeTime-type-future": {
              "relativeTimePattern-count-one": "dans {0} mardi",
              "relativeTimePattern-count-other": "dans {0} mardis"
            },
            "relativeTime-type-past": {
              "relativeTimePattern-count-one": "il y a {0} mardi",
              "relativeTimePattern-count-other": "il y a {0} mardis"
            }
          },
          "tue-short": {
            "relative-type--1": "mar. dernier",
            "relative-type-0": "ce mar.",
            "relative-type-1": "mar. prochain",
            "relativeTime-type-future": {
              "relativeTimePattern-count-one": "dans {0} mar.",
              "relativeTimePattern-count-other": "dans {0} mar."
            },
            "relativeTime-type-past": {
              "relativeTimePattern-count-one": "il y a {0} mar.",
              "relativeTimePattern-count-other": "il y a {0} mar."
            }
          },
          "tue-narrow": {
            "relative-type--1": "mar. dernier",
            "relative-type-0": "ce mar.",
            "relative-type-1": "mar. prochain",
            "relativeTime-type-future": {
              "relativeTimePattern-count-one": "dans {0} mar.",
              "relativeTimePattern-count-other": "dans {0} mar."
            },
            "relativeTime-type-past": {
              "relativeTimePattern-count-one": "il y a {0} mar.",
              "relativeTimePattern-count-other": "il y a {0} mar."
            }
          },
          "wed": {
            "relative-type--1": "mercredi dernier",
            "relative-type-0": "ce mercredi",
            "relative-type-1": "mercredi prochain",
            "relativeTime-type-future": {
              "relativeTimePattern-count-one": "dans {0} mercredi",
              "relativeTimePattern-count-other": "dans {0} mercredis"
            },
            "relativeTime-type-past": {
              "relativeTimePattern-count-one": "il y a {0} mercredi",
              "relativeTimePattern-count-other": "il y a {0} mercredis"
            }
          },
          "wed-short": {
            "relative-type--1": "mer. dernier",
            "relative-type-0": "ce mer.",
            "relative-type-1": "mer. prochain",
            "relativeTime-type-future": {
              "relativeTimePattern-count-one": "dans {0} mer.",
              "relativeTimePattern-count-other": "dans {0} mer."
            },
            "relativeTime-type-past": {
              "relativeTimePattern-count-one": "il y a {0} mer.",
              "relativeTimePattern-count-other": "il y a {0} mer."
            }
          },
          "wed-narrow": {
            "relative-type--1": "mer. dernier",
            "relative-type-0": "ce mer.",
            "relative-type-1": "mer. prochain",
            "relativeTime-type-future": {
              "relativeTimePattern-count-one": "dans {0} mer.",
              "relativeTimePattern-count-other": "dans {0} mer."
            },
            "relativeTime-type-past": {
              "relativeTimePattern-count-one": "il y a {0} mer.",
              "relativeTimePattern-count-other": "il y a {0} mer."
            }
          },
          "thu": {
            "relative-type--1": "jeudi dernier",
            "relative-type-0": "ce jeudi",
            "relative-type-1": "jeudi prochain",
            "relativeTime-type-future": {
              "relativeTimePattern-count-one": "dans {0} jeudi",
              "relativeTimePattern-count-other": "dans {0} jeudis"
            },
            "relativeTime-type-past": {
              "relativeTimePattern-count-one": "il y a {0} jeudi",
              "relativeTimePattern-count-other": "il y a {0} jeudis"
            }
          },
          "thu-short": {
            "relative-type--1": "jeu. dernier",
            "relative-type-0": "ce jeu.",
            "relative-type-1": "jeu. prochain",
            "relativeTime-type-future": {
              "relativeTimePattern-count-one": "dans {0} jeu.",
              "relativeTimePattern-count-other": "dans {0} jeu."
            },
            "relativeTime-type-past": {
              "relativeTimePattern-count-one": "il y a {0} jeu.",
              "relativeTimePattern-count-other": "il y a {0} jeu."
            }
          },
          "thu-narrow": {
            "relative-type--1": "jeu. dernier",
            "relative-type-0": "ce jeu.",
            "relative-type-1": "jeu. prochain",
            "relativeTime-type-future": {
              "relativeTimePattern-count-one": "dans {0} jeu.",
              "relativeTimePattern-count-other": "dans {0} jeu."
            },
            "relativeTime-type-past": {
              "relativeTimePattern-count-one": "il y a {0} jeu.",
              "relativeTimePattern-count-other": "il y a {0} jeu."
            }
          },
          "fri": {
            "relative-type--1": "vendredi dernier",
            "relative-type-0": "ce vendredi",
            "relative-type-1": "vendredi prochain",
            "relativeTime-type-future": {
              "relativeTimePattern-count-one": "dans {0} vendredi",
              "relativeTimePattern-count-other": "dans {0} vendredis"
            },
            "relativeTime-type-past": {
              "relativeTimePattern-count-one": "il y a {0} vendredi",
              "relativeTimePattern-count-other": "il y a {0} vendredis"
            }
          },
          "fri-short": {
            "relative-type--1": "ven. dernier",
            "relative-type-0": "ce ven.",
            "relative-type-1": "ven. prochain",
            "relativeTime-type-future": {
              "relativeTimePattern-count-one": "dans {0} ven.",
              "relativeTimePattern-count-other": "dans {0} ven."
            },
            "relativeTime-type-past": {
              "relativeTimePattern-count-one": "il y a {0} ven.",
              "relativeTimePattern-count-other": "il y a {0} ven."
            }
          },
          "fri-narrow": {
            "relative-type--1": "ven. dernier",
            "relative-type-0": "ce ven.",
            "relative-type-1": "ven. prochain",
            "relativeTime-type-future": {
              "relativeTimePattern-count-one": "dans {0} ven.",
              "relativeTimePattern-count-other": "dans {0} ven."
            },
            "relativeTime-type-past": {
              "relativeTimePattern-count-one": "il y a {0} ven.",
              "relativeTimePattern-count-other": "il y a {0} ven."
            }
          },
          "sat": {
            "relative-type--1": "samedi dernier",
            "relative-type-0": "ce samedi",
            "relative-type-1": "samedi prochain",
            "relativeTime-type-future": {
              "relativeTimePattern-count-one": "dans {0} samedi",
              "relativeTimePattern-count-other": "dans {0} samedis"
            },
            "relativeTime-type-past": {
              "relativeTimePattern-count-one": "il y a {0} samedi",
              "relativeTimePattern-count-other": "il y a {0} samedis"
            }
          },
          "sat-short": {
            "relative-type--1": "sam. dernier",
            "relative-type-0": "ce sam.",
            "relative-type-1": "sam. prochain",
            "relativeTime-type-future": {
              "relativeTimePattern-count-one": "dans {0} sam.",
              "relativeTimePattern-count-other": "dans {0} sam."
            },
            "relativeTime-type-past": {
              "relativeTimePattern-count-one": "dans {0} sam.",
              "relativeTimePattern-count-other": "dans {0} sam."
            }
          },
          "sat-narrow": {
            "relative-type--1": "sam. dernier",
            "relative-type-0": "ce sam.",
            "relative-type-1": "sam. prochain",
            "relativeTime-type-future": {
              "relativeTimePattern-count-one": "dans {0} sam.",
              "relativeTimePattern-count-other": "dans {0} sam."
            },
            "relativeTime-type-past": {
              "relativeTimePattern-count-one": "il y a {0} sam.",
              "relativeTimePattern-count-other": "il y a {0} sam."
            }
          },
          "dayperiod-short": {
            "displayName": "cadran"
          },
          "dayperiod": {
            "displayName": "cadran"
          },
          "dayperiod-narrow": {
            "displayName": "cadran"
          },
          "hour": {
            "displayName": "heure",
            "relative-type-0": "cette heure-ci",
            "relativeTime-type-future": {
              "relativeTimePattern-count-one": "dans {0} heure",
              "relativeTimePattern-count-other": "dans {0} heures"
            },
            "relativeTime-type-past": {
              "relativeTimePattern-count-one": "il y a {0} heure",
              "relativeTimePattern-count-other": "il y a {0} heures"
            }
          },
          "hour-short": {
            "displayName": "h",
            "relative-type-0": "cette heure-ci",
            "relativeTime-type-future": {
              "relativeTimePattern-count-one": "dans {0} h",
              "relativeTimePattern-count-other": "dans {0} h"
            },
            "relativeTime-type-past": {
              "relativeTimePattern-count-one": "il y a {0} h",
              "relativeTimePattern-count-other": "il y a {0} h"
            }
          },
          "hour-narrow": {
            "displayName": "h",
            "relative-type-0": "cette heure-ci",
            "relativeTime-type-future": {
              "relativeTimePattern-count-one": "+{0} h",
              "relativeTimePattern-count-other": "+{0} h"
            },
            "relativeTime-type-past": {
              "relativeTimePattern-count-one": "-{0} h",
              "relativeTimePattern-count-other": "-{0} h"
            }
          },
          "minute": {
            "displayName": "minute",
            "relative-type-0": "cette minute-ci",
            "relativeTime-type-future": {
              "relativeTimePattern-count-one": "dans {0} minute",
              "relativeTimePattern-count-other": "dans {0} minutes"
            },
            "relativeTime-type-past": {
              "relativeTimePattern-count-one": "il y a {0} minute",
              "relativeTimePattern-count-other": "il y a {0} minutes"
            }
          },
          "minute-short": {
            "displayName": "min",
            "relative-type-0": "cette minute-ci",
            "relativeTime-type-future": {
              "relativeTimePattern-count-one": "dans {0} min",
              "relativeTimePattern-count-other": "dans {0} min"
            },
            "relativeTime-type-past": {
              "relativeTimePattern-count-one": "il y a {0} min",
              "relativeTimePattern-count-other": "il y a {0} min"
            }
          },
          "minute-narrow": {
            "displayName": "min",
            "relative-type-0": "cette minute-ci",
            "relativeTime-type-future": {
              "relativeTimePattern-count-one": "+{0} min",
              "relativeTimePattern-count-other": "+{0} min"
            },
            "relativeTime-type-past": {
              "relativeTimePattern-count-one": "-{0} min",
              "relativeTimePattern-count-other": "-{0} min"
            }
          },
          "second": {
            "displayName": "seconde",
            "relative-type-0": "maintenant",
            "relativeTime-type-future": {
              "relativeTimePattern-count-one": "dans {0} seconde",
              "relativeTimePattern-count-other": "dans {0} secondes"
            },
            "relativeTime-type-past": {
              "relativeTimePattern-count-one": "il y a {0} seconde",
              "relativeTimePattern-count-other": "il y a {0} secondes"
            }
          },
          "second-short": {
            "displayName": "s",
            "relative-type-0": "maintenant",
            "relativeTime-type-future": {
              "relativeTimePattern-count-one": "dans {0} s",
              "relativeTimePattern-count-other": "dans {0} s"
            },
            "relativeTime-type-past": {
              "relativeTimePattern-count-one": "il y a {0} s",
              "relativeTimePattern-count-other": "il y a {0} s"
            }
          },
          "second-narrow": {
            "displayName": "s",
            "relative-type-0": "maintenant",
            "relativeTime-type-future": {
              "relativeTimePattern-count-one": "+{0} s",
              "relativeTimePattern-count-other": "+{0} s"
            },
            "relativeTime-type-past": {
              "relativeTimePattern-count-one": "-{0} s",
              "relativeTimePattern-count-other": "-{0} s"
            }
          },
          "zone": {
            "displayName": "fuseau horaire"
          },
          "zone-short": {
            "displayName": "fuseau horaire"
          },
          "zone-narrow": {
            "displayName": "fuseau horaire"
          }
        }
      }
    }
  }
}
