{
  "main": {
    "ja": {
      "identity": {
        "version": {
          "_number": "$Revision: 13701 $",
          "_cldrVersion": "32.0.1"
        },
        "language": "ja"
      },
      "dates": {
        "calendars": {
          "gregorian": {
            "months": {
              "format": {
                "abbreviated": {
                  "1": "1月",
                  "2": "2月",
                  "3": "3月",
                  "4": "4月",
                  "5": "5月",
                  "6": "6月",
                  "7": "7月",
                  "8": "8月",
                  "9": "9月",
                  "10": "10月",
                  "11": "11月",
                  "12": "12月"
                },
                "narrow": {
                  "1": "1",
                  "2": "2",
                  "3": "3",
                  "4": "4",
                  "5": "5",
                  "6": "6",
                  "7": "7",
                  "8": "8",
                  "9": "9",
                  "10": "10",
                  "11": "11",
                  "12": "12"
                },
                "wide": {
                  "1": "1月",
                  "2": "2月",
                  "3": "3月",
                  "4": "4月",
                  "5": "5月",
                  "6": "6月",
                  "7": "7月",
                  "8": "8月",
                  "9": "9月",
                  "10": "10月",
                  "11": "11月",
                  "12": "12月"
                }
              },
              "stand-alone": {
                "abbreviated": {
                  "1": "1月",
                  "2": "2月",
                  "3": "3月",
                  "4": "4月",
                  "5": "5月",
                  "6": "6月",
                  "7": "7月",
                  "8": "8月",
                  "9": "9月",
                  "10": "10月",
                  "11": "11月",
                  "12": "12月"
                },
                "narrow": {
                  "1": "1",
                  "2": "2",
                  "3": "3",
                  "4": "4",
                  "5": "5",
                  "6": "6",
                  "7": "7",
                  "8": "8",
                  "9": "9",
                  "10": "10",
                  "11": "11",
                  "12": "12"
                },
                "wide": {
                  "1": "1月",
                  "2": "2月",
                  "3": "3月",
                  "4": "4月",
                  "5": "5月",
                  "6": "6月",
                  "7": "7月",
                  "8": "8月",
                  "9": "9月",
                  "10": "10月",
                  "11": "11月",
                  "12": "12月"
                }
              }
            },
            "days": {
              "format": {
                "abbreviated": {
                  "sun": "日",
                  "mon": "月",
                  "tue": "火",
                  "wed": "水",
                  "thu": "木",
                  "fri": "金",
                  "sat": "土"
                },
                "narrow": {
                  "sun": "日",
                  "mon": "月",
                  "tue": "火",
                  "wed": "水",
                  "thu": "木",
                  "fri": "金",
                  "sat": "土"
                },
                "short": {
                  "sun": "日",
                  "mon": "月",
                  "tue": "火",
                  "wed": "水",
                  "thu": "木",
                  "fri": "金",
                  "sat": "土"
                },
                "wide": {
                  "sun": "日曜日",
                  "mon": "月曜日",
                  "tue": "火曜日",
                  "wed": "水曜日",
                  "thu": "木曜日",
                  "fri": "金曜日",
                  "sat": "土曜日"
                }
              },
              "stand-alone": {
                "abbreviated": {
                  "sun": "日",
                  "mon": "月",
                  "tue": "火",
                  "wed": "水",
                  "thu": "木",
                  "fri": "金",
                  "sat": "土"
                },
                "narrow": {
                  "sun": "日",
                  "mon": "月",
                  "tue": "火",
                  "wed": "水",
                  "thu": "木",
                  "fri": "金",
                  "sat": "土"
                },
                "short": {
                  "sun": "日",
                  "mon": "月",
                  "tue": "火",
                  "wed": "水",
                  "thu": "木",
                  "fri": "金",
                  "sat": "土"
                },
                "wide": {
                  "sun": "日曜日",
                  "mon": "月曜日",
                  "tue": "火曜日",
                  "wed": "水曜日",
                  "thu": "木曜日",
                  "fri": "金曜日",
                  "sat": "土曜日"
                }
              }
            },
            "quarters": {
              "format": {
                "abbreviated": {
                  "1": "Q1",
                  "2": "Q2",
                  "3": "Q3",
                  "4": "Q4"
                },
                "narrow": {
                  "1": "1",
                  "2": "2",
                  "3": "3",
                  "4": "4"
                },
                "wide": {
                  "1": "第1四半期",
                  "2": "第2四半期",
                  "3": "第3四半期",
                  "4": "第4四半期"
                }
              },
              "stand-alone": {
                "abbreviated": {
                  "1": "Q1",
                  "2": "Q2",
                  "3": "Q3",
                  "4": "Q4"
                },
                "narrow": {
                  "1": "1",
                  "2": "2",
                  "3": "3",
                  "4": "4"
                },
                "wide": {
                  "1": "第1四半期",
                  "2": "第2四半期",
                  "3": "第3四半期",
                  "4": "第4四半期"
                }
              }
            },
            "dayPeriods": {
              "format": {
                "abbreviated": {
                  "midnight": "真夜中",
                  "am": "午前",
                  "noon": "正午",
                  "pm": "午後",
                  "morning1": "朝",
                  "afternoon1": "昼",
                  "evening1": "夕方",
                  "night1": "夜",
                  "night2": "夜中"
                },
                "narrow": {
                  "midnight": "真夜中",
                  "am": "午前",
                  "noon": "正午",
                  "pm": "午後",
                  "morning1": "朝",
                  "afternoon1": "昼",
                  "evening1": "夕方",
                  "night1": "夜",
                  "night2": "夜中"
                },
                "wide": {
                  "midnight": "真夜中",
                  "am": "午前",
                  "noon": "正午",
                  "pm": "午後",
                  "morning1": "朝",
                  "afternoon1": "昼",
                  "evening1": "夕方",
                  "night1": "夜",
                  "night2": "夜中"
                }
              },
              "stand-alone": {
                "abbreviated": {
                  "midnight": "真夜中",
                  "am": "午前",
                  "noon": "正午",
                  "pm": "午後",
                  "morning1": "朝",
                  "afternoon1": "昼",
                  "evening1": "夕方",
                  "night1": "夜",
                  "night2": "夜中"
                },
                "narrow": {
                  "midnight": "真夜中",
                  "am": "午前",
                  "noon": "正午",
                  "pm": "午後",
                  "morning1": "朝",
                  "afternoon1": "昼",
                  "evening1": "夕方",
                  "night1": "夜",
                  "night2": "夜中"
                },
                "wide": {
                  "midnight": "真夜中",
                  "am": "午前",
                  "noon": "正午",
                  "pm": "午後",
                  "morning1": "朝",
                  "afternoon1": "昼",
                  "evening1": "夕方",
                  "night1": "夜",
                  "night2": "夜中"
                }
              }
            },
            "eras": {
              "eraNames": {
                "0": "紀元前",
                "0-alt-variant": "西暦紀元前",
                "1": "西暦",
                "1-alt-variant": "西暦紀元"
              },
              "eraAbbr": {
                "0": "紀元前",
                "0-alt-variant": "西暦紀元前",
                "1": "西暦",
                "1-alt-variant": "西暦紀元"
              },
              "eraNarrow": {
                "0": "BC",
                "0-alt-variant": "BCE",
                "1": "AD",
                "1-alt-variant": "CE"
              }
            },
            "dateFormats": {
              "full": "y年M月d日EEEE",
              "long": "y年M月d日",
              "medium": "y/MM/dd",
              "short": "y/MM/dd"
            },
            "timeFormats": {
              "full": "H時mm分ss秒 zzzz",
              "long": "H:mm:ss z",
              "medium": "H:mm:ss",
              "short": "H:mm"
            },
            "dateTimeFormats": {
              "full": "{1} {0}",
              "long": "{1} {0}",
              "medium": "{1} {0}",
              "short": "{1} {0}",
              "availableFormats": {
                "Bh": "BK時",
                "Bhm": "BK:mm",
                "Bhms": "BK:mm:ss",
                "d": "d日",
                "E": "ccc",
                "EBhm": "BK:mm (E)",
                "EBhms": "BK:mm:ss (E)",
                "Ed": "d日(E)",
                "EEEEd": "d日EEEE",
                "Ehm": "aK:mm (E)",
                "EHm": "H:mm (E)",
                "Ehms": "aK:mm:ss (E)",
                "EHms": "H:mm:ss (E)",
                "Gy": "Gy年",
                "GyMMM": "Gy年M月",
                "GyMMMd": "Gy年M月d日",
                "GyMMMEd": "Gy年M月d日(E)",
                "GyMMMEEEEd": "Gy年M月d日EEEE",
                "h": "aK時",
                "H": "H時",
                "hm": "aK:mm",
                "Hm": "H:mm",
                "hms": "aK:mm:ss",
                "Hms": "H:mm:ss",
                "hmsv": "aK:mm:ss v",
                "Hmsv": "H:mm:ss v",
                "hmv": "aK:mm v",
                "Hmv": "H:mm v",
                "M": "M月",
                "Md": "M/d",
                "MEd": "M/d(E)",
                "MEEEEd": "M/dEEEE",
                "MMM": "M月",
                "MMMd": "M月d日",
                "MMMEd": "M月d日(E)",
                "MMMEEEEd": "M月d日EEEE",
                "MMMMd": "M月d日",
                "MMMMW-count-other": "M月第W週",
                "ms": "mm:ss",
                "y": "y年",
                "yM": "y/M",
                "yMd": "y/M/d",
                "yMEd": "y/M/d(E)",
                "yMEEEEd": "y/M/dEEEE",
                "yMM": "y/MM",
                "yMMM": "y年M月",
                "yMMMd": "y年M月d日",
                "yMMMEd": "y年M月d日(E)",
                "yMMMEEEEd": "y年M月d日EEEE",
                "yMMMM": "y年M月",
                "yQQQ": "y/QQQ",
                "yQQQQ": "y年QQQQ",
                "yw-count-other": "Y年第w週"
              },
              "appendItems": {
                "Day": "{0} ({2}: {1})",
                "Day-Of-Week": "{0} {1}",
                "Era": "{1} {0}",
                "Hour": "{0} ({2}: {1})",
                "Minute": "{0} ({2}: {1})",
                "Month": "{0} ({2}: {1})",
                "Quarter": "{0} ({2}: {1})",
                "Second": "{0} ({2}: {1})",
                "Timezone": "{0} {1}",
                "Week": "{0} ({2}: {1})",
                "Year": "{1} {0}"
              },
              "intervalFormats": {
                "intervalFormatFallback": "{0}～{1}",
                "d": {
                  "d": "d日～d日"
                },
                "h": {
                  "a": "aK時～aK時",
                  "h": "aK時～K時"
                },
                "H": {
                  "H": "H時～H時"
                },
                "hm": {
                  "a": "aK時mm分～aK時mm分",
                  "h": "aK時mm分～K時mm分",
                  "m": "aK時mm分～K時mm分"
                },
                "Hm": {
                  "H": "H時mm分～H時mm分",
                  "m": "H時mm分～H時mm分"
                },
                "hmv": {
                  "a": "aK時mm分～aK時mm分(v)",
                  "h": "aK時mm分～K時mm分(v)",
                  "m": "aK時mm分～K時mm分(v)"
                },
                "Hmv": {
                  "H": "H時mm分～H時mm分(v)",
                  "m": "H時mm分～H時mm分(v)"
                },
                "hv": {
                  "a": "aK時～aK時(v)",
                  "h": "aK時～K時(v)"
                },
                "Hv": {
                  "H": "H時～H時(v)"
                },
                "M": {
                  "M": "M月～M月"
                },
                "Md": {
                  "d": "MM/dd～MM/dd",
                  "M": "MM/dd～MM/dd"
                },
                "MEd": {
                  "d": "MM/dd(E)～MM/dd(E)",
                  "M": "MM/dd(E)～MM/dd(E)"
                },
                "MMM": {
                  "M": "M月～M月"
                },
                "MMMd": {
                  "d": "M月d日～d日",
                  "M": "M月d日～M月d日"
                },
                "MMMEd": {
                  "d": "M月d日(E)～d日(E)",
                  "M": "M月d日(E)～M月d日(E)"
                },
                "MMMM": {
                  "M": "M月～M月"
                },
                "y": {
                  "y": "y年～y年"
                },
                "yM": {
                  "M": "y/MM～y/MM",
                  "y": "y/MM～y/MM"
                },
                "yMd": {
                  "d": "y/MM/dd～y/MM/dd",
                  "M": "y/MM/dd～y/MM/dd",
                  "y": "y/MM/dd～y/MM/dd"
                },
                "yMEd": {
                  "d": "y/MM/dd(E)～y/MM/dd(E)",
                  "M": "y/MM/dd(E)～y/MM/dd(E)",
                  "y": "y/MM/dd(E)～y/MM/dd(E)"
                },
                "yMMM": {
                  "M": "y年M月～M月",
                  "y": "y年M月～y年M月"
                },
                "yMMMd": {
                  "d": "y年M月d日～d日",
                  "M": "y年M月d日～M月d日",
                  "y": "y年M月d日～y年M月d日"
                },
                "yMMMEd": {
                  "d": "y年M月d日(E)～d日(E)",
                  "M": "y年M月d日(E)～M月d日(E)",
                  "y": "y年M月d日(E)～y年M月d日(E)"
                },
                "yMMMM": {
                  "M": "y年M月～M月",
                  "y": "y年M月～y年M月"
                }
              }
            }
          }
        }
      }
    }
  }
}
