{
  "main": {
    "th": {
      "identity": {
        "version": {
          "_number": "$Revision: 13756 $",
          "_cldrVersion": "32.0.1"
        },
        "language": "th"
      },
      "dates": {
        "calendars": {
          "gregorian": {
            "months": {
              "format": {
                "abbreviated": {
                  "1": "ม.ค.",
                  "2": "ก.พ.",
                  "3": "มี.ค.",
                  "4": "เม.ย.",
                  "5": "พ.ค.",
                  "6": "มิ.ย.",
                  "7": "ก.ค.",
                  "8": "ส.ค.",
                  "9": "ก.ย.",
                  "10": "ต.ค.",
                  "11": "พ.ย.",
                  "12": "ธ.ค."
                },
                "narrow": {
                  "1": "ม.ค.",
                  "2": "ก.พ.",
                  "3": "มี.ค.",
                  "4": "เม.ย.",
                  "5": "พ.ค.",
                  "6": "มิ.ย.",
                  "7": "ก.ค.",
                  "8": "ส.ค.",
                  "9": "ก.ย.",
                  "10": "ต.ค.",
                  "11": "พ.ย.",
                  "12": "ธ.ค."
                },
                "wide": {
                  "1": "มกราคม",
                  "2": "กุมภาพันธ์",
                  "3": "มีนาคม",
                  "4": "เมษายน",
                  "5": "พฤษภาคม",
                  "6": "มิถุนายน",
                  "7": "กรกฎาคม",
                  "8": "สิงหาคม",
                  "9": "กันยายน",
                  "10": "ตุลาคม",
                  "11": "พฤศจิกายน",
                  "12": "ธันวาคม"
                }
              },
              "stand-alone": {
                "abbreviated": {
                  "1": "ม.ค.",
                  "2": "ก.พ.",
                  "3": "มี.ค.",
                  "4": "เม.ย.",
                  "5": "พ.ค.",
                  "6": "มิ.ย.",
                  "7": "ก.ค.",
                  "8": "ส.ค.",
                  "9": "ก.ย.",
                  "10": "ต.ค.",
                  "11": "พ.ย.",
                  "12": "ธ.ค."
                },
                "narrow": {
                  "1": "ม.ค.",
                  "2": "ก.พ.",
                  "3": "มี.ค.",
                  "4": "เม.ย.",
                  "5": "พ.ค.",
                  "6": "มิ.ย.",
                  "7": "ก.ค.",
                  "8": "ส.ค.",
                  "9": "ก.ย.",
                  "10": "ต.ค.",
                  "11": "พ.ย.",
                  "12": "ธ.ค."
                },
                "wide": {
                  "1": "มกราคม",
                  "2": "กุมภาพันธ์",
                  "3": "มีนาคม",
                  "4": "เมษายน",
                  "5": "พฤษภาคม",
                  "6": "มิถุนายน",
                  "7": "กรกฎาคม",
                  "8": "สิงหาคม",
                  "9": "กันยายน",
                  "10": "ตุลาคม",
                  "11": "พฤศจิกายน",
                  "12": "ธันวาคม"
                }
              }
            },
            "days": {
              "format": {
                "abbreviated": {
                  "sun": "อา.",
                  "mon": "จ.",
                  "tue": "อ.",
                  "wed": "พ.",
                  "thu": "พฤ.",
                  "fri": "ศ.",
                  "sat": "ส."
                },
                "narrow": {
                  "sun": "อา",
                  "mon": "จ",
                  "tue": "อ",
                  "wed": "พ",
                  "thu": "พฤ",
                  "fri": "ศ",
                  "sat": "ส"
                },
                "short": {
                  "sun": "อา.",
                  "mon": "จ.",
                  "tue": "อ.",
                  "wed": "พ.",
                  "thu": "พฤ.",
                  "fri": "ศ.",
                  "sat": "ส."
                },
                "wide": {
                  "sun": "วันอาทิตย์",
                  "mon": "วันจันทร์",
                  "tue": "วันอังคาร",
                  "wed": "วันพุธ",
                  "thu": "วันพฤหัสบดี",
                  "fri": "วันศุกร์",
                  "sat": "วันเสาร์"
                }
              },
              "stand-alone": {
                "abbreviated": {
                  "sun": "อา.",
                  "mon": "จ.",
                  "tue": "อ.",
                  "wed": "พ.",
                  "thu": "พฤ.",
                  "fri": "ศ.",
                  "sat": "ส."
                },
                "narrow": {
                  "sun": "อา",
                  "mon": "จ",
                  "tue": "อ",
                  "wed": "พ",
                  "thu": "พฤ",
                  "fri": "ศ",
                  "sat": "ส"
                },
                "short": {
                  "sun": "อา.",
                  "mon": "จ.",
                  "tue": "อ.",
                  "wed": "พ.",
                  "thu": "พฤ.",
                  "fri": "ศ.",
                  "sat": "ส."
                },
                "wide": {
                  "sun": "วันอาทิตย์",
                  "mon": "วันจันทร์",
                  "tue": "วันอังคาร",
                  "wed": "วันพุธ",
                  "thu": "วันพฤหัสบดี",
                  "fri": "วันศุกร์",
                  "sat": "วันเสาร์"
                }
              }
            },
            "quarters": {
              "format": {
                "abbreviated": {
                  "1": "ไตรมาส 1",
                  "2": "ไตรมาส 2",
                  "3": "ไตรมาส 3",
                  "4": "ไตรมาส 4"
                },
                "narrow": {
                  "1": "1",
                  "2": "2",
                  "3": "3",
                  "4": "4"
                },
                "wide": {
                  "1": "ไตรมาส 1",
                  "2": "ไตรมาส 2",
                  "3": "ไตรมาส 3",
                  "4": "ไตรมาส 4"
                }
              },
              "stand-alone": {
                "abbreviated": {
                  "1": "ไตรมาส 1",
                  "2": "ไตรมาส 2",
                  "3": "ไตรมาส 3",
                  "4": "ไตรมาส 4"
                },
                "narrow": {
                  "1": "1",
                  "2": "2",
                  "3": "3",
                  "4": "4"
                },
                "wide": {
                  "1": "ไตรมาส 1",
                  "2": "ไตรมาส 2",
                  "3": "ไตรมาส 3",
                  "4": "ไตรมาส 4"
                }
              }
            },
            "dayPeriods": {
              "format": {
                "abbreviated": {
                  "midnight": "เที่ยงคืน",
                  "am": "ก่อนเที่ยง",
                  "noon": "เที่ยง",
                  "pm": "หลังเที่ยง",
                  "morning1": "ในตอนเช้า",
                  "afternoon1": "ในตอนบ่าย",
                  "afternoon2": "บ่าย",
                  "evening1": "ในตอนเย็น",
                  "evening2": "ค่ำ",
                  "night1": "กลางคืน"
                },
                "narrow": {
                  "midnight": "เที่ยงคืน",
                  "am": "a",
                  "noon": "n",
                  "pm": "p",
                  "morning1": "เช้า",
                  "afternoon1": "เที่ยง",
                  "afternoon2": "บ่าย",
                  "evening1": "เย็น",
                  "evening2": "ค่ำ",
                  "night1": "กลางคืน"
                },
                "wide": {
                  "midnight": "เที่ยงคืน",
                  "am": "ก่อนเที่ยง",
                  "noon": "เที่ยง",
                  "pm": "หลังเที่ยง",
                  "morning1": "ในตอนเช้า",
                  "afternoon1": "ในตอนบ่าย",
                  "afternoon2": "บ่าย",
                  "evening1": "ในตอนเย็น",
                  "evening2": "ค่ำ",
                  "night1": "กลางคืน"
                }
              },
              "stand-alone": {
                "abbreviated": {
                  "midnight": "เที่ยงคืน",
                  "am": "ก่อนเที่ยง",
                  "noon": "เที่ยง",
                  "pm": "หลังเที่ยง",
                  "morning1": "ในตอนเช้า",
                  "afternoon1": "ในตอนบ่าย",
                  "afternoon2": "บ่าย",
                  "evening1": "ในตอนเย็น",
                  "evening2": "ค่ำ",
                  "night1": "กลางคืน"
                },
                "narrow": {
                  "midnight": "เที่ยงคืน",
                  "am": "ก่อนเที่ยง",
                  "noon": "เที่ยง",
                  "pm": "หลังเที่ยง",
                  "morning1": "เช้า",
                  "afternoon1": "ช่วงเที่ยง",
                  "afternoon2": "บ่าย",
                  "evening1": "เย็น",
                  "evening2": "ค่ำ",
                  "night1": "กลางคืน"
                },
                "wide": {
                  "midnight": "เที่ยงคืน",
                  "am": "ก่อนเที่ยง",
                  "noon": "เที่ยง",
                  "pm": "หลังเที่ยง",
                  "morning1": "ในตอนเช้า",
                  "afternoon1": "ในตอนบ่าย",
                  "afternoon2": "บ่าย",
                  "evening1": "ในตอนเย็น",
                  "evening2": "ค่ำ",
                  "night1": "กลางคืน"
                }
              }
            },
            "eras": {
              "eraNames": {
                "0": "ปีก่อนคริสต์ศักราช",
                "0-alt-variant": "ก่อนสามัญศักราช",
                "1": "คริสต์ศักราช",
                "1-alt-variant": "สามัญศักราช"
              },
              "eraAbbr": {
                "0": "ปีก่อน ค.ศ.",
                "0-alt-variant": "ก.ส.ศ.",
                "1": "ค.ศ.",
                "1-alt-variant": "ส.ศ."
              },
              "eraNarrow": {
                "0": "ก่อน ค.ศ.",
                "0-alt-variant": "ก.ส.ศ.",
                "1": "ค.ศ.",
                "1-alt-variant": "ส.ศ."
              }
            },
            "dateFormats": {
              "full": "EEEEที่ d MMMM G y",
              "long": "d MMMM G y",
              "medium": "d MMM y",
              "short": "d/M/yy"
            },
            "timeFormats": {
              "full": "H นาฬิกา mm นาที ss วินาที zzzz",
              "long": "H นาฬิกา mm นาที ss วินาที z",
              "medium": "HH:mm:ss",
              "short": "HH:mm"
            },
            "dateTimeFormats": {
              "full": "{1} {0}",
              "long": "{1} {0}",
              "medium": "{1} {0}",
              "short": "{1} {0}",
              "availableFormats": {
                "Bh": "h B",
                "Bhm": "h:mm B",
                "Bhms": "h:mm:ss B",
                "d": "d",
                "E": "ccc",
                "EBhm": "E h:mm B",
                "EBhms": "E h:mm:ss B",
                "Ed": "E d",
                "Ehm": "E h:mm a",
                "EHm": "E HH:mm น.",
                "Ehms": "E h:mm:ss a",
                "EHms": "E HH:mm:ss",
                "Gy": "G y",
                "GyMMM": "MMM G y",
                "GyMMMd": "d MMM G y",
                "GyMMMEd": "E d MMM G y",
                "GyMMMEEEEd": "EEEEที่ d MMM G y",
                "h": "h a",
                "H": "HH",
                "hm": "h:mm a",
                "Hm": "HH:mm น.",
                "hms": "h:mm:ss a",
                "Hms": "HH:mm:ss",
                "hmsv": "h:mm:ss a v",
                "Hmsv": "HH:mm:ss v",
                "hmv": "h:mm น. a v",
                "Hmv": "HH:mm v",
                "M": "L",
                "Md": "d/M",
                "MEd": "E d/M",
                "MMM": "LLL",
                "MMMd": "d MMM",
                "MMMEd": "E d MMM",
                "MMMEEEEd": "EEEEที่ d MMM",
                "MMMMd": "d MMMM",
                "MMMMEd": "E d MMMM",
                "MMMMEEEEd": "EEEEที่ d MMMM",
                "MMMMW-count-other": "สัปดาห์ที่ W ของ MMM",
                "mmss": "mm:ss",
                "ms": "mm:ss",
                "y": "y",
                "yM": "M/y",
                "yMd": "d/M/y",
                "yMEd": "E d/M/y",
                "yMMM": "MMM y",
                "yMMMd": "d MMM y",
                "yMMMEd": "E d MMM y",
                "yMMMEEEEd": "EEEEที่ d MMM y",
                "yMMMM": "MMMM G y",
                "yMMMMd": "d MMMM G y",
                "yMMMMEd": "E d MMMM G y",
                "yMMMMEEEEd": "EEEEที่ d MMMM G y",
                "yQQQ": "QQQ y",
                "yQQQQ": "QQQQ G y",
                "yw-count-other": "สัปดาห์ที่ w ของ Y"
              },
              "appendItems": {
                "Day": "{0} ({2}: {1})",
                "Day-Of-Week": "{0} {1}",
                "Era": "{1} {0}",
                "Hour": "{0} ({2}: {1})",
                "Minute": "{0} ({2}: {1})",
                "Month": "{0} ({2}: {1})",
                "Quarter": "{0} ({2}: {1})",
                "Second": "{0} ({2}: {1})",
                "Timezone": "{0} {1}",
                "Week": "{0} ({2}: {1})",
                "Year": "{1} {0}"
              },
              "intervalFormats": {
                "intervalFormatFallback": "{0} – {1}",
                "d": {
                  "d": "d–d"
                },
                "h": {
                  "a": "h a – h a",
                  "h": "h–h a"
                },
                "H": {
                  "H": "HH–HH"
                },
                "hm": {
                  "a": "h:mm a – h:mm a",
                  "h": "h:mm–h:mm a",
                  "m": "h:mm–h:mm a"
                },
                "Hm": {
                  "H": "HH:mm น. – HH:mm น.",
                  "m": "HH:mm น. – HH:mm น."
                },
                "hmv": {
                  "a": "h:mm a – h:mm a v",
                  "h": "h:mm–h:mm a v",
                  "m": "h:mm–h:mm a v"
                },
                "Hmv": {
                  "H": "H:mm น. – H:mm น. v",
                  "m": "H:mm น. – H:mm น. v"
                },
                "hv": {
                  "a": "h a – h a v",
                  "h": "h–h a v"
                },
                "Hv": {
                  "H": "HH–HH v"
                },
                "M": {
                  "M": "M–M"
                },
                "Md": {
                  "d": "d/M – d/M",
                  "M": "d/M – d/M"
                },
                "MEd": {
                  "d": "E d/M – E d/M/",
                  "M": "E d/M – E d/M"
                },
                "MMM": {
                  "M": "MMM – MMM"
                },
                "MMMd": {
                  "d": "MMM d–d",
                  "M": "d MMM – d MMM"
                },
                "MMMEd": {
                  "d": "E d – E d MMM",
                  "M": "E d MMM – E d MMM"
                },
                "MMMEEEEd": {
                  "d": "EEEEที่ d – EEEEที่ d MMM",
                  "M": "EEEEที่ d MMM – EEEEที่ d MMM"
                },
                "y": {
                  "y": "y–y"
                },
                "yM": {
                  "M": "M/y – M/y",
                  "y": "M/y – M/y"
                },
                "yMd": {
                  "d": "d/M/y – d/M/y",
                  "M": "d/M/y – d/M/y",
                  "y": "d/M/y – d/M/y"
                },
                "yMEd": {
                  "d": "E d/M/y – E d/M/y",
                  "M": "E d/M/y – E d/M/y",
                  "y": "E d/M/y – E d/M/y"
                },
                "yMMM": {
                  "M": "MMM–MMM y",
                  "y": "MMM y – MMM y"
                },
                "yMMMd": {
                  "d": "d–d MMM y",
                  "M": "d MMM – d MMM y",
                  "y": "d MMM y – d MMM y"
                },
                "yMMMEd": {
                  "d": "E d MMM – E d MMM y",
                  "M": "E d MMM – E d MMM y",
                  "y": "E d MMM y – E d MMM y"
                },
                "yMMMEEEEd": {
                  "d": "EEEEที่ d – EEEEที่ d MMM y",
                  "M": "EEEEที่ d MMM – EEEEที่ d MMM y",
                  "y": "EEEEที่ d MMM y – EEEEที่ d MMM y"
                },
                "yMMMM": {
                  "M": "MMMM – MMMM y",
                  "y": "MMMM y – MMMM y"
                },
                "yMMMMd": {
                  "d": "d–d MMMM G y",
                  "M": "d MMMM – d MMMM G y",
                  "y": "d MMMM G y – d MMMM y"
                },
                "yMMMMEd": {
                  "d": "E d – E d MMMM G y",
                  "M": "E d MMMM – E d MMMM G y",
                  "y": "E d MMMM G y – E d MMMM y"
                },
                "yMMMMEEEEd": {
                  "d": "EEEEที่ d – EEEEที่ d MMMM G y",
                  "M": "EEEEที่ d MMMM – EEEEที่ d MMMM G y",
                  "y": "EEEEที่ d MMMM G y – EEEEที่ d MMMM y"
                }
              }
            }
          }
        }
      }
    }
  }
}
