{
  "main": {
    "th": {
      "identity": {
        "version": {
          "_number": "$Revision: 13756 $",
          "_cldrVersion": "32.0.1"
        },
        "language": "th"
      },
      "dates": {
        "fields": {
          "era": {
            "displayName": "สมัย"
          },
          "era-short": {
            "displayName": "สมัย"
          },
          "era-narrow": {
            "displayName": "สมัย"
          },
          "year": {
            "displayName": "ปี",
            "relative-type--1": "ปีที่แล้ว",
            "relative-type-0": "ปีนี้",
            "relative-type-1": "ปีหน้า",
            "relativeTime-type-future": {
              "relativeTimePattern-count-other": "ในอีก {0} ปี"
            },
            "relativeTime-type-past": {
              "relativeTimePattern-count-other": "{0} ปีที่แล้ว"
            }
          },
          "year-short": {
            "displayName": "ปี",
            "relative-type--1": "ปีที่แล้ว",
            "relative-type-0": "ปีนี้",
            "relative-type-1": "ปีหน้า",
            "relativeTime-type-future": {
              "relativeTimePattern-count-other": "ใน {0} ปี"
            },
            "relativeTime-type-past": {
              "relativeTimePattern-count-other": "{0} ปีที่แล้ว"
            }
          },
          "year-narrow": {
            "displayName": "ปี",
            "relative-type--1": "ปีที่แล้ว",
            "relative-type-0": "ปีนี้",
            "relative-type-1": "ปีหน้า",
            "relativeTime-type-future": {
              "relativeTimePattern-count-other": "ใน {0} ปี"
            },
            "relativeTime-type-past": {
              "relativeTimePattern-count-other": "{0} ปีที่แล้ว"
            }
          },
          "quarter": {
            "displayName": "ไตรมาส",
            "relative-type--1": "ไตรมาสที่แล้ว",
            "relative-type-0": "ไตรมาสนี้",
            "relative-type-1": "ไตรมาสหน้า",
            "relativeTime-type-future": {
              "relativeTimePattern-count-other": "ในอีก {0} ไตรมาส"
            },
            "relativeTime-type-past": {
              "relativeTimePattern-count-other": "{0} ไตรมาสที่แล้ว"
            }
          },
          "quarter-short": {
            "displayName": "ไตรมาส",
            "relative-type--1": "ไตรมาสที่แล้ว",
            "relative-type-0": "ไตรมาสนี้",
            "relative-type-1": "ไตรมาสหน้า",
            "relativeTime-type-future": {
              "relativeTimePattern-count-other": "ใน {0} ไตรมาส"
            },
            "relativeTime-type-past": {
              "relativeTimePattern-count-other": "{0} ไตรมาสที่แล้ว"
            }
          },
          "quarter-narrow": {
            "displayName": "ไตรมาส",
            "relative-type--1": "ไตรมาสที่แล้ว",
            "relative-type-0": "ไตรมาสนี้",
            "relative-type-1": "ไตรมาสหน้า",
            "relativeTime-type-future": {
              "relativeTimePattern-count-other": "ใน {0} ไตรมาส"
            },
            "relativeTime-type-past": {
              "relativeTimePattern-count-other": "{0} ไตรมาสที่แล้ว"
            }
          },
          "month": {
            "displayName": "เดือน",
            "relative-type--1": "เดือนที่แล้ว",
            "relative-type-0": "เดือนนี้",
            "relative-type-1": "เดือนหน้า",
            "relativeTime-type-future": {
              "relativeTimePattern-count-other": "ในอีก {0} เดือน"
            },
            "relativeTime-type-past": {
              "relativeTimePattern-count-other": "{0} เดือนที่ผ่านมา"
            }
          },
          "month-short": {
            "displayName": "เดือน",
            "relative-type--1": "เดือนที่แล้ว",
            "relative-type-0": "เดือนนี้",
            "relative-type-1": "เดือนหน้า",
            "relativeTime-type-future": {
              "relativeTimePattern-count-other": "ใน {0} เดือน"
            },
            "relativeTime-type-past": {
              "relativeTimePattern-count-other": "{0} เดือนที่แล้ว"
            }
          },
          "month-narrow": {
            "displayName": "เดือน",
            "relative-type--1": "เดือนที่แล้ว",
            "relative-type-0": "เดือนนี้",
            "relative-type-1": "เดือนหน้า",
            "relativeTime-type-future": {
              "relativeTimePattern-count-other": "ใน {0} เดือน"
            },
            "relativeTime-type-past": {
              "relativeTimePattern-count-other": "{0} เดือนที่แล้ว"
            }
          },
          "week": {
            "displayName": "สัปดาห์",
            "relative-type--1": "สัปดาห์ที่แล้ว",
            "relative-type-0": "สัปดาห์นี้",
            "relative-type-1": "สัปดาห์หน้า",
            "relativeTime-type-future": {
              "relativeTimePattern-count-other": "ในอีก {0} สัปดาห์"
            },
            "relativeTime-type-past": {
              "relativeTimePattern-count-other": "{0} สัปดาห์ที่ผ่านมา"
            },
            "relativePeriod": "สัปดาห์ที่เริ่มต้นวันที่"
          },
          "week-short": {
            "displayName": "สัปดาห์",
            "relative-type--1": "สัปดาห์ที่แล้ว",
            "relative-type-0": "สัปดาห์นี้",
            "relative-type-1": "สัปดาห์หน้า",
            "relativeTime-type-future": {
              "relativeTimePattern-count-other": "ใน {0} สัปดาห์"
            },
            "relativeTime-type-past": {
              "relativeTimePattern-count-other": "{0} สัปดาห์ที่แล้ว"
            },
            "relativePeriod": "สัปดาห์ที่เริ่มต้นวันที่"
          },
          "week-narrow": {
            "displayName": "สัปดาห์",
            "relative-type--1": "สัปดาห์ที่แล้ว",
            "relative-type-0": "สัปดาห์นี้",
            "relative-type-1": "สัปดาห์หน้า",
            "relativeTime-type-future": {
              "relativeTimePattern-count-other": "ใน {0} สัปดาห์"
            },
            "relativeTime-type-past": {
              "relativeTimePattern-count-other": "{0} สัปดาห์ที่แล้ว"
            },
            "relativePeriod": "สัปดาห์ที่เริ่มต้นวันที่"
          },
          "weekOfMonth": {
            "displayName": "สัปดาห์ของเดือน"
          },
          "weekOfMonth-short": {
            "displayName": "สัปดาห์ของเดือน"
          },
          "weekOfMonth-narrow": {
            "displayName": "สัปดาห์ของเดือน"
          },
          "day": {
            "displayName": "วัน",
            "relative-type--2": "เมื่อวานซืน",
            "relative-type--1": "เมื่อวาน",
            "relative-type-0": "วันนี้",
            "relative-type-1": "พรุ่งนี้",
            "relative-type-2": "มะรืนนี้",
            "relativeTime-type-future": {
              "relativeTimePattern-count-other": "ในอีก {0} วัน"
            },
            "relativeTime-type-past": {
              "relativeTimePattern-count-other": "{0} วันที่ผ่านมา"
            }
          },
          "day-short": {
            "displayName": "วัน",
            "relative-type--2": "เมื่อวานซืน",
            "relative-type--1": "เมื่อวาน",
            "relative-type-0": "วันนี้",
            "relative-type-1": "พรุ่งนี้",
            "relative-type-2": "มะรืนนี้",
            "relativeTime-type-future": {
              "relativeTimePattern-count-other": "ใน {0} วัน"
            },
            "relativeTime-type-past": {
              "relativeTimePattern-count-other": "{0} วันที่แล้ว"
            }
          },
          "day-narrow": {
            "displayName": "วัน",
            "relative-type--2": "เมื่อวานซืน",
            "relative-type--1": "เมื่อวาน",
            "relative-type-0": "วันนี้",
            "relative-type-1": "พรุ่งนี้",
            "relative-type-2": "มะรืนนี้",
            "relativeTime-type-future": {
              "relativeTimePattern-count-other": "ใน {0} วัน"
            },
            "relativeTime-type-past": {
              "relativeTimePattern-count-other": "{0} วันที่แล้ว"
            }
          },
          "dayOfYear": {
            "displayName": "วันของปี"
          },
          "dayOfYear-short": {
            "displayName": "วันของปี"
          },
          "dayOfYear-narrow": {
            "displayName": "วันของปี"
          },
          "weekday": {
            "displayName": "วันในสัปดาห์"
          },
          "weekday-short": {
            "displayName": "วันของสัปดาห์"
          },
          "weekday-narrow": {
            "displayName": "วันของสัปดาห์"
          },
          "weekdayOfMonth": {
            "displayName": "วันของเดือน"
          },
          "weekdayOfMonth-short": {
            "displayName": "วันของเดือน"
          },
          "weekdayOfMonth-narrow": {
            "displayName": "วันของเดือน"
          },
          "sun": {
            "relative-type--1": "วันอาทิตย์ที่แล้ว",
            "relative-type-0": "วันอาทิตย์นี้",
            "relative-type-1": "วันอาทิตย์หน้า",
            "relativeTime-type-future": {
              "relativeTimePattern-count-other": "วันอาทิตย์ในอีก {0} สัปดาห์"
            },
            "relativeTime-type-past": {
              "relativeTimePattern-count-other": "วันอาทิตย์เมื่อ {0} สัปดาห์ที่แล้ว"
            }
          },
          "sun-short": {
            "relative-type--1": "วันอาทิตย์ที่แล้ว",
            "relative-type-0": "วันอาทิตย์นี้",
            "relative-type-1": "วันอาทิตย์หน้า",
            "relativeTime-type-future": {
              "relativeTimePattern-count-other": "วันอาทิตย์ในอีก {0} สัปดาห์"
            },
            "relativeTime-type-past": {
              "relativeTimePattern-count-other": "วันอาทิตย์เมื่อ {0} สัปดาห์ที่แล้ว"
            }
          },
          "sun-narrow": {
            "relative-type--1": "วันอาทิตย์ที่แล้ว",
            "relative-type-0": "วันอาทิตย์นี้",
            "relative-type-1": "วันอาทิตย์หน้า",
            "relativeTime-type-future": {
              "relativeTimePattern-count-other": "วันอาทิตย์ในอีก {0} สัปดาห์"
            },
            "relativeTime-type-past": {
              "relativeTimePattern-count-other": "วันอาทิตย์เมื่อ {0} สัปดาห์ที่แล้ว"
            }
          },
          "mon": {
            "relative-type--1": "จันทร์ที่แล้ว",
            "relative-type-0": "จันทร์นี้",
            "relative-type-1": "จันทร์หน้า",
            "relativeTime-type-future": {
              "relativeTimePattern-count-other": "ในอีก {0} จันทร์"
            },
            "relativeTime-type-past": {
              "relativeTimePattern-count-other": "{0} จันทร์ที่แล้ว"
            }
          },
          "mon-short": {
            "relative-type--1": "จันทร์ที่แล้ว",
            "relative-type-0": "จันทร์นี้",
            "relative-type-1": "จันทร์หน้า",
            "relativeTime-type-future": {
              "relativeTimePattern-count-other": "ในอีก {0} จันทร์"
            },
            "relativeTime-type-past": {
              "relativeTimePattern-count-other": "{0} จันทร์ที่แล้ว"
            }
          },
          "mon-narrow": {
            "relative-type--1": "จันทร์ที่แล้ว",
            "relative-type-0": "จันทร์นี้",
            "relative-type-1": "จันทร์หน้า",
            "relativeTime-type-future": {
              "relativeTimePattern-count-other": "อีก {0} จันทร์"
            },
            "relativeTime-type-past": {
              "relativeTimePattern-count-other": "{0} จันทร์ที่แล้ว"
            }
          },
          "tue": {
            "relative-type--1": "อังคารที่แล้ว",
            "relative-type-0": "อังคารนี้",
            "relative-type-1": "อังคารหน้า",
            "relativeTime-type-future": {
              "relativeTimePattern-count-other": "ในอีก {0} อังคาร"
            },
            "relativeTime-type-past": {
              "relativeTimePattern-count-other": "{0} อังคารที่แล้ว"
            }
          },
          "tue-short": {
            "relative-type--1": "อังคารที่แล้ว",
            "relative-type-0": "อังคารนี้",
            "relative-type-1": "อังคารหน้า",
            "relativeTime-type-future": {
              "relativeTimePattern-count-other": "ในอีก {0} อังคาร"
            },
            "relativeTime-type-past": {
              "relativeTimePattern-count-other": "{0} อังคารที่แล้ว"
            }
          },
          "tue-narrow": {
            "relative-type--1": "อังคารที่แล้ว",
            "relative-type-0": "อังคารนี้",
            "relative-type-1": "อังคารหน้า",
            "relativeTime-type-future": {
              "relativeTimePattern-count-other": "อีก {0} อังคาร"
            },
            "relativeTime-type-past": {
              "relativeTimePattern-count-other": "{0} อังคารที่แล้ว"
            }
          },
          "wed": {
            "relative-type--1": "พุธที่แล้ว",
            "relative-type-0": "พุธนี้",
            "relative-type-1": "พุธหน้า",
            "relativeTime-type-future": {
              "relativeTimePattern-count-other": "ในอีก {0} พุธ"
            },
            "relativeTime-type-past": {
              "relativeTimePattern-count-other": "{0} พุธที่แล้ว"
            }
          },
          "wed-short": {
            "relative-type--1": "พุธที่แล้ว",
            "relative-type-0": "พุธนี้",
            "relative-type-1": "พุธหน้า",
            "relativeTime-type-future": {
              "relativeTimePattern-count-other": "ในอีก {0} พุธ"
            },
            "relativeTime-type-past": {
              "relativeTimePattern-count-other": "{0} พุธที่แล้ว"
            }
          },
          "wed-narrow": {
            "relative-type--1": "พุธที่แล้ว",
            "relative-type-0": "พุธนี้",
            "relative-type-1": "พุธหน้า",
            "relativeTime-type-future": {
              "relativeTimePattern-count-other": "ในอีก {0} พุธ"
            },
            "relativeTime-type-past": {
              "relativeTimePattern-count-other": "{0} พุธที่แล้ว"
            }
          },
          "thu": {
            "relative-type--1": "พฤหัสที่แล้ว",
            "relative-type-0": "พฤหัสนี้",
            "relative-type-1": "พฤหัสหน้า",
            "relativeTime-type-future": {
              "relativeTimePattern-count-other": "ในอีก {0} พฤหัส"
            },
            "relativeTime-type-past": {
              "relativeTimePattern-count-other": "{0} พฤหัสที่แล้ว"
            }
          },
          "thu-short": {
            "relative-type--1": "พฤหัสที่แล้ว",
            "relative-type-0": "พฤหัสนี้",
            "relative-type-1": "พฤหัสหน้า",
            "relativeTime-type-future": {
              "relativeTimePattern-count-other": "อีก {0} พฤหัส"
            },
            "relativeTime-type-past": {
              "relativeTimePattern-count-other": "{0} พฤหัสที่แล้ว"
            }
          },
          "thu-narrow": {
            "relative-type--1": "พฤหัสที่แล้ว",
            "relative-type-0": "พฤหัสนี้",
            "relative-type-1": "พฤหัสหน้า",
            "relativeTime-type-future": {
              "relativeTimePattern-count-other": "อีก {0} พฤหัส"
            },
            "relativeTime-type-past": {
              "relativeTimePattern-count-other": "{0} พฤหัสที่แล้ว"
            }
          },
          "fri": {
            "relative-type--1": "ศุกร์ที่แล้ว",
            "relative-type-0": "ศุกร์นี้",
            "relative-type-1": "ศุกร์หน้า",
            "relativeTime-type-future": {
              "relativeTimePattern-count-other": "ในอีก {0} ศุกร์"
            },
            "relativeTime-type-past": {
              "relativeTimePattern-count-other": "{0} ศุกร์ที่แล้ว"
            }
          },
          "fri-short": {
            "relative-type--1": "ศุกร์ที่แล้ว",
            "relative-type-0": "ศุกร์นี้",
            "relative-type-1": "ศุกร์หน้า",
            "relativeTime-type-future": {
              "relativeTimePattern-count-other": "ในอีก {0} ศุกร์"
            },
            "relativeTime-type-past": {
              "relativeTimePattern-count-other": "{0} ศุกร์ที่แล้ว"
            }
          },
          "fri-narrow": {
            "relative-type--1": "ศุกร์ที่แล้ว",
            "relative-type-0": "ศุกร์นี้",
            "relative-type-1": "ศุกร์หน้า",
            "relativeTime-type-future": {
              "relativeTimePattern-count-other": "อีก {0} ศุกร์"
            },
            "relativeTime-type-past": {
              "relativeTimePattern-count-other": "{0} ศุกร์ที่แล้ว"
            }
          },
          "sat": {
            "relative-type--1": "เสาร์ที่แล้ว",
            "relative-type-0": "เสาร์นี้",
            "relative-type-1": "เสาร์หน้า",
            "relativeTime-type-future": {
              "relativeTimePattern-count-other": "ในอีก {0} เสาร์"
            },
            "relativeTime-type-past": {
              "relativeTimePattern-count-other": "{0} เสาร์ที่แล้ว"
            }
          },
          "sat-short": {
            "relative-type--1": "เสาร์ที่แล้ว",
            "relative-type-0": "เสาร์นี้",
            "relative-type-1": "เสาร์หน้า",
            "relativeTime-type-future": {
              "relativeTimePattern-count-other": "ในอีก {0} เสาร์"
            },
            "relativeTime-type-past": {
              "relativeTimePattern-count-other": "{0} เสาร์ที่แล้ว"
            }
          },
          "sat-narrow": {
            "relative-type--1": "เสาร์ที่แล้ว",
            "relative-type-0": "เสาร์นี้",
            "relative-type-1": "เสาร์หน้า",
            "relativeTime-type-future": {
              "relativeTimePattern-count-other": "อีก {0} เสาร์"
            },
            "relativeTime-type-past": {
              "relativeTimePattern-count-other": "{0} เสาร์ที่แล้ว"
            }
          },
          "dayperiod-short": {
            "displayName": "ช่วงวัน"
          },
          "dayperiod": {
            "displayName": "ช่วงวัน"
          },
          "dayperiod-narrow": {
            "displayName": "ช่วงวัน"
          },
          "hour": {
            "displayName": "ชั่วโมง",
            "relative-type-0": "ชั่วโมงนี้",
            "relativeTime-type-future": {
              "relativeTimePattern-count-other": "ในอีก {0} ชั่วโมง"
            },
            "relativeTime-type-past": {
              "relativeTimePattern-count-other": "{0} ชั่วโมงที่ผ่านมา"
            }
          },
          "hour-short": {
            "displayName": "ชม.",
            "relative-type-0": "ชั่วโมงนี้",
            "relativeTime-type-future": {
              "relativeTimePattern-count-other": "ใน {0} ชม."
            },
            "relativeTime-type-past": {
              "relativeTimePattern-count-other": "{0} ชม. ที่แล้ว"
            }
          },
          "hour-narrow": {
            "displayName": "ชม.",
            "relative-type-0": "ชั่วโมงนี้",
            "relativeTime-type-future": {
              "relativeTimePattern-count-other": "ใน {0} ชม."
            },
            "relativeTime-type-past": {
              "relativeTimePattern-count-other": "{0} ชม. ที่แล้ว"
            }
          },
          "minute": {
            "displayName": "นาที",
            "relative-type-0": "นาทีนี้",
            "relativeTime-type-future": {
              "relativeTimePattern-count-other": "ในอีก {0} นาที"
            },
            "relativeTime-type-past": {
              "relativeTimePattern-count-other": "{0} นาทีที่ผ่านมา"
            }
          },
          "minute-short": {
            "displayName": "น.",
            "relative-type-0": "นาทีนี้",
            "relativeTime-type-future": {
              "relativeTimePattern-count-other": "ใน {0} นาที"
            },
            "relativeTime-type-past": {
              "relativeTimePattern-count-other": "{0} นาทีที่แล้ว"
            }
          },
          "minute-narrow": {
            "displayName": "น.",
            "relative-type-0": "นาทีนี้",
            "relativeTime-type-future": {
              "relativeTimePattern-count-other": "ใน {0} นาที"
            },
            "relativeTime-type-past": {
              "relativeTimePattern-count-other": "{0} นาทีที่แล้ว"
            }
          },
          "second": {
            "displayName": "วินาที",
            "relative-type-0": "ขณะนี้",
            "relativeTime-type-future": {
              "relativeTimePattern-count-other": "ในอีก {0} วินาที"
            },
            "relativeTime-type-past": {
              "relativeTimePattern-count-other": "{0} วินาทีที่ผ่านมา"
            }
          },
          "second-short": {
            "displayName": "วิ",
            "relative-type-0": "ขณะนี้",
            "relativeTime-type-future": {
              "relativeTimePattern-count-other": "ใน {0} วินาที"
            },
            "relativeTime-type-past": {
              "relativeTimePattern-count-other": "{0} วินาทีที่แล้ว"
            }
          },
          "second-narrow": {
            "displayName": "วิ",
            "relative-type-0": "ขณะนี้",
            "relativeTime-type-future": {
              "relativeTimePattern-count-other": "ใน {0} วินาที"
            },
            "relativeTime-type-past": {
              "relativeTimePattern-count-other": "{0} วินาทีที่แล้ว"
            }
          },
          "zone": {
            "displayName": "เขตเวลา"
          },
          "zone-short": {
            "displayName": "โซน"
          },
          "zone-narrow": {
            "displayName": "เขตเวลา"
          }
        }
      }
    }
  }
}
