{
  "main": {
    "zh": {
      "identity": {
        "version": {
          "_number": "$Revision: 13742 $",
          "_cldrVersion": "32.0.1"
        },
        "language": "zh"
      },
      "dates": {
        "fields": {
          "era": {
            "displayName": "纪元"
          },
          "era-short": {
            "displayName": "纪元"
          },
          "era-narrow": {
            "displayName": "纪元"
          },
          "year": {
            "displayName": "年",
            "relative-type--1": "去年",
            "relative-type-0": "今年",
            "relative-type-1": "明年",
            "relativeTime-type-future": {
              "relativeTimePattern-count-other": "{0}年后"
            },
            "relativeTime-type-past": {
              "relativeTimePattern-count-other": "{0}年前"
            }
          },
          "year-short": {
            "displayName": "年",
            "relative-type--1": "去年",
            "relative-type-0": "今年",
            "relative-type-1": "明年",
            "relativeTime-type-future": {
              "relativeTimePattern-count-other": "{0}年后"
            },
            "relativeTime-type-past": {
              "relativeTimePattern-count-other": "{0}年前"
            }
          },
          "year-narrow": {
            "displayName": "年",
            "relative-type--1": "去年",
            "relative-type-0": "今年",
            "relative-type-1": "明年",
            "relativeTime-type-future": {
              "relativeTimePattern-count-other": "{0}年后"
            },
            "relativeTime-type-past": {
              "relativeTimePattern-count-other": "{0}年前"
            }
          },
          "quarter": {
            "displayName": "季度",
            "relative-type--1": "上季度",
            "relative-type-0": "本季度",
            "relative-type-1": "下季度",
            "relativeTime-type-future": {
              "relativeTimePattern-count-other": "{0}个季度后"
            },
            "relativeTime-type-past": {
              "relativeTimePattern-count-other": "{0}个季度前"
            }
          },
          "quarter-short": {
            "displayName": "季",
            "relative-type--1": "上季度",
            "relative-type-0": "本季度",
            "relative-type-1": "下季度",
            "relativeTime-type-future": {
              "relativeTimePattern-count-other": "{0}个季度后"
            },
            "relativeTime-type-past": {
              "relativeTimePattern-count-other": "{0}个季度前"
            }
          },
          "quarter-narrow": {
            "displayName": "季",
            "relative-type--1": "上季度",
            "relative-type-0": "本季度",
            "relative-type-1": "下季度",
            "relativeTime-type-future": {
              "relativeTimePattern-count-other": "{0}个季度后"
            },
            "relativeTime-type-past": {
              "relativeTimePattern-count-other": "{0}个季度前"
            }
          },
          "month": {
            "displayName": "月",
            "relative-type--1": "上个月",
            "relative-type-0": "本月",
            "relative-type-1": "下个月",
            "relativeTime-type-future": {
              "relativeTimePattern-count-other": "{0}个月后"
            },
            "relativeTime-type-past": {
              "relativeTimePattern-count-other": "{0}个月前"
            }
          },
          "month-short": {
            "displayName": "月",
            "relative-type--1": "上个月",
            "relative-type-0": "本月",
            "relative-type-1": "下个月",
            "relativeTime-type-future": {
              "relativeTimePattern-count-other": "{0}个月后"
            },
            "relativeTime-type-past": {
              "relativeTimePattern-count-other": "{0}个月前"
            }
          },
          "month-narrow": {
            "displayName": "月",
            "relative-type--1": "上个月",
            "relative-type-0": "本月",
            "relative-type-1": "下个月",
            "relativeTime-type-future": {
              "relativeTimePattern-count-other": "{0}个月后"
            },
            "relativeTime-type-past": {
              "relativeTimePattern-count-other": "{0}个月前"
            }
          },
          "week": {
            "displayName": "周",
            "relative-type--1": "上周",
            "relative-type-0": "本周",
            "relative-type-1": "下周",
            "relativeTime-type-future": {
              "relativeTimePattern-count-other": "{0}周后"
            },
            "relativeTime-type-past": {
              "relativeTimePattern-count-other": "{0}周前"
            },
            "relativePeriod": "{0}这周"
          },
          "week-short": {
            "displayName": "周",
            "relative-type--1": "上周",
            "relative-type-0": "本周",
            "relative-type-1": "下周",
            "relativeTime-type-future": {
              "relativeTimePattern-count-other": "{0}周后"
            },
            "relativeTime-type-past": {
              "relativeTimePattern-count-other": "{0}周前"
            },
            "relativePeriod": "{0}这周"
          },
          "week-narrow": {
            "displayName": "周",
            "relative-type--1": "上周",
            "relative-type-0": "本周",
            "relative-type-1": "下周",
            "relativeTime-type-future": {
              "relativeTimePattern-count-other": "{0}周后"
            },
            "relativeTime-type-past": {
              "relativeTimePattern-count-other": "{0}周前"
            },
            "relativePeriod": "{0}这周"
          },
          "weekOfMonth": {
            "displayName": "月中周"
          },
          "weekOfMonth-short": {
            "displayName": "月中周"
          },
          "weekOfMonth-narrow": {
            "displayName": "月中周"
          },
          "day": {
            "displayName": "日",
            "relative-type--2": "前天",
            "relative-type--1": "昨天",
            "relative-type-0": "今天",
            "relative-type-1": "明天",
            "relative-type-2": "后天",
            "relativeTime-type-future": {
              "relativeTimePattern-count-other": "{0}天后"
            },
            "relativeTime-type-past": {
              "relativeTimePattern-count-other": "{0}天前"
            }
          },
          "day-short": {
            "displayName": "日",
            "relative-type--2": "前天",
            "relative-type--1": "昨天",
            "relative-type-0": "今天",
            "relative-type-1": "明天",
            "relative-type-2": "后天",
            "relativeTime-type-future": {
              "relativeTimePattern-count-other": "{0}天后"
            },
            "relativeTime-type-past": {
              "relativeTimePattern-count-other": "{0}天前"
            }
          },
          "day-narrow": {
            "displayName": "日",
            "relative-type--2": "前天",
            "relative-type--1": "昨天",
            "relative-type-0": "今天",
            "relative-type-1": "明天",
            "relative-type-2": "后天",
            "relativeTime-type-future": {
              "relativeTimePattern-count-other": "{0}天后"
            },
            "relativeTime-type-past": {
              "relativeTimePattern-count-other": "{0}天前"
            }
          },
          "dayOfYear": {
            "displayName": "年中日"
          },
          "dayOfYear-short": {
            "displayName": "年中日"
          },
          "dayOfYear-narrow": {
            "displayName": "年中日"
          },
          "weekday": {
            "displayName": "工作日"
          },
          "weekday-short": {
            "displayName": "工作日"
          },
          "weekday-narrow": {
            "displayName": "工作日"
          },
          "weekdayOfMonth": {
            "displayName": "月中日"
          },
          "weekdayOfMonth-short": {
            "displayName": "月中日"
          },
          "weekdayOfMonth-narrow": {
            "displayName": "月中日"
          },
          "sun": {
            "relative-type--1": "上周日",
            "relative-type-0": "本周日",
            "relative-type-1": "下周日",
            "relativeTime-type-future": {
              "relativeTimePattern-count-other": "{0}个周日后"
            },
            "relativeTime-type-past": {
              "relativeTimePattern-count-other": "{0}个周日前"
            }
          },
          "sun-short": {
            "relative-type--1": "上周日",
            "relative-type-0": "本周日",
            "relative-type-1": "下周日",
            "relativeTime-type-future": {
              "relativeTimePattern-count-other": "{0}个周日后"
            },
            "relativeTime-type-past": {
              "relativeTimePattern-count-other": "{0}个周日前"
            }
          },
          "sun-narrow": {
            "relative-type--1": "上周日",
            "relative-type-0": "本周日",
            "relative-type-1": "下周日",
            "relativeTime-type-future": {
              "relativeTimePattern-count-other": "{0}个周日后"
            },
            "relativeTime-type-past": {
              "relativeTimePattern-count-other": "{0}个周日前"
            }
          },
          "mon": {
            "relative-type--1": "上周一",
            "relative-type-0": "本周一",
            "relative-type-1": "下周一",
            "relativeTime-type-future": {
              "relativeTimePattern-count-other": "{0}个周一后"
            },
            "relativeTime-type-past": {
              "relativeTimePattern-count-other": "{0}个周一前"
            }
          },
          "mon-short": {
            "relative-type--1": "上周一",
            "relative-type-0": "本周一",
            "relative-type-1": "下周一",
            "relativeTime-type-future": {
              "relativeTimePattern-count-other": "{0}个周一后"
            },
            "relativeTime-type-past": {
              "relativeTimePattern-count-other": "{0}个周一前"
            }
          },
          "mon-narrow": {
            "relative-type--1": "上周一",
            "relative-type-0": "本周一",
            "relative-type-1": "下周一",
            "relativeTime-type-future": {
              "relativeTimePattern-count-other": "{0}个周一后"
            },
            "relativeTime-type-past": {
              "relativeTimePattern-count-other": "{0}个周一前"
            }
          },
          "tue": {
            "relative-type--1": "上周二",
            "relative-type-0": "本周二",
            "relative-type-1": "下周二",
            "relativeTime-type-future": {
              "relativeTimePattern-count-other": "{0}个周二后"
            },
            "relativeTime-type-past": {
              "relativeTimePattern-count-other": "{0}个周二前"
            }
          },
          "tue-short": {
            "relative-type--1": "上周二",
            "relative-type-0": "本周二",
            "relative-type-1": "下周二",
            "relativeTime-type-future": {
              "relativeTimePattern-count-other": "{0}个周二后"
            },
            "relativeTime-type-past": {
              "relativeTimePattern-count-other": "{0}个周二前"
            }
          },
          "tue-narrow": {
            "relative-type--1": "上周二",
            "relative-type-0": "本周二",
            "relative-type-1": "下周二",
            "relativeTime-type-future": {
              "relativeTimePattern-count-other": "{0}个周二后"
            },
            "relativeTime-type-past": {
              "relativeTimePattern-count-other": "{0}个周二前"
            }
          },
          "wed": {
            "relative-type--1": "上周三",
            "relative-type-0": "本周三",
            "relative-type-1": "下周三",
            "relativeTime-type-future": {
              "relativeTimePattern-count-other": "{0}个周三后"
            },
            "relativeTime-type-past": {
              "relativeTimePattern-count-other": "{0}个周三前"
            }
          },
          "wed-short": {
            "relative-type--1": "上周三",
            "relative-type-0": "本周三",
            "relative-type-1": "下周三",
            "relativeTime-type-future": {
              "relativeTimePattern-count-other": "{0}个周三后"
            },
            "relativeTime-type-past": {
              "relativeTimePattern-count-other": "{0}个周三前"
            }
          },
          "wed-narrow": {
            "relative-type--1": "上周三",
            "relative-type-0": "本周三",
            "relative-type-1": "下周三",
            "relativeTime-type-future": {
              "relativeTimePattern-count-other": "{0}个周三后"
            },
            "relativeTime-type-past": {
              "relativeTimePattern-count-other": "{0}个周三前"
            }
          },
          "thu": {
            "relative-type--1": "上周四",
            "relative-type-0": "本周四",
            "relative-type-1": "下周四",
            "relativeTime-type-future": {
              "relativeTimePattern-count-other": "{0}个周四后"
            },
            "relativeTime-type-past": {
              "relativeTimePattern-count-other": "{0}个周四前"
            }
          },
          "thu-short": {
            "relative-type--1": "上周四",
            "relative-type-0": "本周四",
            "relative-type-1": "下周四",
            "relativeTime-type-future": {
              "relativeTimePattern-count-other": "{0}个周四后"
            },
            "relativeTime-type-past": {
              "relativeTimePattern-count-other": "{0}个周四前"
            }
          },
          "thu-narrow": {
            "relative-type--1": "上周四",
            "relative-type-0": "本周四",
            "relative-type-1": "下周四",
            "relativeTime-type-future": {
              "relativeTimePattern-count-other": "{0}个周四后"
            },
            "relativeTime-type-past": {
              "relativeTimePattern-count-other": "{0}个周四前"
            }
          },
          "fri": {
            "relative-type--1": "上周五",
            "relative-type-0": "本周五",
            "relative-type-1": "下周五",
            "relativeTime-type-future": {
              "relativeTimePattern-count-other": "{0}个周五后"
            },
            "relativeTime-type-past": {
              "relativeTimePattern-count-other": "{0}个周五前"
            }
          },
          "fri-short": {
            "relative-type--1": "上周五",
            "relative-type-0": "本周五",
            "relative-type-1": "下周五",
            "relativeTime-type-future": {
              "relativeTimePattern-count-other": "{0}个周五后"
            },
            "relativeTime-type-past": {
              "relativeTimePattern-count-other": "{0}个周五前"
            }
          },
          "fri-narrow": {
            "relative-type--1": "上周五",
            "relative-type-0": "本周五",
            "relative-type-1": "下周五",
            "relativeTime-type-future": {
              "relativeTimePattern-count-other": "{0}个周五后"
            },
            "relativeTime-type-past": {
              "relativeTimePattern-count-other": "{0}个周五前"
            }
          },
          "sat": {
            "relative-type--1": "上周六",
            "relative-type-0": "本周六",
            "relative-type-1": "下周六",
            "relativeTime-type-future": {
              "relativeTimePattern-count-other": "{0}个周六后"
            },
            "relativeTime-type-past": {
              "relativeTimePattern-count-other": "{0}个周六前"
            }
          },
          "sat-short": {
            "relative-type--1": "上周六",
            "relative-type-0": "本周六",
            "relative-type-1": "下周六",
            "relativeTime-type-future": {
              "relativeTimePattern-count-other": "{0}个周六后"
            },
            "relativeTime-type-past": {
              "relativeTimePattern-count-other": "{0}个周六前"
            }
          },
          "sat-narrow": {
            "relative-type--1": "上周六",
            "relative-type-0": "本周六",
            "relative-type-1": "下周六",
            "relativeTime-type-future": {
              "relativeTimePattern-count-other": "{0}个周六后"
            },
            "relativeTime-type-past": {
              "relativeTimePattern-count-other": "{0}个周六前"
            }
          },
          "dayperiod-short": {
            "displayName": "上午/下午"
          },
          "dayperiod": {
            "displayName": "上午/下午"
          },
          "dayperiod-narrow": {
            "displayName": "上午/下午"
          },
          "hour": {
            "displayName": "小时",
            "relative-type-0": "这一时间 / 此时",
            "relativeTime-type-future": {
              "relativeTimePattern-count-other": "{0}小时后"
            },
            "relativeTime-type-past": {
              "relativeTimePattern-count-other": "{0}小时前"
            }
          },
          "hour-short": {
            "displayName": "小时",
            "relative-type-0": "这一时间 / 此时",
            "relativeTime-type-future": {
              "relativeTimePattern-count-other": "{0}小时后"
            },
            "relativeTime-type-past": {
              "relativeTimePattern-count-other": "{0}小时前"
            }
          },
          "hour-narrow": {
            "displayName": "小时",
            "relative-type-0": "这一时间 / 此时",
            "relativeTime-type-future": {
              "relativeTimePattern-count-other": "{0}小时后"
            },
            "relativeTime-type-past": {
              "relativeTimePattern-count-other": "{0}小时前"
            }
          },
          "minute": {
            "displayName": "分钟",
            "relative-type-0": "此刻",
            "relativeTime-type-future": {
              "relativeTimePattern-count-other": "{0}分钟后"
            },
            "relativeTime-type-past": {
              "relativeTimePattern-count-other": "{0}分钟前"
            }
          },
          "minute-short": {
            "displayName": "分",
            "relative-type-0": "此刻",
            "relativeTime-type-future": {
              "relativeTimePattern-count-other": "{0}分钟后"
            },
            "relativeTime-type-past": {
              "relativeTimePattern-count-other": "{0}分钟前"
            }
          },
          "minute-narrow": {
            "displayName": "分",
            "relative-type-0": "此刻",
            "relativeTime-type-future": {
              "relativeTimePattern-count-other": "{0}分钟后"
            },
            "relativeTime-type-past": {
              "relativeTimePattern-count-other": "{0}分钟前"
            }
          },
          "second": {
            "displayName": "秒",
            "relative-type-0": "现在",
            "relativeTime-type-future": {
              "relativeTimePattern-count-other": "{0}秒钟后"
            },
            "relativeTime-type-past": {
              "relativeTimePattern-count-other": "{0}秒钟前"
            }
          },
          "second-short": {
            "displayName": "秒",
            "relative-type-0": "现在",
            "relativeTime-type-future": {
              "relativeTimePattern-count-other": "{0}秒后"
            },
            "relativeTime-type-past": {
              "relativeTimePattern-count-other": "{0}秒前"
            }
          },
          "second-narrow": {
            "displayName": "秒",
            "relative-type-0": "现在",
            "relativeTime-type-future": {
              "relativeTimePattern-count-other": "{0}秒后"
            },
            "relativeTime-type-past": {
              "relativeTimePattern-count-other": "{0}秒前"
            }
          },
          "zone": {
            "displayName": "时区"
          },
          "zone-short": {
            "displayName": "时区"
          },
          "zone-narrow": {
            "displayName": "时区"
          }
        }
      }
    }
  }
}
