{
    "_comment": "IMPORTANT : go to the wiki page to know about options configuration https://github.com/servocoder/RichFilemanager/wiki/Configuration-options",
    "options": {
        "theme": "default",
        "showTitleAttr": true,
        "showConfirmation": true,
        "browseOnly": false,
        "fileSorting": "NAME_ASC",
        "folderPosition": "bottom",
        "quickSelect": true,
        "logger": false,
        "allowFolderDownload": true,
        "allowChangeExtensions": false,
        "capabilities": [
            "select",
            "upload",
            "download",
            "rename",
            "copy",
            "move",
            "delete",
            "extract",
            "createFolder"
        ]
    },
    "language": {
        "default": "en",
        "available": [ "vi"]
    },
    "formatter": {
        "datetime": {
            "skeleton": "yMMMdHm"
        }
    },
    "filetree": {
        "enabled": true,
        "foldersOnly": true,
        "reloadOnClick": true,
        "expandSpeed": 200,
        "showLine": true,
        "width": 150,
        "minWidth": 100
    },
    "manager": {
        "defaultViewMode": "grid",
        "dblClickOpen": true,
        "selection": {
            "enabled": true,
            "useCtrlKey": true
        },
        "renderer": {
            "position": true,
            "indexFile": "readme.md"
        }
    },
  "api": {
    "lang": "asp",
    "connectorUrl": "/storage",
    "requestParams": {
      "GET": {},
      "POST": {},
      "MIXED": {}
    }
  },

      "upload": {
        "multiple": true,
        "maxNumberOfFiles": 5,
        "chunkSize": true
      },
      "clipboard": {
        "enabled": true,
        "encodeCopyUrl": true
      },
      "filter": {
        "image": [ "jpg", "jpeg", "gif", "png", "svg" ],
        "media": [ "ogv", "avi", "mkv", "mp4", "webm", "m4v", "ogg", "mp3", "wav" ],
        "office": [ "txt", "pdf", "odp", "ods", "odt", "rtf", "doc", "docx", "xls", "xlsx", "ppt", "pptx", "csv", "md" ],
        "archive": [ "zip", "tar", "rar" ],
        "audio": [ "ogg", "mp3", "wav" ],
        "video": [ "ogv", "avi", "mkv", "mp4", "webm", "m4v" ]
      },
      "search": {
        "enabled": true,
        "recursive": true,
        "caseSensitive": true,
        "typingDelay": 500
      },
      "viewer": {
        "absolutePath": false,
        "previewUrl": true,
        "image": {
          "enabled": true,
          "lazyLoad": true,
          "showThumbs": true,
          "thumbMaxWidth": 64,
          "extensions": [
            "jpg",
            "jpe",
            "jpeg",
            "gif",
            "png",
            "svg"
          ]
        },
        "video": {
          "enabled": true,
          "extensions": [
            "ogv",
            "mp4",
            "webm",
            "m4v"
          ],
          "playerWidth": 400,
          "playerHeight": 222
        },
        "audio": {
          "enabled": true,
          "extensions": [
            "ogg",
            "mp3",
            "wav"
          ]
        },
        "iframe": {
          "enabled": true,
          "extensions": [
            "htm",
            "html"
          ],
          "readerWidth": "95%",
          "readerHeight": "600"
        },
        "opendoc": {
          "enabled": true,
          "extensions": [
            "pdf",
            "odt",
            "odp",
            "ods"
          ],
          "readerWidth": "640",
          "readerHeight": "480"
        },
        "google": {
          "enabled": true,
          "extensions": [
            "doc",
            "docx",
            "xls",
            "xlsx",
            "ppt",
            "pptx"
          ],
          "readerWidth": "640",
          "readerHeight": "480"
        },
        "codeMirrorRenderer": {
          "enabled": true,
          "extensions": [
		        "html",
			    "js",
			    "css"
           
          ]
        },
        "markdownRenderer": {
          "enabled": true,
          "extensions": [
            "md"
          ]
        }
      },
      "editor": {
        "enabled": true,
        "theme": "default",
        "lineNumbers": true,
        "lineWrapping": true,
        "codeHighlight": true,
        "matchBrackets": true,
        "extensions": [
          "html",
          "txt",
          "csv",
          "md"
        ]
      },
      "customScrollbar": {
        "enabled": true,
        "theme": "inset-2-dark",
        "button": true
      },
      "extras": {
        "extra_js": [],
        "extra_js_async": true
      },
      "url": "https://github.com/servocoder/RichFilemanager",
      "version": "2.7.6",
	  "ex": "http://127.0.0.1:1911/assets/richFilemanager/index.html?exclusiveFolder=Files/2020"
    }
