{
  "main": {
    "pt": {
      "identity": {
        "version": {
          "_number": "$Revision: 13701 $",
          "_cldrVersion": "32.0.1"
        },
        "language": "pt"
      },
      "dates": {
        "fields": {
          "era": {
            "displayName": "era"
          },
          "era-short": {
            "displayName": "era"
          },
          "era-narrow": {
            "displayName": "era"
          },
          "year": {
            "displayName": "ano",
            "relative-type--1": "ano passado",
            "relative-type-0": "este ano",
            "relative-type-1": "próximo ano",
            "relativeTime-type-future": {
              "relativeTimePattern-count-one": "em {0} ano",
              "relativeTimePattern-count-other": "em {0} anos"
            },
            "relativeTime-type-past": {
              "relativeTimePattern-count-one": "{0} ano atrás",
              "relativeTimePattern-count-other": "{0} anos atrás"
            }
          },
          "year-short": {
            "displayName": "ano",
            "relative-type--1": "ano passado",
            "relative-type-0": "este ano",
            "relative-type-1": "próximo ano",
            "relativeTime-type-future": {
              "relativeTimePattern-count-one": "em {0} ano",
              "relativeTimePattern-count-other": "em {0} anos"
            },
            "relativeTime-type-past": {
              "relativeTimePattern-count-one": "{0} ano atrás",
              "relativeTimePattern-count-other": "{0} anos atrás"
            }
          },
          "year-narrow": {
            "displayName": "ano",
            "relative-type--1": "ano passado",
            "relative-type-0": "este ano",
            "relative-type-1": "próximo ano",
            "relativeTime-type-future": {
              "relativeTimePattern-count-one": "em {0} ano",
              "relativeTimePattern-count-other": "em {0} anos"
            },
            "relativeTime-type-past": {
              "relativeTimePattern-count-one": "{0} ano atrás",
              "relativeTimePattern-count-other": "{0} anos atrás"
            }
          },
          "quarter": {
            "displayName": "trimestre",
            "relative-type--1": "último trimestre",
            "relative-type-0": "este trimestre",
            "relative-type-1": "próximo trimestre",
            "relativeTime-type-future": {
              "relativeTimePattern-count-one": "em {0} trimestre",
              "relativeTimePattern-count-other": "em {0} trimestres"
            },
            "relativeTime-type-past": {
              "relativeTimePattern-count-one": "{0} trimestre atrás",
              "relativeTimePattern-count-other": "{0} trimestres atrás"
            }
          },
          "quarter-short": {
            "displayName": "trim.",
            "relative-type--1": "último trimestre",
            "relative-type-0": "este trimestre",
            "relative-type-1": "próximo trimestre",
            "relativeTime-type-future": {
              "relativeTimePattern-count-one": "em {0} trim.",
              "relativeTimePattern-count-other": "em {0} trim."
            },
            "relativeTime-type-past": {
              "relativeTimePattern-count-one": "{0} trim. atrás",
              "relativeTimePattern-count-other": "{0} trim. atrás"
            }
          },
          "quarter-narrow": {
            "displayName": "trim.",
            "relative-type--1": "último trimestre",
            "relative-type-0": "este trimestre",
            "relative-type-1": "próximo trimestre",
            "relativeTime-type-future": {
              "relativeTimePattern-count-one": "em {0} trim.",
              "relativeTimePattern-count-other": "em {0} trim."
            },
            "relativeTime-type-past": {
              "relativeTimePattern-count-one": "{0} trim. atrás",
              "relativeTimePattern-count-other": "{0} trim. atrás"
            }
          },
          "month": {
            "displayName": "mês",
            "relative-type--1": "mês passado",
            "relative-type-0": "este mês",
            "relative-type-1": "próximo mês",
            "relativeTime-type-future": {
              "relativeTimePattern-count-one": "em {0} mês",
              "relativeTimePattern-count-other": "em {0} meses"
            },
            "relativeTime-type-past": {
              "relativeTimePattern-count-one": "{0} mês atrás",
              "relativeTimePattern-count-other": "{0} meses atrás"
            }
          },
          "month-short": {
            "displayName": "mês",
            "relative-type--1": "mês passado",
            "relative-type-0": "este mês",
            "relative-type-1": "próximo mês",
            "relativeTime-type-future": {
              "relativeTimePattern-count-one": "em {0} mês",
              "relativeTimePattern-count-other": "em {0} meses"
            },
            "relativeTime-type-past": {
              "relativeTimePattern-count-one": "{0} mês atrás",
              "relativeTimePattern-count-other": "{0} meses atrás"
            }
          },
          "month-narrow": {
            "displayName": "mês",
            "relative-type--1": "mês passado",
            "relative-type-0": "este mês",
            "relative-type-1": "próximo mês",
            "relativeTime-type-future": {
              "relativeTimePattern-count-one": "em {0} mês",
              "relativeTimePattern-count-other": "em {0} meses"
            },
            "relativeTime-type-past": {
              "relativeTimePattern-count-one": "{0} mês atrás",
              "relativeTimePattern-count-other": "{0} meses atrás"
            }
          },
          "week": {
            "displayName": "semana",
            "relative-type--1": "semana passada",
            "relative-type-0": "esta semana",
            "relative-type-1": "próxima semana",
            "relativeTime-type-future": {
              "relativeTimePattern-count-one": "em {0} semana",
              "relativeTimePattern-count-other": "em {0} semanas"
            },
            "relativeTime-type-past": {
              "relativeTimePattern-count-one": "{0} semana atrás",
              "relativeTimePattern-count-other": "{0} semanas atrás"
            },
            "relativePeriod": "a semana de {0}"
          },
          "week-short": {
            "displayName": "sem.",
            "relative-type--1": "semana passada",
            "relative-type-0": "esta semana",
            "relative-type-1": "próxima semana",
            "relativeTime-type-future": {
              "relativeTimePattern-count-one": "em {0} sem.",
              "relativeTimePattern-count-other": "em {0} sem."
            },
            "relativeTime-type-past": {
              "relativeTimePattern-count-one": "{0} sem. atrás",
              "relativeTimePattern-count-other": "{0} sem. atrás"
            },
            "relativePeriod": "a semana de {0}"
          },
          "week-narrow": {
            "displayName": "sem.",
            "relative-type--1": "semana passada",
            "relative-type-0": "esta semana",
            "relative-type-1": "próxima semana",
            "relativeTime-type-future": {
              "relativeTimePattern-count-one": "em {0} sem.",
              "relativeTimePattern-count-other": "em {0} sem."
            },
            "relativeTime-type-past": {
              "relativeTimePattern-count-one": "{0} sem. atrás",
              "relativeTimePattern-count-other": "{0} sem. atrás"
            },
            "relativePeriod": "a semana de {0}"
          },
          "weekOfMonth": {
            "displayName": "semana do mês"
          },
          "weekOfMonth-short": {
            "displayName": "sem. do mês"
          },
          "weekOfMonth-narrow": {
            "displayName": "sem. do mês"
          },
          "day": {
            "displayName": "dia",
            "relative-type--2": "anteontem",
            "relative-type--1": "ontem",
            "relative-type-0": "hoje",
            "relative-type-1": "amanhã",
            "relative-type-2": "depois de amanhã",
            "relativeTime-type-future": {
              "relativeTimePattern-count-one": "em {0} dia",
              "relativeTimePattern-count-other": "em {0} dias"
            },
            "relativeTime-type-past": {
              "relativeTimePattern-count-one": "{0} dia atrás",
              "relativeTimePattern-count-other": "{0} dias atrás"
            }
          },
          "day-short": {
            "displayName": "dia",
            "relative-type--2": "anteontem",
            "relative-type--1": "ontem",
            "relative-type-0": "hoje",
            "relative-type-1": "amanhã",
            "relative-type-2": "depois de amanhã",
            "relativeTime-type-future": {
              "relativeTimePattern-count-one": "em {0} dia",
              "relativeTimePattern-count-other": "em {0} dias"
            },
            "relativeTime-type-past": {
              "relativeTimePattern-count-one": "{0} dia atrás",
              "relativeTimePattern-count-other": "{0} dias atrás"
            }
          },
          "day-narrow": {
            "displayName": "dia",
            "relative-type--2": "anteontem",
            "relative-type--1": "ontem",
            "relative-type-0": "hoje",
            "relative-type-1": "amanhã",
            "relative-type-2": "depois de amanhã",
            "relativeTime-type-future": {
              "relativeTimePattern-count-one": "em {0} dia",
              "relativeTimePattern-count-other": "em {0} dias"
            },
            "relativeTime-type-past": {
              "relativeTimePattern-count-one": "{0} dia atrás",
              "relativeTimePattern-count-other": "{0} dias atrás"
            }
          },
          "dayOfYear": {
            "displayName": "dia do ano"
          },
          "dayOfYear-short": {
            "displayName": "dia do ano"
          },
          "dayOfYear-narrow": {
            "displayName": "dia do ano"
          },
          "weekday": {
            "displayName": "dia da semana"
          },
          "weekday-short": {
            "displayName": "dia da sem."
          },
          "weekday-narrow": {
            "displayName": "dia da sem."
          },
          "weekdayOfMonth": {
            "displayName": "dia da semana do mês"
          },
          "weekdayOfMonth-short": {
            "displayName": "dia da sem. do mês"
          },
          "weekdayOfMonth-narrow": {
            "displayName": "dia da sem. do mês"
          },
          "sun": {
            "relative-type--1": "domingo passado",
            "relative-type-0": "este domingo",
            "relative-type-1": "próximo domingo",
            "relativeTime-type-future": {
              "relativeTimePattern-count-one": "em {0} domingo",
              "relativeTimePattern-count-other": "em {0} domingos"
            },
            "relativeTime-type-past": {
              "relativeTimePattern-count-one": "{0} domingo atrás",
              "relativeTimePattern-count-other": "{0} domingos atrás"
            }
          },
          "sun-short": {
            "relative-type--1": "dom. passado",
            "relative-type-0": "este dom.",
            "relative-type-1": "próximo dom.",
            "relativeTime-type-future": {
              "relativeTimePattern-count-one": "em {0} dom.",
              "relativeTimePattern-count-other": "em {0} dom."
            },
            "relativeTime-type-past": {
              "relativeTimePattern-count-one": "{0} dom. atrás",
              "relativeTimePattern-count-other": "{0} dom. atrás"
            }
          },
          "sun-narrow": {
            "relative-type--1": "dom. passado",
            "relative-type-0": "este dom.",
            "relative-type-1": "próximo dom.",
            "relativeTime-type-future": {
              "relativeTimePattern-count-one": "em {0} dom.",
              "relativeTimePattern-count-other": "em {0} dom."
            },
            "relativeTime-type-past": {
              "relativeTimePattern-count-one": "{0} dom. atrás",
              "relativeTimePattern-count-other": "{0} dom. atrás"
            }
          },
          "mon": {
            "relative-type--1": "segunda-feira passada",
            "relative-type-0": "esta segunda-feira",
            "relative-type-1": "próxima segunda-feira",
            "relativeTime-type-future": {
              "relativeTimePattern-count-one": "em {0} segunda-feira",
              "relativeTimePattern-count-other": "em {0} segundas-feiras"
            },
            "relativeTime-type-past": {
              "relativeTimePattern-count-one": "{0} segunda-feira atrás",
              "relativeTimePattern-count-other": "{{0} segundas-feiras atrás"
            }
          },
          "mon-short": {
            "relative-type--1": "seg. passada",
            "relative-type-0": "esta seg.",
            "relative-type-1": "próxima seg.",
            "relativeTime-type-future": {
              "relativeTimePattern-count-one": "em {0} seg.",
              "relativeTimePattern-count-other": "em {0} seg."
            },
            "relativeTime-type-past": {
              "relativeTimePattern-count-one": "{0} seg. atrás",
              "relativeTimePattern-count-other": "{0} seg. atrás"
            }
          },
          "mon-narrow": {
            "relative-type--1": "seg. passada",
            "relative-type-0": "esta seg.",
            "relative-type-1": "próxima seg.",
            "relativeTime-type-future": {
              "relativeTimePattern-count-one": "em {0} seg.",
              "relativeTimePattern-count-other": "em {0} seg."
            },
            "relativeTime-type-past": {
              "relativeTimePattern-count-one": "há {0} segundas-feiras",
              "relativeTimePattern-count-other": "há {0} segundas-feiras"
            }
          },
          "tue": {
            "relative-type--1": "terça-feira passada",
            "relative-type-0": "esta terça-feira",
            "relative-type-1": "próxima terça-feira",
            "relativeTime-type-future": {
              "relativeTimePattern-count-one": "em {0} terça-feira",
              "relativeTimePattern-count-other": "em {0} terças-feiras"
            },
            "relativeTime-type-past": {
              "relativeTimePattern-count-one": "há {0} terça-feira",
              "relativeTimePattern-count-other": "há {0} terças-feiras"
            }
          },
          "tue-short": {
            "relative-type--1": "ter. passada",
            "relative-type-0": "esta ter.",
            "relative-type-1": "próxima ter.",
            "relativeTime-type-future": {
              "relativeTimePattern-count-one": "em {0} terças-feiras",
              "relativeTimePattern-count-other": "em {0} terças-feiras"
            },
            "relativeTime-type-past": {
              "relativeTimePattern-count-one": "há {0} terças-feiras",
              "relativeTimePattern-count-other": "há {0} terças-feiras"
            }
          },
          "tue-narrow": {
            "relative-type--1": "ter. passada",
            "relative-type-0": "esta ter.",
            "relative-type-1": "próxima ter.",
            "relativeTime-type-future": {
              "relativeTimePattern-count-one": "em {0} terças-feiras",
              "relativeTimePattern-count-other": "em {0} terças-feiras"
            },
            "relativeTime-type-past": {
              "relativeTimePattern-count-one": "há {0} terças-feiras",
              "relativeTimePattern-count-other": "há {0} terças-feiras"
            }
          },
          "wed": {
            "relative-type--1": "quarta-feira passada",
            "relative-type-0": "esta quarta-feira",
            "relative-type-1": "próxima quarta-feira",
            "relativeTime-type-future": {
              "relativeTimePattern-count-one": "em {0} quartas-feiras",
              "relativeTimePattern-count-other": "em {0} quartas-feiras"
            },
            "relativeTime-type-past": {
              "relativeTimePattern-count-one": "há {0} quartas-feiras",
              "relativeTimePattern-count-other": "há {0} quartas-feiras"
            }
          },
          "wed-short": {
            "relative-type--1": "qua. passada",
            "relative-type-0": "esta qua.",
            "relative-type-1": "próxima qua.",
            "relativeTime-type-future": {
              "relativeTimePattern-count-one": "em {0} quartas-feiras",
              "relativeTimePattern-count-other": "em {0} quartas-feiras"
            },
            "relativeTime-type-past": {
              "relativeTimePattern-count-one": "há {0} quartas-feiras",
              "relativeTimePattern-count-other": "há {0} quartas-feiras"
            }
          },
          "wed-narrow": {
            "relative-type--1": "qua. passada",
            "relative-type-0": "esta qua.",
            "relative-type-1": "próxima qua.",
            "relativeTime-type-future": {
              "relativeTimePattern-count-one": "em {0} quartas-feiras",
              "relativeTimePattern-count-other": "em {0} quartas-feiras"
            },
            "relativeTime-type-past": {
              "relativeTimePattern-count-one": "há {0} quartas-feiras",
              "relativeTimePattern-count-other": "há {0} quartas-feiras"
            }
          },
          "thu": {
            "relative-type--1": "quinta-feira passada",
            "relative-type-0": "esta quinta-feira",
            "relative-type-1": "próxima quinta-feira",
            "relativeTime-type-future": {
              "relativeTimePattern-count-one": "em {0} quintas-feiras",
              "relativeTimePattern-count-other": "em {0} quintas-feiras"
            },
            "relativeTime-type-past": {
              "relativeTimePattern-count-one": "há {0} quintas-feiras",
              "relativeTimePattern-count-other": "há {0} quintas-feiras"
            }
          },
          "thu-short": {
            "relative-type--1": "qui. passada",
            "relative-type-0": "esta qui.",
            "relative-type-1": "próx. qui",
            "relativeTime-type-future": {
              "relativeTimePattern-count-one": "em {0} quintas-feiras",
              "relativeTimePattern-count-other": "em {0} quintas-feiras"
            },
            "relativeTime-type-past": {
              "relativeTimePattern-count-one": "há {0} quintas-feiras",
              "relativeTimePattern-count-other": "há {0} quintas-feiras"
            }
          },
          "thu-narrow": {
            "relative-type--1": "qui. passada",
            "relative-type-0": "esta qui.",
            "relative-type-1": "próx. qui",
            "relativeTime-type-future": {
              "relativeTimePattern-count-one": "em {0} quintas-feiras",
              "relativeTimePattern-count-other": "em {0} quintas-feiras"
            },
            "relativeTime-type-past": {
              "relativeTimePattern-count-one": "há {0} quintas-feiras",
              "relativeTimePattern-count-other": "há {0} quintas-feiras"
            }
          },
          "fri": {
            "relative-type--1": "sexta-feira passada",
            "relative-type-0": "esta sexta-feira",
            "relative-type-1": "próxima sexta-feira",
            "relativeTime-type-future": {
              "relativeTimePattern-count-one": "em {0} sextas-feiras",
              "relativeTimePattern-count-other": "em {0} sextas-feiras"
            },
            "relativeTime-type-past": {
              "relativeTimePattern-count-one": "há {0} sextas-feiras",
              "relativeTimePattern-count-other": "há {0} sextas-feiras"
            }
          },
          "fri-short": {
            "relative-type--1": "sex. passada",
            "relative-type-0": "esta sex.",
            "relative-type-1": "próxima sex.",
            "relativeTime-type-future": {
              "relativeTimePattern-count-one": "em {0} sextas-feiras",
              "relativeTimePattern-count-other": "em {0} sextas-feiras"
            },
            "relativeTime-type-past": {
              "relativeTimePattern-count-one": "há {0} sextas-feiras",
              "relativeTimePattern-count-other": "há {0} sextas-feiras"
            }
          },
          "fri-narrow": {
            "relative-type--1": "sex. passada",
            "relative-type-0": "esta sex.",
            "relative-type-1": "próxima sex.",
            "relativeTime-type-future": {
              "relativeTimePattern-count-one": "em {0} sextas-feiras",
              "relativeTimePattern-count-other": "em {0} sextas-feiras"
            },
            "relativeTime-type-past": {
              "relativeTimePattern-count-one": "há {0} sextas-feiras",
              "relativeTimePattern-count-other": "há {0} sextas-feiras"
            }
          },
          "sat": {
            "relative-type--1": "sábado passado",
            "relative-type-0": "este sábado",
            "relative-type-1": "próximo sábado",
            "relativeTime-type-future": {
              "relativeTimePattern-count-one": "em {0} sábado",
              "relativeTimePattern-count-other": "em {0} sábados"
            },
            "relativeTime-type-past": {
              "relativeTimePattern-count-one": "{0} sábado atrás",
              "relativeTimePattern-count-other": "{0} sábados atrás"
            }
          },
          "sat-short": {
            "relative-type--1": "sáb. passado",
            "relative-type-0": "este sáb.",
            "relative-type-1": "próximo sáb.",
            "relativeTime-type-future": {
              "relativeTimePattern-count-one": "em {0} sáb.",
              "relativeTimePattern-count-other": "em {0} sáb."
            },
            "relativeTime-type-past": {
              "relativeTimePattern-count-one": "{0} sáb. atrás",
              "relativeTimePattern-count-other": "{0} sáb. atrás"
            }
          },
          "sat-narrow": {
            "relative-type--1": "sáb. passado",
            "relative-type-0": "este sáb.",
            "relative-type-1": "próximo sáb.",
            "relativeTime-type-future": {
              "relativeTimePattern-count-one": "em {0} sáb.",
              "relativeTimePattern-count-other": "em {0} sáb."
            },
            "relativeTime-type-past": {
              "relativeTimePattern-count-one": "{0} sáb. atrás",
              "relativeTimePattern-count-other": "{0} sáb. atrás"
            }
          },
          "dayperiod-short": {
            "displayName": "AM/PM"
          },
          "dayperiod": {
            "displayName": "AM/PM"
          },
          "dayperiod-narrow": {
            "displayName": "AM/PM"
          },
          "hour": {
            "displayName": "hora",
            "relative-type-0": "esta hora",
            "relativeTime-type-future": {
              "relativeTimePattern-count-one": "em {0} hora",
              "relativeTimePattern-count-other": "em {0} horas"
            },
            "relativeTime-type-past": {
              "relativeTimePattern-count-one": "{0} hora atrás",
              "relativeTimePattern-count-other": "{0} horas atrás"
            }
          },
          "hour-short": {
            "displayName": "h",
            "relative-type-0": "esta hora",
            "relativeTime-type-future": {
              "relativeTimePattern-count-one": "em {0} h",
              "relativeTimePattern-count-other": "em {0} h"
            },
            "relativeTime-type-past": {
              "relativeTimePattern-count-one": "{0} h atrás",
              "relativeTimePattern-count-other": "{0} h atrás"
            }
          },
          "hour-narrow": {
            "displayName": "h",
            "relative-type-0": "esta hora",
            "relativeTime-type-future": {
              "relativeTimePattern-count-one": "em {0} h",
              "relativeTimePattern-count-other": "em {0} h"
            },
            "relativeTime-type-past": {
              "relativeTimePattern-count-one": "{0} h atrás",
              "relativeTimePattern-count-other": "{0} h atrás"
            }
          },
          "minute": {
            "displayName": "minuto",
            "relative-type-0": "este minuto",
            "relativeTime-type-future": {
              "relativeTimePattern-count-one": "em {0} minuto",
              "relativeTimePattern-count-other": "em {0} minutos"
            },
            "relativeTime-type-past": {
              "relativeTimePattern-count-one": "{0} minuto atrás",
              "relativeTimePattern-count-other": "{0} minutos atrás"
            }
          },
          "minute-short": {
            "displayName": "min.",
            "relative-type-0": "este minuto",
            "relativeTime-type-future": {
              "relativeTimePattern-count-one": "em {0} min.",
              "relativeTimePattern-count-other": "em {0} min."
            },
            "relativeTime-type-past": {
              "relativeTimePattern-count-one": "{0} min. atrás",
              "relativeTimePattern-count-other": "{0} min. atrás"
            }
          },
          "minute-narrow": {
            "displayName": "min.",
            "relative-type-0": "este minuto",
            "relativeTime-type-future": {
              "relativeTimePattern-count-one": "em {0} min.",
              "relativeTimePattern-count-other": "em {0} min."
            },
            "relativeTime-type-past": {
              "relativeTimePattern-count-one": "{0} min. atrás",
              "relativeTimePattern-count-other": "{0} min. atrás"
            }
          },
          "second": {
            "displayName": "segundo",
            "relative-type-0": "agora",
            "relativeTime-type-future": {
              "relativeTimePattern-count-one": "em {0} segundo",
              "relativeTimePattern-count-other": "em {0} segundos"
            },
            "relativeTime-type-past": {
              "relativeTimePattern-count-one": "{0} segundo atrás",
              "relativeTimePattern-count-other": "{0} segundos atrás"
            }
          },
          "second-short": {
            "displayName": "seg.",
            "relative-type-0": "agora",
            "relativeTime-type-future": {
              "relativeTimePattern-count-one": "em {0} seg.",
              "relativeTimePattern-count-other": "em {0} seg."
            },
            "relativeTime-type-past": {
              "relativeTimePattern-count-one": "{0} seg. atrás",
              "relativeTimePattern-count-other": "{0} seg. atrás"
            }
          },
          "second-narrow": {
            "displayName": "seg.",
            "relative-type-0": "agora",
            "relativeTime-type-future": {
              "relativeTimePattern-count-one": "em {0} seg.",
              "relativeTimePattern-count-other": "em {0} seg."
            },
            "relativeTime-type-past": {
              "relativeTimePattern-count-one": "{0} seg. atrás",
              "relativeTimePattern-count-other": "{0} seg. atrás"
            }
          },
          "zone": {
            "displayName": "fuso horário"
          },
          "zone-short": {
            "displayName": "fuso"
          },
          "zone-narrow": {
            "displayName": "fuso"
          }
        }
      }
    }
  }
}
