{
  "main": {
    "tr": {
      "identity": {
        "version": {
          "_number": "$Revision: 13705 $",
          "_cldrVersion": "32.0.1"
        },
        "language": "tr"
      },
      "dates": {
        "fields": {
          "era": {
            "displayName": "çağ"
          },
          "era-short": {
            "displayName": "çağ"
          },
          "era-narrow": {
            "displayName": "çağ"
          },
          "year": {
            "displayName": "yıl",
            "relative-type--1": "geçen yıl",
            "relative-type-0": "bu yıl",
            "relative-type-1": "gelecek yıl",
            "relativeTime-type-future": {
              "relativeTimePattern-count-one": "{0} yıl sonra",
              "relativeTimePattern-count-other": "{0} yıl sonra"
            },
            "relativeTime-type-past": {
              "relativeTimePattern-count-one": "{0} yıl önce",
              "relativeTimePattern-count-other": "{0} yıl önce"
            }
          },
          "year-short": {
            "displayName": "yıl",
            "relative-type--1": "geçen yıl",
            "relative-type-0": "bu yıl",
            "relative-type-1": "gelecek yıl",
            "relativeTime-type-future": {
              "relativeTimePattern-count-one": "{0} yıl sonra",
              "relativeTimePattern-count-other": "{0} yıl sonra"
            },
            "relativeTime-type-past": {
              "relativeTimePattern-count-one": "{0} yıl önce",
              "relativeTimePattern-count-other": "{0} yıl önce"
            }
          },
          "year-narrow": {
            "displayName": "yıl",
            "relative-type--1": "geçen yıl",
            "relative-type-0": "bu yıl",
            "relative-type-1": "gelecek yıl",
            "relativeTime-type-future": {
              "relativeTimePattern-count-one": "{0} yıl sonra",
              "relativeTimePattern-count-other": "{0} yıl sonra"
            },
            "relativeTime-type-past": {
              "relativeTimePattern-count-one": "{0} yıl önce",
              "relativeTimePattern-count-other": "{0} yıl önce"
            }
          },
          "quarter": {
            "displayName": "çeyrek",
            "relative-type--1": "geçen çeyrek",
            "relative-type-0": "bu çeyrek",
            "relative-type-1": "gelecek çeyrek",
            "relativeTime-type-future": {
              "relativeTimePattern-count-one": "{0} çeyrek sonra",
              "relativeTimePattern-count-other": "{0} çeyrek sonra"
            },
            "relativeTime-type-past": {
              "relativeTimePattern-count-one": "{0} çeyrek önce",
              "relativeTimePattern-count-other": "{0} çeyrek önce"
            }
          },
          "quarter-short": {
            "displayName": "çyr.",
            "relative-type--1": "geçen çeyrek",
            "relative-type-0": "bu çeyrek",
            "relative-type-1": "gelecek çeyrek",
            "relativeTime-type-future": {
              "relativeTimePattern-count-one": "{0} çyr. sonra",
              "relativeTimePattern-count-other": "{0} çyr. sonra"
            },
            "relativeTime-type-past": {
              "relativeTimePattern-count-one": "{0} çyr. önce",
              "relativeTimePattern-count-other": "{0} çyr. önce"
            }
          },
          "quarter-narrow": {
            "displayName": "çyr.",
            "relative-type--1": "geçen çeyrek",
            "relative-type-0": "bu çeyrek",
            "relative-type-1": "gelecek çeyrek",
            "relativeTime-type-future": {
              "relativeTimePattern-count-one": "{0} çyr. sonra",
              "relativeTimePattern-count-other": "{0} çyr. sonra"
            },
            "relativeTime-type-past": {
              "relativeTimePattern-count-one": "{0} çyr. önce",
              "relativeTimePattern-count-other": "{0} çyr. önce"
            }
          },
          "month": {
            "displayName": "ay",
            "relative-type--1": "geçen ay",
            "relative-type-0": "bu ay",
            "relative-type-1": "gelecek ay",
            "relativeTime-type-future": {
              "relativeTimePattern-count-one": "{0} ay sonra",
              "relativeTimePattern-count-other": "{0} ay sonra"
            },
            "relativeTime-type-past": {
              "relativeTimePattern-count-one": "{0} ay önce",
              "relativeTimePattern-count-other": "{0} ay önce"
            }
          },
          "month-short": {
            "displayName": "ay",
            "relative-type--1": "geçen ay",
            "relative-type-0": "bu ay",
            "relative-type-1": "gelecek ay",
            "relativeTime-type-future": {
              "relativeTimePattern-count-one": "{0} ay sonra",
              "relativeTimePattern-count-other": "{0} ay sonra"
            },
            "relativeTime-type-past": {
              "relativeTimePattern-count-one": "{0} ay önce",
              "relativeTimePattern-count-other": "{0} ay önce"
            }
          },
          "month-narrow": {
            "displayName": "ay",
            "relative-type--1": "geçen ay",
            "relative-type-0": "bu ay",
            "relative-type-1": "gelecek ay",
            "relativeTime-type-future": {
              "relativeTimePattern-count-one": "{0} ay sonra",
              "relativeTimePattern-count-other": "{0} ay sonra"
            },
            "relativeTime-type-past": {
              "relativeTimePattern-count-one": "{0} ay önce",
              "relativeTimePattern-count-other": "{0} ay önce"
            }
          },
          "week": {
            "displayName": "hafta",
            "relative-type--1": "geçen hafta",
            "relative-type-0": "bu hafta",
            "relative-type-1": "gelecek hafta",
            "relativeTime-type-future": {
              "relativeTimePattern-count-one": "{0} hafta sonra",
              "relativeTimePattern-count-other": "{0} hafta sonra"
            },
            "relativeTime-type-past": {
              "relativeTimePattern-count-one": "{0} hafta önce",
              "relativeTimePattern-count-other": "{0} hafta önce"
            },
            "relativePeriod": "{0} haftası"
          },
          "week-short": {
            "displayName": "hf.",
            "relative-type--1": "geçen hafta",
            "relative-type-0": "bu hafta",
            "relative-type-1": "gelecek hafta",
            "relativeTime-type-future": {
              "relativeTimePattern-count-one": "{0} hf. sonra",
              "relativeTimePattern-count-other": "{0} hf. sonra"
            },
            "relativeTime-type-past": {
              "relativeTimePattern-count-one": "{0} hf. önce",
              "relativeTimePattern-count-other": "{0} hf. önce"
            },
            "relativePeriod": "{0} haftası"
          },
          "week-narrow": {
            "displayName": "hf.",
            "relative-type--1": "geçen hafta",
            "relative-type-0": "bu hafta",
            "relative-type-1": "gelecek hafta",
            "relativeTime-type-future": {
              "relativeTimePattern-count-one": "{0} hf. sonra",
              "relativeTimePattern-count-other": "{0} hf. sonra"
            },
            "relativeTime-type-past": {
              "relativeTimePattern-count-one": "{0} hf. önce",
              "relativeTimePattern-count-other": "{0} hf. önce"
            },
            "relativePeriod": "{0} haftası"
          },
          "weekOfMonth": {
            "displayName": "ayın haftası"
          },
          "weekOfMonth-short": {
            "displayName": "ayın haftası"
          },
          "weekOfMonth-narrow": {
            "displayName": "ayın haftası"
          },
          "day": {
            "displayName": "gün",
            "relative-type--2": "evvelsi gün",
            "relative-type--1": "dün",
            "relative-type-0": "bugün",
            "relative-type-1": "yarın",
            "relative-type-2": "öbür gün",
            "relativeTime-type-future": {
              "relativeTimePattern-count-one": "{0} gün sonra",
              "relativeTimePattern-count-other": "{0} gün sonra"
            },
            "relativeTime-type-past": {
              "relativeTimePattern-count-one": "{0} gün önce",
              "relativeTimePattern-count-other": "{0} gün önce"
            }
          },
          "day-short": {
            "displayName": "gün",
            "relative-type--2": "evvelsi gün",
            "relative-type--1": "dün",
            "relative-type-0": "bugün",
            "relative-type-1": "yarın",
            "relative-type-2": "öbür gün",
            "relativeTime-type-future": {
              "relativeTimePattern-count-one": "{0} gün sonra",
              "relativeTimePattern-count-other": "{0} gün sonra"
            },
            "relativeTime-type-past": {
              "relativeTimePattern-count-one": "{0} gün önce",
              "relativeTimePattern-count-other": "{0} gün önce"
            }
          },
          "day-narrow": {
            "displayName": "gün",
            "relative-type--2": "evvelsi gün",
            "relative-type--1": "dün",
            "relative-type-0": "bugün",
            "relative-type-1": "yarın",
            "relative-type-2": "öbür gün",
            "relativeTime-type-future": {
              "relativeTimePattern-count-one": "{0} gün sonra",
              "relativeTimePattern-count-other": "{0} gün sonra"
            },
            "relativeTime-type-past": {
              "relativeTimePattern-count-one": "{0} gün önce",
              "relativeTimePattern-count-other": "{0} gün önce"
            }
          },
          "dayOfYear": {
            "displayName": "yılın günü"
          },
          "dayOfYear-short": {
            "displayName": "yılın günü"
          },
          "dayOfYear-narrow": {
            "displayName": "yılın günü"
          },
          "weekday": {
            "displayName": "haftanın günü"
          },
          "weekday-short": {
            "displayName": "haftanın günü"
          },
          "weekday-narrow": {
            "displayName": "haftanın günü"
          },
          "weekdayOfMonth": {
            "displayName": "ayın günü"
          },
          "weekdayOfMonth-short": {
            "displayName": "ayın günü"
          },
          "weekdayOfMonth-narrow": {
            "displayName": "ayın günü"
          },
          "sun": {
            "relative-type--1": "geçen pazar",
            "relative-type-0": "bu pazar",
            "relative-type-1": "gelecek pazar",
            "relativeTime-type-future": {
              "relativeTimePattern-count-one": "{0} pazar sonra",
              "relativeTimePattern-count-other": "{0} pazar sonra"
            },
            "relativeTime-type-past": {
              "relativeTimePattern-count-one": "{0} pazar önce",
              "relativeTimePattern-count-other": "{0} pazar önce"
            }
          },
          "sun-short": {
            "relative-type--1": "geçen paz.",
            "relative-type-0": "bu paz.",
            "relative-type-1": "gelecek paz.",
            "relativeTime-type-future": {
              "relativeTimePattern-count-one": "{0} paz. sonra",
              "relativeTimePattern-count-other": "{0} paz. sonra"
            },
            "relativeTime-type-past": {
              "relativeTimePattern-count-one": "{0} paz. önce",
              "relativeTimePattern-count-other": "{0} paz. önce"
            }
          },
          "sun-narrow": {
            "relative-type--1": "geçen paz.",
            "relative-type-0": "bu paz.",
            "relative-type-1": "gelecek paz.",
            "relativeTime-type-future": {
              "relativeTimePattern-count-one": "{0} paz. sonra",
              "relativeTimePattern-count-other": "{0} paz. sonra"
            },
            "relativeTime-type-past": {
              "relativeTimePattern-count-one": "{0} paz. önce",
              "relativeTimePattern-count-other": "{0} paz. önce"
            }
          },
          "mon": {
            "relative-type--1": "geçen pazartesi",
            "relative-type-0": "bu pazartesi",
            "relative-type-1": "gelecek pazartesi",
            "relativeTime-type-future": {
              "relativeTimePattern-count-one": "{0} pazartesi sonra",
              "relativeTimePattern-count-other": "{0} pazartesi sonra"
            },
            "relativeTime-type-past": {
              "relativeTimePattern-count-one": "{0} pazartesi önce",
              "relativeTimePattern-count-other": "{0} pazartesi önce"
            }
          },
          "mon-short": {
            "relative-type--1": "geçen pzt.",
            "relative-type-0": "bu pzt.",
            "relative-type-1": "gelecek pzt.",
            "relativeTime-type-future": {
              "relativeTimePattern-count-one": "{0} pzt. sonra",
              "relativeTimePattern-count-other": "{0} pzt. sonra"
            },
            "relativeTime-type-past": {
              "relativeTimePattern-count-one": "{0} pzt. önce",
              "relativeTimePattern-count-other": "{0} pzt. önce"
            }
          },
          "mon-narrow": {
            "relative-type--1": "geçen pzt.",
            "relative-type-0": "bu pzt.",
            "relative-type-1": "gelecek pzt.",
            "relativeTime-type-future": {
              "relativeTimePattern-count-one": "{0} pzt. sonra",
              "relativeTimePattern-count-other": "{0} pzt. sonra"
            },
            "relativeTime-type-past": {
              "relativeTimePattern-count-one": "{0} pzt. önce",
              "relativeTimePattern-count-other": "{0} pzt. önce"
            }
          },
          "tue": {
            "relative-type--1": "geçen salı",
            "relative-type-0": "bu salı",
            "relative-type-1": "gelecek salı",
            "relativeTime-type-future": {
              "relativeTimePattern-count-one": "{0} salı sonra",
              "relativeTimePattern-count-other": "{0} salı sonra"
            },
            "relativeTime-type-past": {
              "relativeTimePattern-count-one": "{0} salı önce",
              "relativeTimePattern-count-other": "{0} salı önce"
            }
          },
          "tue-short": {
            "relative-type--1": "geçen salı",
            "relative-type-0": "bu salı",
            "relative-type-1": "gelecek salı",
            "relativeTime-type-future": {
              "relativeTimePattern-count-one": "{0} salı sonra",
              "relativeTimePattern-count-other": "{0} salı sonra"
            },
            "relativeTime-type-past": {
              "relativeTimePattern-count-one": "{0} salı önce",
              "relativeTimePattern-count-other": "{0} salı önce"
            }
          },
          "tue-narrow": {
            "relative-type--1": "geçen salı",
            "relative-type-0": "bu salı",
            "relative-type-1": "gelecek salı",
            "relativeTime-type-future": {
              "relativeTimePattern-count-one": "{0} salı sonra",
              "relativeTimePattern-count-other": "{0} salı sonra"
            },
            "relativeTime-type-past": {
              "relativeTimePattern-count-one": "{0} salı önce",
              "relativeTimePattern-count-other": "{0} salı önce"
            }
          },
          "wed": {
            "relative-type--1": "geçen çarşamba",
            "relative-type-0": "bu çarşamba",
            "relative-type-1": "gelecek çarşamba",
            "relativeTime-type-future": {
              "relativeTimePattern-count-one": "{0} çarşamba sonra",
              "relativeTimePattern-count-other": "{0} çarşamba sonra"
            },
            "relativeTime-type-past": {
              "relativeTimePattern-count-one": "{0} çarşamba önce",
              "relativeTimePattern-count-other": "{0} çarşamba önce"
            }
          },
          "wed-short": {
            "relative-type--1": "geçen çar.",
            "relative-type-0": "bu çar.",
            "relative-type-1": "gelecek çar.",
            "relativeTime-type-future": {
              "relativeTimePattern-count-one": "{0} çar. sonra",
              "relativeTimePattern-count-other": "{0} çar. sonra"
            },
            "relativeTime-type-past": {
              "relativeTimePattern-count-one": "{0} çar. önce",
              "relativeTimePattern-count-other": "{0} çar. önce"
            }
          },
          "wed-narrow": {
            "relative-type--1": "geçen çar.",
            "relative-type-0": "bu çar.",
            "relative-type-1": "gelecek çar.",
            "relativeTime-type-future": {
              "relativeTimePattern-count-one": "{0} çar. sonra",
              "relativeTimePattern-count-other": "{0} çar. sonra"
            },
            "relativeTime-type-past": {
              "relativeTimePattern-count-one": "{0} çar. önce",
              "relativeTimePattern-count-other": "{0} çar. önce"
            }
          },
          "thu": {
            "relative-type--1": "geçen perşembe",
            "relative-type-0": "bu perşembe",
            "relative-type-1": "gelecek perşembe",
            "relativeTime-type-future": {
              "relativeTimePattern-count-one": "{0} perşembe sonra",
              "relativeTimePattern-count-other": "{0} perşembe sonra"
            },
            "relativeTime-type-past": {
              "relativeTimePattern-count-one": "{0} perşembe önce",
              "relativeTimePattern-count-other": "{0} perşembe önce"
            }
          },
          "thu-short": {
            "relative-type--1": "geçen per.",
            "relative-type-0": "bu per.",
            "relative-type-1": "gelecek per.",
            "relativeTime-type-future": {
              "relativeTimePattern-count-one": "{0} per. sonra",
              "relativeTimePattern-count-other": "{0} per. sonra"
            },
            "relativeTime-type-past": {
              "relativeTimePattern-count-one": "{0} per. önce",
              "relativeTimePattern-count-other": "{0} per. önce"
            }
          },
          "thu-narrow": {
            "relative-type--1": "geçen per.",
            "relative-type-0": "bu per.",
            "relative-type-1": "gelecek per.",
            "relativeTime-type-future": {
              "relativeTimePattern-count-one": "{0} per. sonra",
              "relativeTimePattern-count-other": "{0} per. sonra"
            },
            "relativeTime-type-past": {
              "relativeTimePattern-count-one": "{0} per. önce",
              "relativeTimePattern-count-other": "{0} per. önce"
            }
          },
          "fri": {
            "relative-type--1": "geçen cuma",
            "relative-type-0": "bu cuma",
            "relative-type-1": "gelecek cuma",
            "relativeTime-type-future": {
              "relativeTimePattern-count-one": "{0} cuma sonra",
              "relativeTimePattern-count-other": "{0} cuma sonra"
            },
            "relativeTime-type-past": {
              "relativeTimePattern-count-one": "{0} cuma önce",
              "relativeTimePattern-count-other": "{0} cuma önce"
            }
          },
          "fri-short": {
            "relative-type--1": "geçen cuma",
            "relative-type-0": "bu cuma",
            "relative-type-1": "gelecek cuma",
            "relativeTime-type-future": {
              "relativeTimePattern-count-one": "{0} cuma sonra",
              "relativeTimePattern-count-other": "{0} cuma sonra"
            },
            "relativeTime-type-past": {
              "relativeTimePattern-count-one": "{0} cuma önce",
              "relativeTimePattern-count-other": "{0} cuma önce"
            }
          },
          "fri-narrow": {
            "relative-type--1": "geçen cuma",
            "relative-type-0": "bu cuma",
            "relative-type-1": "gelecek cuma",
            "relativeTime-type-future": {
              "relativeTimePattern-count-one": "{0} cuma sonra",
              "relativeTimePattern-count-other": "{0} cuma sonra"
            },
            "relativeTime-type-past": {
              "relativeTimePattern-count-one": "{0} cuma önce",
              "relativeTimePattern-count-other": "{0} cuma önce"
            }
          },
          "sat": {
            "relative-type--1": "geçen cumartesi",
            "relative-type-0": "bu cumartesi",
            "relative-type-1": "gelecek cumartesi",
            "relativeTime-type-future": {
              "relativeTimePattern-count-one": "{0} cumartesi sonra",
              "relativeTimePattern-count-other": "{0} cumartesi sonra"
            },
            "relativeTime-type-past": {
              "relativeTimePattern-count-one": "{0} cumartesi önce",
              "relativeTimePattern-count-other": "{0} cumartesi önce"
            }
          },
          "sat-short": {
            "relative-type--1": "geçen cmt.",
            "relative-type-0": "bu cmt.",
            "relative-type-1": "gelecek cmt.",
            "relativeTime-type-future": {
              "relativeTimePattern-count-one": "{0} cmt. sonra",
              "relativeTimePattern-count-other": "{0} cmt. sonra"
            },
            "relativeTime-type-past": {
              "relativeTimePattern-count-one": "{0} cmt. önce",
              "relativeTimePattern-count-other": "{0} cmt. önce"
            }
          },
          "sat-narrow": {
            "relative-type--1": "geçen cmt.",
            "relative-type-0": "bu cmt.",
            "relative-type-1": "gelecek cmt.",
            "relativeTime-type-future": {
              "relativeTimePattern-count-one": "{0} cmt. sonra",
              "relativeTimePattern-count-other": "{0} cmt. sonra"
            },
            "relativeTime-type-past": {
              "relativeTimePattern-count-one": "{0} cmt. önce",
              "relativeTimePattern-count-other": "{0} cmt. önce"
            }
          },
          "dayperiod-short": {
            "displayName": "ÖÖ/ÖS"
          },
          "dayperiod": {
            "displayName": "ÖÖ/ÖS"
          },
          "dayperiod-narrow": {
            "displayName": "ÖÖ/ÖS"
          },
          "hour": {
            "displayName": "saat",
            "relative-type-0": "bu saat",
            "relativeTime-type-future": {
              "relativeTimePattern-count-one": "{0} saat sonra",
              "relativeTimePattern-count-other": "{0} saat sonra"
            },
            "relativeTime-type-past": {
              "relativeTimePattern-count-one": "{0} saat önce",
              "relativeTimePattern-count-other": "{0} saat önce"
            }
          },
          "hour-short": {
            "displayName": "sa.",
            "relative-type-0": "bu saat",
            "relativeTime-type-future": {
              "relativeTimePattern-count-one": "{0} sa. sonra",
              "relativeTimePattern-count-other": "{0} sa. sonra"
            },
            "relativeTime-type-past": {
              "relativeTimePattern-count-one": "{0} sa. önce",
              "relativeTimePattern-count-other": "{0} sa. önce"
            }
          },
          "hour-narrow": {
            "displayName": "sa.",
            "relative-type-0": "bu saat",
            "relativeTime-type-future": {
              "relativeTimePattern-count-one": "{0} sa. sonra",
              "relativeTimePattern-count-other": "{0} sa. sonra"
            },
            "relativeTime-type-past": {
              "relativeTimePattern-count-one": "{0} sa. önce",
              "relativeTimePattern-count-other": "{0} sa. önce"
            }
          },
          "minute": {
            "displayName": "dakika",
            "relative-type-0": "bu dakika",
            "relativeTime-type-future": {
              "relativeTimePattern-count-one": "{0} dakika sonra",
              "relativeTimePattern-count-other": "{0} dakika sonra"
            },
            "relativeTime-type-past": {
              "relativeTimePattern-count-one": "{0} dakika önce",
              "relativeTimePattern-count-other": "{0} dakika önce"
            }
          },
          "minute-short": {
            "displayName": "dk.",
            "relative-type-0": "bu dakika",
            "relativeTime-type-future": {
              "relativeTimePattern-count-one": "{0} dk. sonra",
              "relativeTimePattern-count-other": "{0} dk. sonra"
            },
            "relativeTime-type-past": {
              "relativeTimePattern-count-one": "{0} dk. önce",
              "relativeTimePattern-count-other": "{0} dk. önce"
            }
          },
          "minute-narrow": {
            "displayName": "dk.",
            "relative-type-0": "bu dakika",
            "relativeTime-type-future": {
              "relativeTimePattern-count-one": "{0} dk. sonra",
              "relativeTimePattern-count-other": "{0} dk. sonra"
            },
            "relativeTime-type-past": {
              "relativeTimePattern-count-one": "{0} dk. önce",
              "relativeTimePattern-count-other": "{0} dk. önce"
            }
          },
          "second": {
            "displayName": "saniye",
            "relative-type-0": "şimdi",
            "relativeTime-type-future": {
              "relativeTimePattern-count-one": "{0} saniye sonra",
              "relativeTimePattern-count-other": "{0} saniye sonra"
            },
            "relativeTime-type-past": {
              "relativeTimePattern-count-one": "{0} saniye önce",
              "relativeTimePattern-count-other": "{0} saniye önce"
            }
          },
          "second-short": {
            "displayName": "sn.",
            "relative-type-0": "şimdi",
            "relativeTime-type-future": {
              "relativeTimePattern-count-one": "{0} sn. sonra",
              "relativeTimePattern-count-other": "{0} sn. sonra"
            },
            "relativeTime-type-past": {
              "relativeTimePattern-count-one": "{0} sn. önce",
              "relativeTimePattern-count-other": "{0} sn. önce"
            }
          },
          "second-narrow": {
            "displayName": "sn.",
            "relative-type-0": "şimdi",
            "relativeTime-type-future": {
              "relativeTimePattern-count-one": "{0} sn. sonra",
              "relativeTimePattern-count-other": "{0} sn. sonra"
            },
            "relativeTime-type-past": {
              "relativeTimePattern-count-one": "{0} sn. önce",
              "relativeTimePattern-count-other": "{0} sn. önce"
            }
          },
          "zone": {
            "displayName": "saat dilimi"
          },
          "zone-short": {
            "displayName": "dilim"
          },
          "zone-narrow": {
            "displayName": "dilim"
          }
        }
      }
    }
  }
}
