{
  "main": {
    "bs": {
      "identity": {
        "version": {
          "_number": "$Revision: 13705 $",
          "_cldrVersion": "32.0.1"
        },
        "language": "bs"
      },
      "dates": {
        "fields": {
          "era": {
            "displayName": "era"
          },
          "era-short": {
            "displayName": "era"
          },
          "era-narrow": {
            "displayName": "era"
          },
          "year": {
            "displayName": "godina",
            "relative-type--1": "prošle godine",
            "relative-type-0": "ove godine",
            "relative-type-1": "sljedeće godine",
            "relativeTime-type-future": {
              "relativeTimePattern-count-one": "za {0} godinu",
              "relativeTimePattern-count-few": "za {0} godine",
              "relativeTimePattern-count-other": "za {0} godina"
            },
            "relativeTime-type-past": {
              "relativeTimePattern-count-one": "prije {0} godinu",
              "relativeTimePattern-count-few": "prije {0} godine",
              "relativeTimePattern-count-other": "prije {0} godina"
            }
          },
          "year-short": {
            "displayName": "god.",
            "relative-type--1": "prošle godine",
            "relative-type-0": "ove godine",
            "relative-type-1": "sljedeće godine",
            "relativeTime-type-future": {
              "relativeTimePattern-count-one": "za {0} god.",
              "relativeTimePattern-count-few": "za {0} god.",
              "relativeTimePattern-count-other": "za {0} god."
            },
            "relativeTime-type-past": {
              "relativeTimePattern-count-one": "prije {0} god.",
              "relativeTimePattern-count-few": "prije {0} god.",
              "relativeTimePattern-count-other": "prije {0} god."
            }
          },
          "year-narrow": {
            "displayName": "g.",
            "relative-type--1": "prošle godine",
            "relative-type-0": "ove godine",
            "relative-type-1": "sljedeće godine",
            "relativeTime-type-future": {
              "relativeTimePattern-count-one": "za {0} g.",
              "relativeTimePattern-count-few": "za {0} g.",
              "relativeTimePattern-count-other": "za {0} g."
            },
            "relativeTime-type-past": {
              "relativeTimePattern-count-one": "prije {0} g.",
              "relativeTimePattern-count-few": "prije {0} g.",
              "relativeTimePattern-count-other": "prije {0} g."
            }
          },
          "quarter": {
            "displayName": "kvartal",
            "relative-type--1": "posljednji kvartal",
            "relative-type-0": "ovaj kvartal",
            "relative-type-1": "sljedeći kvartal",
            "relativeTime-type-future": {
              "relativeTimePattern-count-one": "za {0} kvartal",
              "relativeTimePattern-count-few": "za {0} kvartala",
              "relativeTimePattern-count-other": "za {0} kvartala"
            },
            "relativeTime-type-past": {
              "relativeTimePattern-count-one": "prije {0} kvartal",
              "relativeTimePattern-count-few": "prije {0} kvartala",
              "relativeTimePattern-count-other": "prije {0} kvartala"
            }
          },
          "quarter-short": {
            "displayName": "kv.",
            "relative-type--1": "posljednji kvartal",
            "relative-type-0": "ovaj kvartal",
            "relative-type-1": "sljedeći kvartal",
            "relativeTime-type-future": {
              "relativeTimePattern-count-one": "za {0} kv.",
              "relativeTimePattern-count-few": "za {0} kv.",
              "relativeTimePattern-count-other": "za {0} kv."
            },
            "relativeTime-type-past": {
              "relativeTimePattern-count-one": "prije {0} kv.",
              "relativeTimePattern-count-few": "prije {0} kv.",
              "relativeTimePattern-count-other": "prije {0} kv."
            }
          },
          "quarter-narrow": {
            "displayName": "kv.",
            "relative-type--1": "posljednji kvartal",
            "relative-type-0": "ovaj kvartal",
            "relative-type-1": "sljedeći kvartal",
            "relativeTime-type-future": {
              "relativeTimePattern-count-one": "za {0} kv.",
              "relativeTimePattern-count-few": "za {0} kv.",
              "relativeTimePattern-count-other": "za {0} kv."
            },
            "relativeTime-type-past": {
              "relativeTimePattern-count-one": "prije {0} kv.",
              "relativeTimePattern-count-few": "prije {0} kv.",
              "relativeTimePattern-count-other": "prije {0} kv."
            }
          },
          "month": {
            "displayName": "mjesec",
            "relative-type--1": "prošli mjesec",
            "relative-type-0": "ovaj mjesec",
            "relative-type-1": "sljedeći mjesec",
            "relativeTime-type-future": {
              "relativeTimePattern-count-one": "za {0} mjesec",
              "relativeTimePattern-count-few": "za {0} mjeseca",
              "relativeTimePattern-count-other": "za {0} mjeseci"
            },
            "relativeTime-type-past": {
              "relativeTimePattern-count-one": "prije {0} mjesec",
              "relativeTimePattern-count-few": "prije {0} mjeseca",
              "relativeTimePattern-count-other": "prije {0} mjeseci"
            }
          },
          "month-short": {
            "displayName": "mj.",
            "relative-type--1": "prošli mjesec",
            "relative-type-0": "ovaj mjesec",
            "relative-type-1": "sljedeći mjesec",
            "relativeTime-type-future": {
              "relativeTimePattern-count-one": "za {0} mj.",
              "relativeTimePattern-count-few": "za {0} mj.",
              "relativeTimePattern-count-other": "za {0} mj."
            },
            "relativeTime-type-past": {
              "relativeTimePattern-count-one": "prije {0} mj.",
              "relativeTimePattern-count-few": "prije {0} mj.",
              "relativeTimePattern-count-other": "prije {0} mj."
            }
          },
          "month-narrow": {
            "displayName": "mj.",
            "relative-type--1": "prošli mjesec",
            "relative-type-0": "ovaj mjesec",
            "relative-type-1": "sljedeći mjesec",
            "relativeTime-type-future": {
              "relativeTimePattern-count-one": "za {0} mj.",
              "relativeTimePattern-count-few": "za {0} mj.",
              "relativeTimePattern-count-other": "za {0} mj."
            },
            "relativeTime-type-past": {
              "relativeTimePattern-count-one": "prije {0} mj.",
              "relativeTimePattern-count-few": "prije {0} mj.",
              "relativeTimePattern-count-other": "prije {0} mj."
            }
          },
          "week": {
            "displayName": "sedmica",
            "relative-type--1": "prošle sedmice",
            "relative-type-0": "ove sedmice",
            "relative-type-1": "sljedeće sedmice",
            "relativeTime-type-future": {
              "relativeTimePattern-count-one": "za {0} sedmicu",
              "relativeTimePattern-count-few": "za {0} sedmice",
              "relativeTimePattern-count-other": "za {0} sedmica"
            },
            "relativeTime-type-past": {
              "relativeTimePattern-count-one": "prije {0} sedmicu",
              "relativeTimePattern-count-few": "prije {0} sedmice",
              "relativeTimePattern-count-other": "prije {0} sedmica"
            },
            "relativePeriod": "sedmica u kojoj je {0}"
          },
          "week-short": {
            "displayName": "sed.",
            "relative-type--1": "prošle sedmice",
            "relative-type-0": "ove sedmice",
            "relative-type-1": "sljedeće sedmice",
            "relativeTime-type-future": {
              "relativeTimePattern-count-one": "za {0} sed.",
              "relativeTimePattern-count-few": "za {0} sed.",
              "relativeTimePattern-count-other": "za {0} sed."
            },
            "relativeTime-type-past": {
              "relativeTimePattern-count-one": "prije {0} sed.",
              "relativeTimePattern-count-few": "prije {0} sed.",
              "relativeTimePattern-count-other": "prije {0} sed."
            },
            "relativePeriod": "sedmica u kojoj je {0}"
          },
          "week-narrow": {
            "displayName": "sed.",
            "relative-type--1": "prošle sedmice",
            "relative-type-0": "ove sedmice",
            "relative-type-1": "sljedeće sedmice",
            "relativeTime-type-future": {
              "relativeTimePattern-count-one": "za {0} sed.",
              "relativeTimePattern-count-few": "za {0} sed.",
              "relativeTimePattern-count-other": "za {0} sed."
            },
            "relativeTime-type-past": {
              "relativeTimePattern-count-one": "prije {0} sed.",
              "relativeTimePattern-count-few": "prije {0} sed.",
              "relativeTimePattern-count-other": "prije {0} sed."
            },
            "relativePeriod": "sedmica u kojoj je {0}"
          },
          "weekOfMonth": {
            "displayName": "sedmica u mjesecu"
          },
          "weekOfMonth-short": {
            "displayName": "sed. u mj."
          },
          "weekOfMonth-narrow": {
            "displayName": "s. u mj."
          },
          "day": {
            "displayName": "dan",
            "relative-type--2": "prekjučer",
            "relative-type--1": "jučer",
            "relative-type-0": "danas",
            "relative-type-1": "sutra",
            "relative-type-2": "prekosutra",
            "relativeTime-type-future": {
              "relativeTimePattern-count-one": "za {0} dan",
              "relativeTimePattern-count-few": "za {0} dana",
              "relativeTimePattern-count-other": "za {0} dana"
            },
            "relativeTime-type-past": {
              "relativeTimePattern-count-one": "prije {0} dan",
              "relativeTimePattern-count-few": "prije {0} dana",
              "relativeTimePattern-count-other": "prije {0} dana"
            }
          },
          "day-short": {
            "displayName": "dan",
            "relative-type--2": "prekjučer",
            "relative-type--1": "jučer",
            "relative-type-0": "danas",
            "relative-type-1": "sutra",
            "relative-type-2": "prekosutra",
            "relativeTime-type-future": {
              "relativeTimePattern-count-one": "za {0} d.",
              "relativeTimePattern-count-few": "za {0} d.",
              "relativeTimePattern-count-other": "za {0} d."
            },
            "relativeTime-type-past": {
              "relativeTimePattern-count-one": "prije {0} d.",
              "relativeTimePattern-count-few": "prije {0} d.",
              "relativeTimePattern-count-other": "prije {0} d."
            }
          },
          "day-narrow": {
            "displayName": "dan",
            "relative-type--2": "prekjučer",
            "relative-type--1": "jučer",
            "relative-type-0": "danas",
            "relative-type-1": "sutra",
            "relative-type-2": "prekosutra",
            "relativeTime-type-future": {
              "relativeTimePattern-count-one": "za {0} d.",
              "relativeTimePattern-count-few": "za {0} d.",
              "relativeTimePattern-count-other": "za {0} d."
            },
            "relativeTime-type-past": {
              "relativeTimePattern-count-one": "prije {0} d.",
              "relativeTimePattern-count-few": "prije {0} d.",
              "relativeTimePattern-count-other": "prije {0} d."
            }
          },
          "dayOfYear": {
            "displayName": "dan u godini"
          },
          "dayOfYear-short": {
            "displayName": "dan u god."
          },
          "dayOfYear-narrow": {
            "displayName": "dan u g."
          },
          "weekday": {
            "displayName": "dan u sedmici"
          },
          "weekday-short": {
            "displayName": "dan u sed."
          },
          "weekday-narrow": {
            "displayName": "dan u sed."
          },
          "weekdayOfMonth": {
            "displayName": "dan u mjesecu"
          },
          "weekdayOfMonth-short": {
            "displayName": "dan u mj."
          },
          "weekdayOfMonth-narrow": {
            "displayName": "d. u mj."
          },
          "sun": {
            "relative-type--1": "prošla nedjelja",
            "relative-type-0": "ova nedjelja",
            "relative-type-1": "sljedeća nedjelja",
            "relativeTime-type-future": {
              "relativeTimePattern-count-one": "za {0} nedjelju",
              "relativeTimePattern-count-few": "za {0} nedjelje",
              "relativeTimePattern-count-other": "za {0} nedjelja"
            },
            "relativeTime-type-past": {
              "relativeTimePattern-count-one": "prije {0} nedjelju",
              "relativeTimePattern-count-few": "prije {0} nedjelje",
              "relativeTimePattern-count-other": "prije {0} nedjelja"
            }
          },
          "sun-short": {
            "relative-type--1": "prošla ned.",
            "relative-type-0": "ova ned.",
            "relative-type-1": "sljedeća ned.",
            "relativeTime-type-future": {
              "relativeTimePattern-count-one": "za {0} nedjelju",
              "relativeTimePattern-count-few": "za {0} nedjelje",
              "relativeTimePattern-count-other": "za {0} nedjelja"
            },
            "relativeTime-type-past": {
              "relativeTimePattern-count-one": "prije {0} nedjelju",
              "relativeTimePattern-count-few": "prije {0} nedjelje",
              "relativeTimePattern-count-other": "prije {0} nedjelja"
            }
          },
          "sun-narrow": {
            "relative-type--1": "prošla ned.",
            "relative-type-0": "ova ned.",
            "relative-type-1": "sljedeća ned.",
            "relativeTime-type-future": {
              "relativeTimePattern-count-one": "za {0} nedjelju",
              "relativeTimePattern-count-few": "za {0} nedjelje",
              "relativeTimePattern-count-other": "za {0} nedjelja"
            },
            "relativeTime-type-past": {
              "relativeTimePattern-count-one": "prije {0} nedjelju",
              "relativeTimePattern-count-few": "prije {0} nedjelje",
              "relativeTimePattern-count-other": "prije {0} nedjelja"
            }
          },
          "mon": {
            "relative-type--1": "prošli ponedjeljak",
            "relative-type-0": "ovaj ponedjeljak",
            "relative-type-1": "sljedeći ponedjeljak",
            "relativeTime-type-future": {
              "relativeTimePattern-count-one": "za {0} ponedjeljak",
              "relativeTimePattern-count-few": "za {0} ponedjeljka",
              "relativeTimePattern-count-other": "za {0} ponedjeljaka"
            },
            "relativeTime-type-past": {
              "relativeTimePattern-count-one": "prije {0} ponedjeljak",
              "relativeTimePattern-count-few": "prije {0} ponedjeljka",
              "relativeTimePattern-count-other": "prije {0} ponedjeljaka"
            }
          },
          "mon-short": {
            "relative-type--1": "prošli pon.",
            "relative-type-0": "ovaj pon.",
            "relative-type-1": "sljedeći pon",
            "relativeTime-type-future": {
              "relativeTimePattern-count-one": "za {0} ponedjeljak",
              "relativeTimePattern-count-few": "za {0} ponedjeljka",
              "relativeTimePattern-count-other": "za {0} ponedjeljaka"
            },
            "relativeTime-type-past": {
              "relativeTimePattern-count-one": "prije {0} ponedjeljak",
              "relativeTimePattern-count-few": "prije {0} ponedjeljka",
              "relativeTimePattern-count-other": "prije {0} ponedjeljaka"
            }
          },
          "mon-narrow": {
            "relative-type--1": "prošli pon.",
            "relative-type-0": "ovaj pon.",
            "relative-type-1": "sljedeći pon.",
            "relativeTime-type-future": {
              "relativeTimePattern-count-one": "za {0} ponedjeljak",
              "relativeTimePattern-count-few": "za {0} ponedjeljka",
              "relativeTimePattern-count-other": "za {0} ponedjeljaka"
            },
            "relativeTime-type-past": {
              "relativeTimePattern-count-one": "prije {0} ponedjeljak",
              "relativeTimePattern-count-few": "prije {0} ponedjeljka",
              "relativeTimePattern-count-other": "prije {0} ponedjeljaka"
            }
          },
          "tue": {
            "relative-type--1": "prošli utorak",
            "relative-type-0": "ovaj utorak",
            "relative-type-1": "sljedeći utorak",
            "relativeTime-type-future": {
              "relativeTimePattern-count-one": "za {0} utorak",
              "relativeTimePattern-count-few": "za {0} utorka",
              "relativeTimePattern-count-other": "za {0} utoraka"
            },
            "relativeTime-type-past": {
              "relativeTimePattern-count-one": "prije {0} utorak",
              "relativeTimePattern-count-few": "prije {0} utorka",
              "relativeTimePattern-count-other": "prije {0} utoraka"
            }
          },
          "tue-short": {
            "relative-type--1": "prošli uto.",
            "relative-type-0": "ovaj uto.",
            "relative-type-1": "sljedeći uto.",
            "relativeTime-type-future": {
              "relativeTimePattern-count-one": "za {0} utorak",
              "relativeTimePattern-count-few": "za {0} utorka",
              "relativeTimePattern-count-other": "za {0} utoraka"
            },
            "relativeTime-type-past": {
              "relativeTimePattern-count-one": "prije {0} utorak",
              "relativeTimePattern-count-few": "prije {0} utorka",
              "relativeTimePattern-count-other": "prije {0} utoraka"
            }
          },
          "tue-narrow": {
            "relative-type--1": "prošli uto.",
            "relative-type-0": "ovaj uto.",
            "relative-type-1": "sljedeći uto.",
            "relativeTime-type-future": {
              "relativeTimePattern-count-one": "za {0} utorak",
              "relativeTimePattern-count-few": "za {0} utorka",
              "relativeTimePattern-count-other": "za {0} utoraka"
            },
            "relativeTime-type-past": {
              "relativeTimePattern-count-one": "prije {0} utorak",
              "relativeTimePattern-count-few": "prije {0} utorka",
              "relativeTimePattern-count-other": "prije {0} utoraka"
            }
          },
          "wed": {
            "relative-type--1": "prošla srijeda",
            "relative-type-0": "ova srijeda",
            "relative-type-1": "sljedeća srijeda",
            "relativeTime-type-future": {
              "relativeTimePattern-count-one": "za {0} srijedu",
              "relativeTimePattern-count-few": "za {0} srijede",
              "relativeTimePattern-count-other": "za {0} srijeda"
            },
            "relativeTime-type-past": {
              "relativeTimePattern-count-one": "prije {0} srijedu",
              "relativeTimePattern-count-few": "prije {0} srijede",
              "relativeTimePattern-count-other": "prije {0} srijeda"
            }
          },
          "wed-short": {
            "relative-type--1": "prošla sri.",
            "relative-type-0": "ova sri.",
            "relative-type-1": "sljedeća sri.",
            "relativeTime-type-future": {
              "relativeTimePattern-count-one": "za {0} srijedu",
              "relativeTimePattern-count-few": "za {0} srijede",
              "relativeTimePattern-count-other": "za {0} srijeda"
            },
            "relativeTime-type-past": {
              "relativeTimePattern-count-one": "prije {0} srijedu",
              "relativeTimePattern-count-few": "prije {0} srijede",
              "relativeTimePattern-count-other": "prije {0} srijeda"
            }
          },
          "wed-narrow": {
            "relative-type--1": "prošla sri.",
            "relative-type-0": "ova sri.",
            "relative-type-1": "sljedeća sri.",
            "relativeTime-type-future": {
              "relativeTimePattern-count-one": "za {0} srijedu",
              "relativeTimePattern-count-few": "za {0} srijede",
              "relativeTimePattern-count-other": "za {0} srijeda"
            },
            "relativeTime-type-past": {
              "relativeTimePattern-count-one": "prije {0} srijedu",
              "relativeTimePattern-count-few": "prije {0} srijede",
              "relativeTimePattern-count-other": "prije {0} srijeda"
            }
          },
          "thu": {
            "relative-type--1": "prošli četvrtak",
            "relative-type-0": "ovaj četvrtak",
            "relative-type-1": "sljedeći četvrtak",
            "relativeTime-type-future": {
              "relativeTimePattern-count-one": "za {0} četvrtak",
              "relativeTimePattern-count-few": "za {0} četvrtka",
              "relativeTimePattern-count-other": "za {0} četvrtaka"
            },
            "relativeTime-type-past": {
              "relativeTimePattern-count-one": "prije {0} četvrtak",
              "relativeTimePattern-count-few": "prije {0} četvrtka",
              "relativeTimePattern-count-other": "prije {0} četvrtaka"
            }
          },
          "thu-short": {
            "relative-type--1": "prošli čet.",
            "relative-type-0": "ovaj čet.",
            "relative-type-1": "sljedeći čet.",
            "relativeTime-type-future": {
              "relativeTimePattern-count-one": "za {0} četvrtak",
              "relativeTimePattern-count-few": "za {0} četvrtka",
              "relativeTimePattern-count-other": "za {0} četvrtaka"
            },
            "relativeTime-type-past": {
              "relativeTimePattern-count-one": "prije {0} četvrtak",
              "relativeTimePattern-count-few": "prije {0} četvrtka",
              "relativeTimePattern-count-other": "prije {0} četvrtaka"
            }
          },
          "thu-narrow": {
            "relative-type--1": "prošli čet.",
            "relative-type-0": "ovaj čet.",
            "relative-type-1": "sljedeći čet.",
            "relativeTime-type-future": {
              "relativeTimePattern-count-one": "za {0} četvrtak",
              "relativeTimePattern-count-few": "za {0} četvrtka",
              "relativeTimePattern-count-other": "za {0} četvrtaka"
            },
            "relativeTime-type-past": {
              "relativeTimePattern-count-one": "prije {0} četvrtak",
              "relativeTimePattern-count-few": "prije {0} četvrtka",
              "relativeTimePattern-count-other": "prije {0} četvrtaka"
            }
          },
          "fri": {
            "relative-type--1": "prošli petak",
            "relative-type-0": "ovaj petak",
            "relative-type-1": "sljedeći petak",
            "relativeTime-type-future": {
              "relativeTimePattern-count-one": "za {0} petak",
              "relativeTimePattern-count-few": "za {0} petka",
              "relativeTimePattern-count-other": "za {0} petaka"
            },
            "relativeTime-type-past": {
              "relativeTimePattern-count-one": "prije {0} petak",
              "relativeTimePattern-count-few": "prije {0} petka",
              "relativeTimePattern-count-other": "prije {0} petaka"
            }
          },
          "fri-short": {
            "relative-type--1": "prošli pet.",
            "relative-type-0": "ovaj pet.",
            "relative-type-1": "sljedeći pet.",
            "relativeTime-type-future": {
              "relativeTimePattern-count-one": "za {0} petak",
              "relativeTimePattern-count-few": "za {0} petka",
              "relativeTimePattern-count-other": "za {0} petaka"
            },
            "relativeTime-type-past": {
              "relativeTimePattern-count-one": "prije {0} petak",
              "relativeTimePattern-count-few": "prije {0} petka",
              "relativeTimePattern-count-other": "prije {0} petaka"
            }
          },
          "fri-narrow": {
            "relative-type--1": "prošli pet.",
            "relative-type-0": "ovaj pet.",
            "relative-type-1": "sljedeći pet.",
            "relativeTime-type-future": {
              "relativeTimePattern-count-one": "za {0} petak",
              "relativeTimePattern-count-few": "za {0} petka",
              "relativeTimePattern-count-other": "za {0} petaka"
            },
            "relativeTime-type-past": {
              "relativeTimePattern-count-one": "prije {0} petak",
              "relativeTimePattern-count-few": "prije {0} petka",
              "relativeTimePattern-count-other": "prije {0} petaka"
            }
          },
          "sat": {
            "relative-type--1": "prošla subota",
            "relative-type-0": "ova subota",
            "relative-type-1": "sljedeća subota",
            "relativeTime-type-future": {
              "relativeTimePattern-count-one": "za {0} subotu",
              "relativeTimePattern-count-few": "za {0} subote",
              "relativeTimePattern-count-other": "za {0} subota"
            },
            "relativeTime-type-past": {
              "relativeTimePattern-count-one": "prije {0} subotu",
              "relativeTimePattern-count-few": "prije {0} subote",
              "relativeTimePattern-count-other": "prije {0} subota"
            }
          },
          "sat-short": {
            "relative-type--1": "prošla sub.",
            "relative-type-0": "ova sub.",
            "relative-type-1": "sljedeća sub.",
            "relativeTime-type-future": {
              "relativeTimePattern-count-one": "za {0} subotu",
              "relativeTimePattern-count-few": "za {0} subote",
              "relativeTimePattern-count-other": "za {0} subota"
            },
            "relativeTime-type-past": {
              "relativeTimePattern-count-one": "prije {0} subotu",
              "relativeTimePattern-count-few": "prije {0} subote",
              "relativeTimePattern-count-other": "prije {0} subota"
            }
          },
          "sat-narrow": {
            "relative-type--1": "prošla sub.",
            "relative-type-0": "ova sub.",
            "relative-type-1": "sljedeća sub.",
            "relativeTime-type-future": {
              "relativeTimePattern-count-one": "za {0} subotu",
              "relativeTimePattern-count-few": "za {0} subote",
              "relativeTimePattern-count-other": "za {0} subota"
            },
            "relativeTime-type-past": {
              "relativeTimePattern-count-one": "prije {0} subotu",
              "relativeTimePattern-count-few": "prije {0} subote",
              "relativeTimePattern-count-other": "prije {0} subota"
            }
          },
          "dayperiod-short": {
            "displayName": "prijepodne/poslijepodne"
          },
          "dayperiod": {
            "displayName": "prijepodne/poslijepodne"
          },
          "dayperiod-narrow": {
            "displayName": "prijepodne/poslijepodne"
          },
          "hour": {
            "displayName": "sat",
            "relative-type-0": "ovaj sat",
            "relativeTime-type-future": {
              "relativeTimePattern-count-one": "za {0} sat",
              "relativeTimePattern-count-few": "za {0} sata",
              "relativeTimePattern-count-other": "za {0} sati"
            },
            "relativeTime-type-past": {
              "relativeTimePattern-count-one": "prije {0} sat",
              "relativeTimePattern-count-few": "prije {0} sata",
              "relativeTimePattern-count-other": "prije {0} sati"
            }
          },
          "hour-short": {
            "displayName": "h",
            "relative-type-0": "ovaj sat",
            "relativeTime-type-future": {
              "relativeTimePattern-count-one": "za {0} sat",
              "relativeTimePattern-count-few": "za {0} sata",
              "relativeTimePattern-count-other": "za {0} sati"
            },
            "relativeTime-type-past": {
              "relativeTimePattern-count-one": "prije {0} sat",
              "relativeTimePattern-count-few": "prije {0} sata",
              "relativeTimePattern-count-other": "prije {0} sati"
            }
          },
          "hour-narrow": {
            "displayName": "h",
            "relative-type-0": "ovaj sat",
            "relativeTime-type-future": {
              "relativeTimePattern-count-one": "za {0} sat",
              "relativeTimePattern-count-few": "za {0} sata",
              "relativeTimePattern-count-other": "za {0} sati"
            },
            "relativeTime-type-past": {
              "relativeTimePattern-count-one": "prije {0} sat",
              "relativeTimePattern-count-few": "prije {0} sata",
              "relativeTimePattern-count-other": "prije {0} sati"
            }
          },
          "minute": {
            "displayName": "minuta",
            "relative-type-0": "ova minuta",
            "relativeTime-type-future": {
              "relativeTimePattern-count-one": "za {0} minutu",
              "relativeTimePattern-count-few": "za {0} minute",
              "relativeTimePattern-count-other": "za {0} minuta"
            },
            "relativeTime-type-past": {
              "relativeTimePattern-count-one": "prije {0} minutu",
              "relativeTimePattern-count-few": "prije {0} minute",
              "relativeTimePattern-count-other": "prije {0} minuta"
            }
          },
          "minute-short": {
            "displayName": "min.",
            "relative-type-0": "ova minuta",
            "relativeTime-type-future": {
              "relativeTimePattern-count-one": "za {0} min.",
              "relativeTimePattern-count-few": "za {0} min.",
              "relativeTimePattern-count-other": "za {0} min."
            },
            "relativeTime-type-past": {
              "relativeTimePattern-count-one": "prije {0} min.",
              "relativeTimePattern-count-few": "prije {0} min.",
              "relativeTimePattern-count-other": "prije {0} min."
            }
          },
          "minute-narrow": {
            "displayName": "min.",
            "relative-type-0": "ova minuta",
            "relativeTime-type-future": {
              "relativeTimePattern-count-one": "za {0} min.",
              "relativeTimePattern-count-few": "za {0} min.",
              "relativeTimePattern-count-other": "za {0} min."
            },
            "relativeTime-type-past": {
              "relativeTimePattern-count-one": "prije {0} min.",
              "relativeTimePattern-count-few": "prije {0} min.",
              "relativeTimePattern-count-other": "prije {0} min."
            }
          },
          "second": {
            "displayName": "sekunda",
            "relative-type-0": "sada",
            "relativeTime-type-future": {
              "relativeTimePattern-count-one": "za {0} sekundu",
              "relativeTimePattern-count-few": "za {0} sekunde",
              "relativeTimePattern-count-other": "za {0} sekundi"
            },
            "relativeTime-type-past": {
              "relativeTimePattern-count-one": "prije {0} sekundu",
              "relativeTimePattern-count-few": "prije {0} sekunde",
              "relativeTimePattern-count-other": "prije {0} sekundi"
            }
          },
          "second-short": {
            "displayName": "sek.",
            "relative-type-0": "sada",
            "relativeTime-type-future": {
              "relativeTimePattern-count-one": "za {0} sek.",
              "relativeTimePattern-count-few": "za {0} sek.",
              "relativeTimePattern-count-other": "za {0} sek."
            },
            "relativeTime-type-past": {
              "relativeTimePattern-count-one": "prije {0} sek.",
              "relativeTimePattern-count-few": "prije {0} sek.",
              "relativeTimePattern-count-other": "prije {0} sek."
            }
          },
          "second-narrow": {
            "displayName": "s",
            "relative-type-0": "sada",
            "relativeTime-type-future": {
              "relativeTimePattern-count-one": "za {0} sek.",
              "relativeTimePattern-count-few": "za {0} sek.",
              "relativeTimePattern-count-other": "za {0} sek."
            },
            "relativeTime-type-past": {
              "relativeTimePattern-count-one": "prije {0} sek.",
              "relativeTimePattern-count-few": "prije {0} sek.",
              "relativeTimePattern-count-other": "prije {0} sek."
            }
          },
          "zone": {
            "displayName": "vremenska zona"
          },
          "zone-short": {
            "displayName": "zona"
          },
          "zone-narrow": {
            "displayName": "zona"
          }
        }
      }
    }
  }
}
