{
  "main": {
    "vi": {
      "identity": {
        "version": {
          "_number": "$Revision: 13705 $",
          "_cldrVersion": "32.0.1"
        },
        "language": "vi"
      },
      "dates": {
        "calendars": {
          "gregorian": {
            "months": {
              "format": {
                "abbreviated": {
                  "1": "thg 1",
                  "2": "thg 2",
                  "3": "thg 3",
                  "4": "thg 4",
                  "5": "thg 5",
                  "6": "thg 6",
                  "7": "thg 7",
                  "8": "thg 8",
                  "9": "thg 9",
                  "10": "thg 10",
                  "11": "thg 11",
                  "12": "thg 12"
                },
                "narrow": {
                  "1": "1",
                  "2": "2",
                  "3": "3",
                  "4": "4",
                  "5": "5",
                  "6": "6",
                  "7": "7",
                  "8": "8",
                  "9": "9",
                  "10": "10",
                  "11": "11",
                  "12": "12"
                },
                "wide": {
                  "1": "tháng 1",
                  "2": "tháng 2",
                  "3": "tháng 3",
                  "4": "tháng 4",
                  "5": "tháng 5",
                  "6": "tháng 6",
                  "7": "tháng 7",
                  "8": "tháng 8",
                  "9": "tháng 9",
                  "10": "tháng 10",
                  "11": "tháng 11",
                  "12": "tháng 12"
                }
              },
              "stand-alone": {
                "abbreviated": {
                  "1": "Thg 1",
                  "2": "Thg 2",
                  "3": "Thg 3",
                  "4": "Thg 4",
                  "5": "Thg 5",
                  "6": "Thg 6",
                  "7": "Thg 7",
                  "8": "Thg 8",
                  "9": "Thg 9",
                  "10": "Thg 10",
                  "11": "Thg 11",
                  "12": "Thg 12"
                },
                "narrow": {
                  "1": "1",
                  "2": "2",
                  "3": "3",
                  "4": "4",
                  "5": "5",
                  "6": "6",
                  "7": "7",
                  "8": "8",
                  "9": "9",
                  "10": "10",
                  "11": "11",
                  "12": "12"
                },
                "wide": {
                  "1": "Tháng 1",
                  "2": "Tháng 2",
                  "3": "Tháng 3",
                  "4": "Tháng 4",
                  "5": "Tháng 5",
                  "6": "Tháng 6",
                  "7": "Tháng 7",
                  "8": "Tháng 8",
                  "9": "Tháng 9",
                  "10": "Tháng 10",
                  "11": "Tháng 11",
                  "12": "Tháng 12"
                }
              }
            },
            "days": {
              "format": {
                "abbreviated": {
                  "sun": "CN",
                  "mon": "Th 2",
                  "tue": "Th 3",
                  "wed": "Th 4",
                  "thu": "Th 5",
                  "fri": "Th 6",
                  "sat": "Th 7"
                },
                "narrow": {
                  "sun": "CN",
                  "mon": "T2",
                  "tue": "T3",
                  "wed": "T4",
                  "thu": "T5",
                  "fri": "T6",
                  "sat": "T7"
                },
                "short": {
                  "sun": "CN",
                  "mon": "T2",
                  "tue": "T3",
                  "wed": "T4",
                  "thu": "T5",
                  "fri": "T6",
                  "sat": "T7"
                },
                "wide": {
                  "sun": "Chủ Nhật",
                  "mon": "Thứ Hai",
                  "tue": "Thứ Ba",
                  "wed": "Thứ Tư",
                  "thu": "Thứ Năm",
                  "fri": "Thứ Sáu",
                  "sat": "Thứ Bảy"
                }
              },
              "stand-alone": {
                "abbreviated": {
                  "sun": "CN",
                  "mon": "Th 2",
                  "tue": "Th 3",
                  "wed": "Th 4",
                  "thu": "Th 5",
                  "fri": "Th 6",
                  "sat": "Th 7"
                },
                "narrow": {
                  "sun": "CN",
                  "mon": "T2",
                  "tue": "T3",
                  "wed": "T4",
                  "thu": "T5",
                  "fri": "T6",
                  "sat": "T7"
                },
                "short": {
                  "sun": "CN",
                  "mon": "T2",
                  "tue": "T3",
                  "wed": "T4",
                  "thu": "T5",
                  "fri": "T6",
                  "sat": "T7"
                },
                "wide": {
                  "sun": "Chủ Nhật",
                  "mon": "Thứ Hai",
                  "tue": "Thứ Ba",
                  "wed": "Thứ Tư",
                  "thu": "Thứ Năm",
                  "fri": "Thứ Sáu",
                  "sat": "Thứ Bảy"
                }
              }
            },
            "quarters": {
              "format": {
                "abbreviated": {
                  "1": "Q1",
                  "2": "Q2",
                  "3": "Q3",
                  "4": "Q4"
                },
                "narrow": {
                  "1": "1",
                  "2": "2",
                  "3": "3",
                  "4": "4"
                },
                "wide": {
                  "1": "Quý 1",
                  "2": "Quý 2",
                  "3": "Quý 3",
                  "4": "Quý 4"
                }
              },
              "stand-alone": {
                "abbreviated": {
                  "1": "Q1",
                  "2": "Q2",
                  "3": "Q3",
                  "4": "Q4"
                },
                "narrow": {
                  "1": "1",
                  "2": "2",
                  "3": "3",
                  "4": "4"
                },
                "wide": {
                  "1": "quý 1",
                  "2": "quý 2",
                  "3": "quý 3",
                  "4": "quý 4"
                }
              }
            },
            "dayPeriods": {
              "format": {
                "abbreviated": {
                  "midnight": "nửa đêm",
                  "am": "SA",
                  "noon": "TR",
                  "pm": "CH",
                  "morning1": "sáng",
                  "afternoon1": "chiều",
                  "evening1": "tối",
                  "night1": "đêm"
                },
                "narrow": {
                  "midnight": "nửa đêm",
                  "am": "s",
                  "noon": "tr",
                  "pm": "c",
                  "morning1": "sáng",
                  "afternoon1": "chiều",
                  "evening1": "tối",
                  "night1": "đêm"
                },
                "wide": {
                  "midnight": "nửa đêm",
                  "am": "SA",
                  "noon": "TR",
                  "pm": "CH",
                  "morning1": "sáng",
                  "afternoon1": "chiều",
                  "evening1": "tối",
                  "night1": "đêm"
                }
              },
              "stand-alone": {
                "abbreviated": {
                  "midnight": "nửa đêm",
                  "am": "SA",
                  "noon": "TR",
                  "pm": "CH",
                  "morning1": "sáng",
                  "afternoon1": "chiều",
                  "evening1": "tối",
                  "night1": "đêm"
                },
                "narrow": {
                  "midnight": "nửa đêm",
                  "am": "SA",
                  "noon": "trưa",
                  "pm": "CH",
                  "morning1": "sáng",
                  "afternoon1": "chiều",
                  "evening1": "tối",
                  "night1": "đêm"
                },
                "wide": {
                  "midnight": "nửa đêm",
                  "am": "SA",
                  "noon": "trưa",
                  "pm": "CH",
                  "morning1": "sáng",
                  "afternoon1": "chiều",
                  "evening1": "tối",
                  "night1": "đêm"
                }
              }
            },
            "eras": {
              "eraNames": {
                "0": "Trước CN",
                "0-alt-variant": "BCE",
                "1": "sau CN",
                "1-alt-variant": "CN"
              },
              "eraAbbr": {
                "0": "Trước CN",
                "0-alt-variant": "BCE",
                "1": "sau CN",
                "1-alt-variant": "CN"
              },
              "eraNarrow": {
                "0": "tr. CN",
                "0-alt-variant": "BCE",
                "1": "sau CN",
                "1-alt-variant": "CN"
              }
            },
            "dateFormats": {
              "full": "EEEE, d MMMM, y",
              "long": "d MMMM, y",
              "medium": "d MMM, y",
              "short": "dd/MM/y"
            },
            "timeFormats": {
              "full": "HH:mm:ss zzzz",
              "long": "HH:mm:ss z",
              "medium": "HH:mm:ss",
              "short": "HH:mm"
            },
            "dateTimeFormats": {
              "full": "{0} {1}",
              "long": "{0} {1}",
              "medium": "{0}, {1}",
              "short": "{0}, {1}",
              "availableFormats": {
                "Bh": "h B",
                "Bhm": "h:mm B",
                "Bhms": "h:mm:ss B",
                "d": "d",
                "E": "ccc",
                "EBhm": "E h:mm B",
                "EBhms": "E h:mm:ss B",
                "Ed": "E, 'ngày' d",
                "Ehm": "E h:mm a",
                "EHm": "E HH:mm",
                "Ehms": "E h:mm:ss a",
                "EHms": "E HH:mm:ss",
                "Gy": "y G",
                "GyMMM": "MMM y G",
                "GyMMMd": "dd MMM, y G",
                "GyMMMEd": "E, dd/MM/y G",
                "h": "h a",
                "H": "HH",
                "hm": "h:mm a",
                "Hm": "H:mm",
                "hms": "h:mm:ss a",
                "Hms": "HH:mm:ss",
                "hmsv": "h:mm:ss a v",
                "Hmsv": "HH:mm:ss v",
                "hmv": "h:mm a v",
                "Hmv": "HH:mm v",
                "M": "L",
                "Md": "dd/M",
                "MEd": "E, dd/M",
                "MMdd": "dd-MM",
                "MMM": "LLL",
                "MMMd": "d MMM",
                "MMMEd": "E, d MMM",
                "MMMMd": "d MMMM",
                "MMMMEd": "E, d MMMM",
                "MMMMW-count-other": "'tuần' W 'của' 'tháng' M",
                "mmss": "mm:ss",
                "ms": "mm:ss",
                "y": "y",
                "yM": "M/y",
                "yMd": "d/M/y",
                "yMEd": "E, dd/M/y",
                "yMM": "'tháng' MM, y",
                "yMMM": "MMM y",
                "yMMMd": "d MMM, y",
                "yMMMEd": "E, d MMM, y",
                "yMMMM": "MMMM 'năm' y",
                "yQQQ": "QQQ y",
                "yQQQQ": "QQQQ 'năm' y",
                "yw-count-other": "'tuần' w 'của' 'năm' Y"
              },
              "appendItems": {
                "Day": "{0} ({2}: {1})",
                "Day-Of-Week": "{0} {1}",
                "Era": "{1} {0}",
                "Hour": "{0} ({2}: {1})",
                "Minute": "{0} ({2}: {1})",
                "Month": "{0} ({2}: {1})",
                "Quarter": "{0} ({2}: {1})",
                "Second": "{0} ({2}: {1})",
                "Timezone": "{0} {1}",
                "Week": "{0} ({2}: {1})",
                "Year": "{1} {0}"
              },
              "intervalFormats": {
                "intervalFormatFallback": "{0} - {1}",
                "d": {
                  "d": "'Ngày' dd–dd"
                },
                "h": {
                  "a": "h a – h a",
                  "h": "h–h a"
                },
                "H": {
                  "H": "HH–HH"
                },
                "hm": {
                  "a": "h:mm a – h:mm a",
                  "h": "h:mm–h:mm a",
                  "m": "h:mm–h:mm a"
                },
                "Hm": {
                  "H": "HH:mm–HH:mm",
                  "m": "HH:mm–HH:mm"
                },
                "hmv": {
                  "a": "h:mm a – h:mm a v",
                  "h": "h:mm–h:mm a v",
                  "m": "h:mm–h:mm a v"
                },
                "Hmv": {
                  "H": "HH:mm–HH:mm v",
                  "m": "HH:mm–HH:mm v"
                },
                "hv": {
                  "a": "h a – h a v",
                  "h": "h–h a v"
                },
                "Hv": {
                  "H": "HH–HH v"
                },
                "M": {
                  "M": "'Tháng' M – M"
                },
                "Md": {
                  "d": "dd/MM – dd/MM",
                  "M": "dd/MM – dd/MM"
                },
                "MEd": {
                  "d": "EEEE, dd/MM – EEEE, dd/MM",
                  "M": "EEEE, dd/MM – EEEE, dd/MM"
                },
                "MMM": {
                  "M": "MMM–MMM"
                },
                "MMMd": {
                  "d": "'Ngày' dd - 'Ngày' dd 'tháng' M",
                  "M": "'Ngày' dd 'tháng' M - 'Ngày' dd 'tháng' M"
                },
                "MMMEd": {
                  "d": "E, d MMM – E, d MMM",
                  "M": "E, d MMM – E, d MMM"
                },
                "y": {
                  "y": "y–y"
                },
                "yM": {
                  "M": "MM/y – MM/y",
                  "y": "MM/y – MM/y"
                },
                "yMd": {
                  "d": "dd/MM/y – dd/MM/y",
                  "M": "dd/MM/y – dd/MM/y",
                  "y": "dd/MM/y – dd/MM/y"
                },
                "yMEd": {
                  "d": "EEEE, dd/MM/y – EEEE, dd/MM/y",
                  "M": "EEEE, dd/MM/y – EEEE, dd/MM/y",
                  "y": "EEEE, dd/MM/y – EEEE, dd/MM/y"
                },
                "yMMM": {
                  "M": "'Tháng' M - 'Tháng' M 'năm' y",
                  "y": "'Tháng' M 'năm' y - 'Tháng' M 'năm' y"
                },
                "yMMMd": {
                  "d": "d – d MMM, y",
                  "M": "d MMM – d MMM, y",
                  "y": "'Ngày' dd 'tháng' M 'năm' y - 'Ngày' dd 'tháng' M 'năm' y"
                },
                "yMMMEd": {
                  "d": "EEEE, 'ngày' dd MMM – EEEE, 'ngày' dd MMM 'năm' y",
                  "M": "E, dd 'tháng' M – E, dd 'tháng' M, y",
                  "y": "E, dd 'tháng' M, y – E, dd 'tháng' M, y"
                },
                "yMMMM": {
                  "M": "MMMM–MMMM 'năm' y",
                  "y": "MMMM, y – MMMM, y"
                }
              }
            }
          }
        }
      }
    }
  }
}
