{
  "main": {
    "vi": {
      "identity": {
        "version": {
          "_number": "$Revision: 13705 $",
          "_cldrVersion": "32.0.1"
        },
        "language": "vi"
      },
      "dates": {
        "fields": {
          "era": {
            "displayName": "thời đại"
          },
          "era-short": {
            "displayName": "thời đại"
          },
          "era-narrow": {
            "displayName": "thời đại"
          },
          "year": {
            "displayName": "Năm",
            "relative-type--1": "năm ngoái",
            "relative-type-0": "năm nay",
            "relative-type-1": "năm sau",
            "relativeTime-type-future": {
              "relativeTimePattern-count-other": "sau {0} năm nữa"
            },
            "relativeTime-type-past": {
              "relativeTimePattern-count-other": "{0} năm trước"
            }
          },
          "year-short": {
            "displayName": "Năm",
            "relative-type--1": "năm ngoái",
            "relative-type-0": "năm nay",
            "relative-type-1": "năm sau",
            "relativeTime-type-future": {
              "relativeTimePattern-count-other": "sau {0} năm nữa"
            },
            "relativeTime-type-past": {
              "relativeTimePattern-count-other": "{0} năm trước"
            }
          },
          "year-narrow": {
            "displayName": "Năm",
            "relative-type--1": "năm ngoái",
            "relative-type-0": "năm nay",
            "relative-type-1": "năm sau",
            "relativeTime-type-future": {
              "relativeTimePattern-count-other": "sau {0} năm nữa"
            },
            "relativeTime-type-past": {
              "relativeTimePattern-count-other": "{0} năm trước"
            }
          },
          "quarter": {
            "displayName": "Quý",
            "relative-type--1": "quý trước",
            "relative-type-0": "quý này",
            "relative-type-1": "quý sau",
            "relativeTime-type-future": {
              "relativeTimePattern-count-other": "sau {0} quý nữa"
            },
            "relativeTime-type-past": {
              "relativeTimePattern-count-other": "{0} quý trước"
            }
          },
          "quarter-short": {
            "displayName": "Quý",
            "relative-type--1": "quý trước",
            "relative-type-0": "quý này",
            "relative-type-1": "quý sau",
            "relativeTime-type-future": {
              "relativeTimePattern-count-other": "sau {0} quý nữa"
            },
            "relativeTime-type-past": {
              "relativeTimePattern-count-other": "{0} quý trước"
            }
          },
          "quarter-narrow": {
            "displayName": "Quý",
            "relative-type--1": "quý trước",
            "relative-type-0": "quý này",
            "relative-type-1": "quý sau",
            "relativeTime-type-future": {
              "relativeTimePattern-count-other": "sau {0} quý nữa"
            },
            "relativeTime-type-past": {
              "relativeTimePattern-count-other": "{0} quý trước"
            }
          },
          "month": {
            "displayName": "Tháng",
            "relative-type--1": "tháng trước",
            "relative-type-0": "tháng này",
            "relative-type-1": "tháng sau",
            "relativeTime-type-future": {
              "relativeTimePattern-count-other": "sau {0} tháng nữa"
            },
            "relativeTime-type-past": {
              "relativeTimePattern-count-other": "{0} tháng trước"
            }
          },
          "month-short": {
            "displayName": "Tháng",
            "relative-type--1": "tháng trước",
            "relative-type-0": "tháng này",
            "relative-type-1": "tháng sau",
            "relativeTime-type-future": {
              "relativeTimePattern-count-other": "sau {0} tháng nữa"
            },
            "relativeTime-type-past": {
              "relativeTimePattern-count-other": "{0} tháng trước"
            }
          },
          "month-narrow": {
            "displayName": "Tháng",
            "relative-type--1": "tháng trước",
            "relative-type-0": "tháng này",
            "relative-type-1": "tháng sau",
            "relativeTime-type-future": {
              "relativeTimePattern-count-other": "sau {0} tháng nữa"
            },
            "relativeTime-type-past": {
              "relativeTimePattern-count-other": "{0} tháng trước"
            }
          },
          "week": {
            "displayName": "Tuần",
            "relative-type--1": "tuần trước",
            "relative-type-0": "tuần này",
            "relative-type-1": "tuần sau",
            "relativeTime-type-future": {
              "relativeTimePattern-count-other": "sau {0} tuần nữa"
            },
            "relativeTime-type-past": {
              "relativeTimePattern-count-other": "{0} tuần trước"
            },
            "relativePeriod": "tuần {0}"
          },
          "week-short": {
            "displayName": "Tuần",
            "relative-type--1": "tuần trước",
            "relative-type-0": "tuần này",
            "relative-type-1": "tuần sau",
            "relativeTime-type-future": {
              "relativeTimePattern-count-other": "sau {0} tuần nữa"
            },
            "relativeTime-type-past": {
              "relativeTimePattern-count-other": "{0} tuần trước"
            },
            "relativePeriod": "tuần {0}"
          },
          "week-narrow": {
            "displayName": "Tuần",
            "relative-type--1": "tuần trước",
            "relative-type-0": "tuần này",
            "relative-type-1": "tuần sau",
            "relativeTime-type-future": {
              "relativeTimePattern-count-other": "sau {0} tuần nữa"
            },
            "relativeTime-type-past": {
              "relativeTimePattern-count-other": "{0} tuần trước"
            },
            "relativePeriod": "tuần {0}"
          },
          "weekOfMonth": {
            "displayName": "tuần trong tháng"
          },
          "weekOfMonth-short": {
            "displayName": "tuần trong tháng"
          },
          "weekOfMonth-narrow": {
            "displayName": "tuần trong tháng"
          },
          "day": {
            "displayName": "Ngày",
            "relative-type--2": "Hôm kia",
            "relative-type--1": "Hôm qua",
            "relative-type-0": "Hôm nay",
            "relative-type-1": "Ngày mai",
            "relative-type-2": "Ngày kia",
            "relativeTime-type-future": {
              "relativeTimePattern-count-other": "sau {0} ngày nữa"
            },
            "relativeTime-type-past": {
              "relativeTimePattern-count-other": "{0} ngày trước"
            }
          },
          "day-short": {
            "displayName": "Ngày",
            "relative-type--2": "Hôm kia",
            "relative-type--1": "Hôm qua",
            "relative-type-0": "Hôm nay",
            "relative-type-1": "Ngày mai",
            "relative-type-2": "Ngày kia",
            "relativeTime-type-future": {
              "relativeTimePattern-count-other": "sau {0} ngày nữa"
            },
            "relativeTime-type-past": {
              "relativeTimePattern-count-other": "{0} ngày trước"
            }
          },
          "day-narrow": {
            "displayName": "Ngày",
            "relative-type--2": "Hôm kia",
            "relative-type--1": "Hôm qua",
            "relative-type-0": "Hôm nay",
            "relative-type-1": "Ngày mai",
            "relative-type-2": "Ngày kia",
            "relativeTime-type-future": {
              "relativeTimePattern-count-other": "sau {0} ngày nữa"
            },
            "relativeTime-type-past": {
              "relativeTimePattern-count-other": "{0} ngày trước"
            }
          },
          "dayOfYear": {
            "displayName": "ngày trong năm"
          },
          "dayOfYear-short": {
            "displayName": "ngày trong năm"
          },
          "dayOfYear-narrow": {
            "displayName": "ngày trong năm"
          },
          "weekday": {
            "displayName": "ngày trong tuần"
          },
          "weekday-short": {
            "displayName": "ngày trong tuần"
          },
          "weekday-narrow": {
            "displayName": "ngày trong tuần"
          },
          "weekdayOfMonth": {
            "displayName": "ngày thường trong tháng"
          },
          "weekdayOfMonth-short": {
            "displayName": "ngày thường trong tháng"
          },
          "weekdayOfMonth-narrow": {
            "displayName": "ngày thường trong tháng"
          },
          "sun": {
            "relative-type--1": "Chủ Nhật tuần trước",
            "relative-type-0": "Chủ Nhật tuần này",
            "relative-type-1": "Chủ Nhật tuần sau",
            "relativeTime-type-future": {
              "relativeTimePattern-count-other": "sau {0} Chủ Nhật nữa"
            },
            "relativeTime-type-past": {
              "relativeTimePattern-count-other": "{0} Chủ Nhật trước"
            }
          },
          "sun-short": {
            "relative-type--1": "Chủ Nhật tuần trước",
            "relative-type-0": "Chủ Nhật tuần này",
            "relative-type-1": "Chủ Nhật tuần sau",
            "relativeTime-type-future": {
              "relativeTimePattern-count-other": "sau {0} Chủ Nhật nữa"
            },
            "relativeTime-type-past": {
              "relativeTimePattern-count-other": "{0} Chủ Nhật trước"
            }
          },
          "sun-narrow": {
            "relative-type--1": "Chủ Nhật tuần trước",
            "relative-type-0": "Chủ Nhật tuần này",
            "relative-type-1": "Chủ Nhật tuần sau",
            "relativeTime-type-future": {
              "relativeTimePattern-count-other": "sau {0} Chủ Nhật nữa"
            },
            "relativeTime-type-past": {
              "relativeTimePattern-count-other": "{0} Chủ Nhật trước"
            }
          },
          "mon": {
            "relative-type--1": "Thứ Hai tuần trước",
            "relative-type-0": "Thứ Hai tuần này",
            "relative-type-1": "Thứ Hai tuần sau",
            "relativeTime-type-future": {
              "relativeTimePattern-count-other": "sau {0} Thứ Hai nữa"
            },
            "relativeTime-type-past": {
              "relativeTimePattern-count-other": "{0} Thứ Hai trước"
            }
          },
          "mon-short": {
            "relative-type--1": "Thứ Hai tuần trước",
            "relative-type-0": "Thứ Hai tuần này",
            "relative-type-1": "Thứ Hai tuần sau",
            "relativeTime-type-future": {
              "relativeTimePattern-count-other": "sau {0} Thứ Hai nữa"
            },
            "relativeTime-type-past": {
              "relativeTimePattern-count-other": "{0} Thứ Hai trước"
            }
          },
          "mon-narrow": {
            "relative-type--1": "Thứ Hai tuần trước",
            "relative-type-0": "Thứ Hai tuần này",
            "relative-type-1": "Thứ Hai tuần sau",
            "relativeTime-type-future": {
              "relativeTimePattern-count-other": "sau {0} Thứ Hai nữa"
            },
            "relativeTime-type-past": {
              "relativeTimePattern-count-other": "{0} Thứ Hai trước"
            }
          },
          "tue": {
            "relative-type--1": "Thứ Ba tuần trước",
            "relative-type-0": "Thứ Ba tuần này",
            "relative-type-1": "Thứ Ba tuần sau",
            "relativeTime-type-future": {
              "relativeTimePattern-count-other": "sau {0} Thứ Ba nữa"
            },
            "relativeTime-type-past": {
              "relativeTimePattern-count-other": "{0} Thứ Ba trước"
            }
          },
          "tue-short": {
            "relative-type--1": "Thứ Ba tuần trước",
            "relative-type-0": "Thứ Ba tuần này",
            "relative-type-1": "Thứ Ba tuần sau",
            "relativeTime-type-future": {
              "relativeTimePattern-count-other": "sau {0} Thứ Ba nữa"
            },
            "relativeTime-type-past": {
              "relativeTimePattern-count-other": "{0} Thứ Ba trước"
            }
          },
          "tue-narrow": {
            "relative-type--1": "Thứ Ba tuần trước",
            "relative-type-0": "Thứ Ba tuần này",
            "relative-type-1": "Thứ Ba tuần sau",
            "relativeTime-type-future": {
              "relativeTimePattern-count-other": "sau {0} Thứ Ba nữa"
            },
            "relativeTime-type-past": {
              "relativeTimePattern-count-other": "{0} Thứ Ba trước"
            }
          },
          "wed": {
            "relative-type--1": "Thứ Tư tuần trước",
            "relative-type-0": "Thứ Tư tuần này",
            "relative-type-1": "Thứ Tư tuần sau",
            "relativeTime-type-future": {
              "relativeTimePattern-count-other": "sau {0} Thứ Tư nữa"
            },
            "relativeTime-type-past": {
              "relativeTimePattern-count-other": "{0} Thứ Tư trước"
            }
          },
          "wed-short": {
            "relative-type--1": "Thứ Tư tuần trước",
            "relative-type-0": "Thứ Tư tuần này",
            "relative-type-1": "Thứ Tư tuần sau",
            "relativeTime-type-future": {
              "relativeTimePattern-count-other": "sau {0} Thứ Tư nữa"
            },
            "relativeTime-type-past": {
              "relativeTimePattern-count-other": "{0} Thứ Tư trước"
            }
          },
          "wed-narrow": {
            "relative-type--1": "Thứ Tư tuần trước",
            "relative-type-0": "Thứ Tư tuần này",
            "relative-type-1": "Thứ Tư tuần sau",
            "relativeTime-type-future": {
              "relativeTimePattern-count-other": "sau {0} Thứ Tư nữa"
            },
            "relativeTime-type-past": {
              "relativeTimePattern-count-other": "{0} Thứ Tư trước"
            }
          },
          "thu": {
            "relative-type--1": "Thứ Năm tuần trước",
            "relative-type-0": "Thứ Năm tuần này",
            "relative-type-1": "Thứ Năm tuần sau",
            "relativeTime-type-future": {
              "relativeTimePattern-count-other": "sau {0} Thứ Năm nữa"
            },
            "relativeTime-type-past": {
              "relativeTimePattern-count-other": "{0} Thứ Năm trước"
            }
          },
          "thu-short": {
            "relative-type--1": "Thứ Năm tuần trước",
            "relative-type-0": "Thứ Năm tuần này",
            "relative-type-1": "Thứ Năm tuần sau",
            "relativeTime-type-future": {
              "relativeTimePattern-count-other": "sau {0} Thứ Năm nữa"
            },
            "relativeTime-type-past": {
              "relativeTimePattern-count-other": "{0} Thứ Năm trước"
            }
          },
          "thu-narrow": {
            "relative-type--1": "Thứ Năm tuần trước",
            "relative-type-0": "Thứ Năm tuần này",
            "relative-type-1": "Thứ Năm tuần sau",
            "relativeTime-type-future": {
              "relativeTimePattern-count-other": "sau {0} Thứ Năm nữa"
            },
            "relativeTime-type-past": {
              "relativeTimePattern-count-other": "{0} Thứ Năm trước"
            }
          },
          "fri": {
            "relative-type--1": "Thứ Sáu tuần trước",
            "relative-type-0": "Thứ Sáu tuần này",
            "relative-type-1": "Thứ Sáu tuần sau",
            "relativeTime-type-future": {
              "relativeTimePattern-count-other": "sau {0} Thứ Sáu nữa"
            },
            "relativeTime-type-past": {
              "relativeTimePattern-count-other": "{0} Thứ Sáu trước"
            }
          },
          "fri-short": {
            "relative-type--1": "Thứ Sáu tuần trước",
            "relative-type-0": "Thứ Sáu tuần này",
            "relative-type-1": "Thứ Sáu tuần sau",
            "relativeTime-type-future": {
              "relativeTimePattern-count-other": "sau {0} Thứ Sáu nữa"
            },
            "relativeTime-type-past": {
              "relativeTimePattern-count-other": "{0} Thứ Sáu trước"
            }
          },
          "fri-narrow": {
            "relative-type--1": "Thứ Sáu tuần trước",
            "relative-type-0": "Thứ Sáu tuần này",
            "relative-type-1": "Thứ Sáu tuần sau",
            "relativeTime-type-future": {
              "relativeTimePattern-count-other": "sau {0} Thứ Sáu nữa"
            },
            "relativeTime-type-past": {
              "relativeTimePattern-count-other": "{0} Thứ Sáu trước"
            }
          },
          "sat": {
            "relative-type--1": "Thứ Bảy tuần trước",
            "relative-type-0": "Thứ Bảy tuần này",
            "relative-type-1": "Thứ Bảy tuần sau",
            "relativeTime-type-future": {
              "relativeTimePattern-count-other": "sau {0} Thứ Bảy nữa"
            },
            "relativeTime-type-past": {
              "relativeTimePattern-count-other": "{0} Thứ Bảy trước"
            }
          },
          "sat-short": {
            "relative-type--1": "Thứ Bảy tuần trước",
            "relative-type-0": "Thứ Bảy tuần này",
            "relative-type-1": "Thứ Bảy tuần sau",
            "relativeTime-type-future": {
              "relativeTimePattern-count-other": "sau {0} Thứ Bảy nữa"
            },
            "relativeTime-type-past": {
              "relativeTimePattern-count-other": "{0} Thứ Bảy trước"
            }
          },
          "sat-narrow": {
            "relative-type--1": "Thứ Bảy tuần trước",
            "relative-type-0": "Thứ Bảy tuần này",
            "relative-type-1": "Thứ Bảy tuần sau",
            "relativeTime-type-future": {
              "relativeTimePattern-count-other": "sau {0} Thứ Bảy nữa"
            },
            "relativeTime-type-past": {
              "relativeTimePattern-count-other": "{0} Thứ Bảy trước"
            }
          },
          "dayperiod-short": {
            "displayName": "SA/CH"
          },
          "dayperiod": {
            "displayName": "SA/CH"
          },
          "dayperiod-narrow": {
            "displayName": "SA/CH"
          },
          "hour": {
            "displayName": "Giờ",
            "relative-type-0": "giờ này",
            "relativeTime-type-future": {
              "relativeTimePattern-count-other": "sau {0} giờ nữa"
            },
            "relativeTime-type-past": {
              "relativeTimePattern-count-other": "{0} giờ trước"
            }
          },
          "hour-short": {
            "displayName": "Giờ",
            "relative-type-0": "giờ này",
            "relativeTime-type-future": {
              "relativeTimePattern-count-other": "sau {0} giờ nữa"
            },
            "relativeTime-type-past": {
              "relativeTimePattern-count-other": "{0} giờ trước"
            }
          },
          "hour-narrow": {
            "displayName": "Giờ",
            "relative-type-0": "giờ này",
            "relativeTime-type-future": {
              "relativeTimePattern-count-other": "sau {0} giờ nữa"
            },
            "relativeTime-type-past": {
              "relativeTimePattern-count-other": "{0} giờ trước"
            }
          },
          "minute": {
            "displayName": "Phút",
            "relative-type-0": "phút này",
            "relativeTime-type-future": {
              "relativeTimePattern-count-other": "sau {0} phút nữa"
            },
            "relativeTime-type-past": {
              "relativeTimePattern-count-other": "{0} phút trước"
            }
          },
          "minute-short": {
            "displayName": "Phút",
            "relative-type-0": "phút này",
            "relativeTime-type-future": {
              "relativeTimePattern-count-other": "sau {0} phút nữa"
            },
            "relativeTime-type-past": {
              "relativeTimePattern-count-other": "{0} phút trước"
            }
          },
          "minute-narrow": {
            "displayName": "Phút",
            "relative-type-0": "phút này",
            "relativeTime-type-future": {
              "relativeTimePattern-count-other": "sau {0} phút nữa"
            },
            "relativeTime-type-past": {
              "relativeTimePattern-count-other": "{0} phút trước"
            }
          },
          "second": {
            "displayName": "Giây",
            "relative-type-0": "bây giờ",
            "relativeTime-type-future": {
              "relativeTimePattern-count-other": "sau {0} giây nữa"
            },
            "relativeTime-type-past": {
              "relativeTimePattern-count-other": "{0} giây trước"
            }
          },
          "second-short": {
            "displayName": "Giây",
            "relative-type-0": "bây giờ",
            "relativeTime-type-future": {
              "relativeTimePattern-count-other": "sau {0} giây nữa"
            },
            "relativeTime-type-past": {
              "relativeTimePattern-count-other": "{0} giây trước"
            }
          },
          "second-narrow": {
            "displayName": "Giây",
            "relative-type-0": "bây giờ",
            "relativeTime-type-future": {
              "relativeTimePattern-count-other": "sau {0} giây nữa"
            },
            "relativeTime-type-past": {
              "relativeTimePattern-count-other": "{0} giây trước"
            }
          },
          "zone": {
            "displayName": "Múi giờ"
          },
          "zone-short": {
            "displayName": "Múi giờ"
          },
          "zone-narrow": {
            "displayName": "Múi giờ"
          }
        }
      }
    }
  }
}
